"","16-19","20-24","25-34","35-44","45-54","55-64","65+","value"
"1",1,0,0,0,0,0,0,14
"2",1,0,0,0,0,0,0,6
"3",1,0,0,0,0,0,0,20
"4",1,0,0,0,0,0,0,68
"5",1,0,0,0,0,0,0,10
"6",1,0,0,0,0,0,0,33
"7",1,0,0,0,0,0,0,14
"8",1,0,0,0,0,0,0,6
"9",1,0,0,0,0,0,0,3
"10",1,0,0,0,0,0,0,5
"11",1,0,0,0,0,0,0,10
"12",1,0,0,0,0,0,0,1
"13",1,0,0,0,0,0,0,20
"14",1,0,0,0,0,0,0,68
"15",1,0,0,0,0,0,0,13
"16",1,0,0,0,0,0,0,30
"17",1,0,0,0,0,0,0,9
"18",1,0,0,0,0,0,0,14
"19",1,0,0,0,0,0,0,14
"20",1,0,0,0,0,0,0,6
"21",1,0,0,0,0,0,0,1
"22",1,0,0,0,0,0,0,3
"23",1,0,0,0,0,0,0,4
"24",1,0,0,0,0,0,0,2
"25",1,0,0,0,0,0,0,5
"26",1,0,0,0,0,0,0,5
"27",1,0,0,0,0,0,0,5
"28",1,0,0,0,0,0,0,1
"29",1,0,0,0,0,0,0,10
"30",1,0,0,0,0,0,0,33
"31",1,0,0,0,0,0,0,1
"32",1,0,0,0,0,0,0,2
"33",1,0,0,0,0,0,0,2
"34",1,0,0,0,0,0,0,13
"35",1,0,0,0,0,0,0,3
"36",1,0,0,0,0,0,0,1
"37",1,0,0,0,0,0,0,21
"38",1,0,0,0,0,0,0,1
"39",1,0,0,0,0,0,0,20
"40",1,0,0,0,0,0,0,16
"41",1,0,0,0,0,0,0,4
"42",1,0,0,0,0,0,0,13
"43",1,0,0,0,0,0,0,3
"44",1,0,0,0,0,0,0,4
"45",1,0,0,0,0,0,0,6
"46",1,0,0,0,0,0,0,68
"47",1,0,0,0,0,0,0,13
"48",1,0,0,0,0,0,0,2
"49",1,0,0,0,0,0,0,14
"50",1,0,0,0,0,0,0,4
"51",1,0,0,0,0,0,0,2
"52",1,0,0,0,0,0,0,13
"53",1,0,0,0,0,0,0,5
"54",1,0,0,0,0,0,0,14
"55",1,0,0,0,0,0,0,9
"56",1,0,0,0,0,0,0,3
"57",1,0,0,0,0,0,0,4
"58",1,0,0,0,0,0,0,2
"59",1,0,0,0,0,0,0,1
"60",1,0,0,0,0,0,0,3
"61",1,0,0,0,0,0,0,7
"62",1,0,0,0,0,0,0,3
"63",1,0,0,0,0,0,0,8
"64",1,0,0,0,0,0,0,30
"65",1,0,0,0,0,0,0,8
"66",1,0,0,0,0,0,0,30
"67",1,0,0,0,0,0,0,2
"68",1,0,0,0,0,0,0,2
"69",1,0,0,0,0,0,0,15
"70",1,0,0,0,0,0,0,20
"71",1,0,0,0,0,0,0,1
"72",1,0,0,0,0,0,0,6
"73",1,0,0,0,0,0,0,5
"74",1,0,0,0,0,0,0,2
"75",1,0,0,0,0,0,0,4
"76",1,0,0,0,0,0,0,7
"77",1,0,0,0,0,0,0,7
"78",1,0,0,0,0,0,0,3
"79",1,0,0,0,0,0,0,5
"80",1,0,0,0,0,0,0,2
"81",1,0,0,0,0,0,0,4
"82",1,0,0,0,0,0,0,2
"83",1,0,0,0,0,0,0,3
"84",1,0,0,0,0,0,0,2
"85",1,0,0,0,0,0,0,1
"86",1,0,0,0,0,0,0,32
"87",1,0,0,0,0,0,0,3
"88",1,0,0,0,0,0,0,1
"89",1,0,0,0,0,0,0,21
"90",1,0,0,0,0,0,0,4
"91",1,0,0,0,0,0,0,7
"92",1,0,0,0,0,0,0,1
"93",1,0,0,0,0,0,0,4
"94",1,0,0,0,0,0,0,4
"95",1,0,0,0,0,0,0,3
"96",1,0,0,0,0,0,0,2
"97",1,0,0,0,0,0,0,14
"98",1,0,0,0,0,0,0,3
"99",1,0,0,0,0,0,0,3
"100",1,0,0,0,0,0,0,2
"101",1,0,0,0,0,0,0,14
"102",1,0,0,0,0,0,0,2
"103",1,0,0,0,0,0,0,5
"104",1,0,0,0,0,0,0,4
"105",1,0,0,0,0,0,0,3
"106",1,0,0,0,0,0,0,2
"107",1,0,0,0,0,0,0,4
"108",1,0,0,0,0,0,0,4
"109",1,0,0,0,0,0,0,4
"110",1,0,0,0,0,0,0,2
"111",1,0,0,0,0,0,0,3
"112",1,0,0,0,0,0,0,2
"113",1,0,0,0,0,0,0,2
"114",1,0,0,0,0,0,0,4
"115",1,0,0,0,0,0,0,2
"116",1,0,0,0,0,0,0,3
"117",1,0,0,0,0,0,0,2
"118",1,0,0,0,0,0,0,15
"119",1,0,0,0,0,0,0,5
"120",1,0,0,0,0,0,0,28
"121",1,0,0,0,0,0,0,2
"122",1,0,0,0,0,0,0,3
"123",1,0,0,0,0,0,0,3
"124",1,0,0,0,0,0,0,3
"125",1,0,0,0,0,0,0,2
"126",1,0,0,0,0,0,0,2
"127",1,0,0,0,0,0,0,13
"128",1,0,0,0,0,0,0,4
"129",1,0,0,0,0,0,0,3
"130",1,0,0,0,0,0,0,4
"131",1,0,0,0,0,0,0,3
"132",1,0,0,0,0,0,0,14
"133",1,0,0,0,0,0,0,4
"134",1,0,0,0,0,0,0,6
"135",1,0,0,0,0,0,0,6
"136",1,0,0,0,0,0,0,2
"137",1,0,0,0,0,0,0,1
"138",1,0,0,0,0,0,0,2
"139",1,0,0,0,0,0,0,2
"140",1,0,0,0,0,0,0,2
"141",1,0,0,0,0,0,0,4
"142",1,0,0,0,0,0,0,2
"143",1,0,0,0,0,0,0,4
"144",1,0,0,0,0,0,0,2
"145",1,0,0,0,0,0,0,6
"146",1,0,0,0,0,0,0,3
"147",1,0,0,0,0,0,0,2
"148",1,0,0,0,0,0,0,2
"149",1,0,0,0,0,0,0,3
"150",1,0,0,0,0,0,0,5
"151",1,0,0,0,0,0,0,7
"152",1,0,0,0,0,0,0,5
"153",1,0,0,0,0,0,0,14
"154",1,0,0,0,0,0,0,5
"155",1,0,0,0,0,0,0,5
"156",1,0,0,0,0,0,0,2
"157",1,0,0,0,0,0,0,3
"158",1,0,0,0,0,0,0,2
"159",1,0,0,0,0,0,0,1
"160",1,0,0,0,0,0,0,1
"161",1,0,0,0,0,0,0,3
"162",1,0,0,0,0,0,0,12
"163",1,0,0,0,0,0,0,2
"164",1,0,0,0,0,0,0,1
"165",1,0,0,0,0,0,0,2
"166",1,0,0,0,0,0,0,4
"167",1,0,0,0,0,0,0,3
"168",1,0,0,0,0,0,0,24
"169",1,0,0,0,0,0,0,2
"170",1,0,0,0,0,0,0,1
"171",1,0,0,0,0,0,0,4
"172",1,0,0,0,0,0,0,4
"173",1,0,0,0,0,0,0,3
"174",1,0,0,0,0,0,0,8
"175",1,0,0,0,0,0,0,11
"176",1,0,0,0,0,0,0,20
"177",1,0,0,0,0,0,0,4
"178",1,0,0,0,0,0,0,14
"179",1,0,0,0,0,0,0,2
"180",1,0,0,0,0,0,0,3
"181",1,0,0,0,0,0,0,3
"182",1,0,0,0,0,0,0,4
"183",1,0,0,0,0,0,0,5
"184",1,0,0,0,0,0,0,3
"185",1,0,0,0,0,0,0,3
"186",1,0,0,0,0,0,0,3
"187",1,0,0,0,0,0,0,3
"188",1,0,0,0,0,0,0,4
"189",1,0,0,0,0,0,0,3
"190",1,0,0,0,0,0,0,3
"191",1,0,0,0,0,0,0,2
"192",1,0,0,0,0,0,0,5
"193",1,0,0,0,0,0,0,2
"194",1,0,0,0,0,0,0,2
"195",1,0,0,0,0,0,0,4
"196",1,0,0,0,0,0,0,2
"197",1,0,0,0,0,0,0,15
"198",1,0,0,0,0,0,0,5
"199",1,0,0,0,0,0,0,5
"200",1,0,0,0,0,0,0,4
"201",1,0,0,0,0,0,0,20
"202",1,0,0,0,0,0,0,5
"203",1,0,0,0,0,0,0,1
"204",1,0,0,0,0,0,0,2
"205",1,0,0,0,0,0,0,4
"206",1,0,0,0,0,0,0,2
"207",1,0,0,0,0,0,0,6
"208",1,0,0,0,0,0,0,5
"209",1,0,0,0,0,0,0,2
"210",1,0,0,0,0,0,0,1
"211",1,0,0,0,0,0,0,2
"212",1,0,0,0,0,0,0,5
"213",1,0,0,0,0,0,0,6
"214",1,0,0,0,0,0,0,1
"215",1,0,0,0,0,0,0,5
"216",1,0,0,0,0,0,0,15
"217",1,0,0,0,0,0,0,3
"218",1,0,0,0,0,0,0,3
"219",1,0,0,0,0,0,0,11
"220",1,0,0,0,0,0,0,3
"221",1,0,0,0,0,0,0,5
"222",1,0,0,0,0,0,0,5
"223",1,0,0,0,0,0,0,3
"224",1,0,0,0,0,0,0,6
"225",1,0,0,0,0,0,0,2
"226",1,0,0,0,0,0,0,3
"227",1,0,0,0,0,0,0,3
"228",1,0,0,0,0,0,0,7
"229",1,0,0,0,0,0,0,6
"230",1,0,0,0,0,0,0,5
"231",1,0,0,0,0,0,0,4
"232",1,0,0,0,0,0,0,3
"233",1,0,0,0,0,0,0,2
"234",1,0,0,0,0,0,0,2
"235",1,0,0,0,0,0,0,2
"236",1,0,0,0,0,0,0,3
"237",1,0,0,0,0,0,0,2
"238",1,0,0,0,0,0,0,2
"239",1,0,0,0,0,0,0,7
"240",1,0,0,0,0,0,0,5
"241",1,0,0,0,0,0,0,2
"242",1,0,0,0,0,0,0,9
"243",1,0,0,0,0,0,0,10
"244",1,0,0,0,0,0,0,7
"245",1,0,0,0,0,0,0,8
"246",1,0,0,0,0,0,0,8
"247",1,0,0,0,0,0,0,10
"248",1,0,0,0,0,0,0,2
"249",1,0,0,0,0,0,0,1
"250",1,0,0,0,0,0,0,1
"251",1,0,0,0,0,0,0,4
"252",1,0,0,0,0,0,0,4
"253",1,0,0,0,0,0,0,3
"254",1,0,0,0,0,0,0,2
"255",1,0,0,0,0,0,0,3
"256",1,0,0,0,0,0,0,2
"257",1,0,0,0,0,0,0,4
"258",1,0,0,0,0,0,0,3
"259",1,0,0,0,0,0,0,3
"260",1,0,0,0,0,0,0,1
"261",1,0,0,0,0,0,0,1
"262",1,0,0,0,0,0,0,3
"263",1,0,0,0,0,0,0,6
"264",1,0,0,0,0,0,0,2
"265",1,0,0,0,0,0,0,3
"266",1,0,0,0,0,0,0,3
"267",1,0,0,0,0,0,0,3
"268",1,0,0,0,0,0,0,3
"269",1,0,0,0,0,0,0,4
"270",1,0,0,0,0,0,0,5
"271",1,0,0,0,0,0,0,4
"272",1,0,0,0,0,0,0,2
"273",1,0,0,0,0,0,0,2
"274",1,0,0,0,0,0,0,2
"275",1,0,0,0,0,0,0,7
"276",1,0,0,0,0,0,0,3
"277",1,0,0,0,0,0,0,3
"278",1,0,0,0,0,0,0,4
"279",1,0,0,0,0,0,0,1
"280",1,0,0,0,0,0,0,5
"281",1,0,0,0,0,0,0,3
"282",1,0,0,0,0,0,0,2
"283",1,0,0,0,0,0,0,8
"284",1,0,0,0,0,0,0,2
"285",1,0,0,0,0,0,0,4
"286",1,0,0,0,0,0,0,1
"287",0,1,0,0,0,0,0,2
"288",0,1,0,0,0,0,0,4
"289",0,1,0,0,0,0,0,2
"290",0,1,0,0,0,0,0,6
"291",0,1,0,0,0,0,0,3
"292",0,1,0,0,0,0,0,6
"293",0,1,0,0,0,0,0,4
"294",0,1,0,0,0,0,0,2
"295",0,1,0,0,0,0,0,4
"296",0,1,0,0,0,0,0,7
"297",0,1,0,0,0,0,0,1
"298",0,1,0,0,0,0,0,82
"299",0,1,0,0,0,0,0,11
"300",0,1,0,0,0,0,0,1
"301",0,1,0,0,0,0,0,3
"302",0,1,0,0,0,0,0,5
"303",0,1,0,0,0,0,0,6
"304",0,1,0,0,0,0,0,2
"305",0,1,0,0,0,0,0,24
"306",0,1,0,0,0,0,0,6
"307",0,1,0,0,0,0,0,3
"308",0,1,0,0,0,0,0,4
"309",0,1,0,0,0,0,0,5
"310",0,1,0,0,0,0,0,5
"311",0,1,0,0,0,0,0,9
"312",0,1,0,0,0,0,0,2
"313",0,1,0,0,0,0,0,2
"314",0,1,0,0,0,0,0,2
"315",0,1,0,0,0,0,0,4
"316",0,1,0,0,0,0,0,2
"317",0,1,0,0,0,0,0,6
"318",0,1,0,0,0,0,0,3
"319",0,1,0,0,0,0,0,6
"320",0,1,0,0,0,0,0,4
"321",0,1,0,0,0,0,0,2
"322",0,1,0,0,0,0,0,2
"323",0,1,0,0,0,0,0,6
"324",0,1,0,0,0,0,0,2
"325",0,1,0,0,0,0,0,2
"326",0,1,0,0,0,0,0,13
"327",0,1,0,0,0,0,0,4
"328",0,1,0,0,0,0,0,4
"329",0,1,0,0,0,0,0,3
"330",0,1,0,0,0,0,0,1
"331",0,1,0,0,0,0,0,8
"332",0,1,0,0,0,0,0,2
"333",0,1,0,0,0,0,0,3
"334",0,1,0,0,0,0,0,4
"335",0,1,0,0,0,0,0,5
"336",0,1,0,0,0,0,0,5
"337",0,1,0,0,0,0,0,4
"338",0,1,0,0,0,0,0,3
"339",0,1,0,0,0,0,0,3
"340",0,1,0,0,0,0,0,5
"341",0,1,0,0,0,0,0,14
"342",0,1,0,0,0,0,0,13
"343",0,1,0,0,0,0,0,13
"344",0,1,0,0,0,0,0,14
"345",0,1,0,0,0,0,0,6
"346",0,1,0,0,0,0,0,82
"347",0,1,0,0,0,0,0,11
"348",0,1,0,0,0,0,0,1
"349",0,1,0,0,0,0,0,3
"350",0,1,0,0,0,0,0,5
"351",0,1,0,0,0,0,0,2
"352",0,1,0,0,0,0,0,6
"353",0,1,0,0,0,0,0,2
"354",0,1,0,0,0,0,0,24
"355",0,1,0,0,0,0,0,5
"356",0,1,0,0,0,0,0,3
"357",0,1,0,0,0,0,0,2
"358",0,1,0,0,0,0,0,3
"359",0,1,0,0,0,0,0,4
"360",0,1,0,0,0,0,0,3
"361",0,1,0,0,0,0,0,1
"362",0,1,0,0,0,0,0,7
"363",0,1,0,0,0,0,0,2
"364",0,1,0,0,0,0,0,4
"365",0,1,0,0,0,0,0,2
"366",0,1,0,0,0,0,0,4
"367",0,1,0,0,0,0,0,16
"368",0,1,0,0,0,0,0,10
"369",0,1,0,0,0,0,0,6
"370",0,1,0,0,0,0,0,4
"371",0,1,0,0,0,0,0,23
"372",0,1,0,0,0,0,0,6
"373",0,1,0,0,0,0,0,12
"374",0,1,0,0,0,0,0,6
"375",0,1,0,0,0,0,0,4
"376",0,1,0,0,0,0,0,6
"377",0,1,0,0,0,0,0,2
"378",0,1,0,0,0,0,0,2
"379",0,1,0,0,0,0,0,6
"380",0,1,0,0,0,0,0,3
"381",0,1,0,0,0,0,0,3
"382",0,1,0,0,0,0,0,10
"383",0,1,0,0,0,0,0,8
"384",0,1,0,0,0,0,0,7
"385",0,1,0,0,0,0,0,9
"386",0,1,0,0,0,0,0,3
"387",0,1,0,0,0,0,0,1
"388",0,1,0,0,0,0,0,2
"389",0,1,0,0,0,0,0,2
"390",0,1,0,0,0,0,0,25
"391",0,1,0,0,0,0,0,2
"392",0,1,0,0,0,0,0,2
"393",0,1,0,0,0,0,0,8
"394",0,1,0,0,0,0,0,2
"395",0,1,0,0,0,0,0,13
"396",0,1,0,0,0,0,0,7
"397",0,1,0,0,0,0,0,3
"398",0,1,0,0,0,0,0,3
"399",0,1,0,0,0,0,0,9
"400",0,1,0,0,0,0,0,2
"401",0,1,0,0,0,0,0,4
"402",0,1,0,0,0,0,0,3
"403",0,1,0,0,0,0,0,3
"404",0,1,0,0,0,0,0,3
"405",0,1,0,0,0,0,0,3
"406",0,1,0,0,0,0,0,2
"407",0,1,0,0,0,0,0,6
"408",0,1,0,0,0,0,0,11
"409",0,1,0,0,0,0,0,5
"410",0,1,0,0,0,0,0,2
"411",0,1,0,0,0,0,0,7
"412",0,1,0,0,0,0,0,1
"413",0,1,0,0,0,0,0,8
"414",0,1,0,0,0,0,0,3
"415",0,1,0,0,0,0,0,6
"416",0,1,0,0,0,0,0,4
"417",0,1,0,0,0,0,0,3
"418",0,1,0,0,0,0,0,4
"419",0,1,0,0,0,0,0,5
"420",0,1,0,0,0,0,0,5
"421",0,1,0,0,0,0,0,6
"422",0,1,0,0,0,0,0,4
"423",0,1,0,0,0,0,0,3
"424",0,1,0,0,0,0,0,10
"425",0,1,0,0,0,0,0,3
"426",0,1,0,0,0,0,0,5
"427",0,1,0,0,0,0,0,25
"428",0,1,0,0,0,0,0,12
"429",0,1,0,0,0,0,0,6
"430",0,1,0,0,0,0,0,14
"431",0,1,0,0,0,0,0,4
"432",0,1,0,0,0,0,0,3
"433",0,1,0,0,0,0,0,6
"434",0,1,0,0,0,0,0,2
"435",0,1,0,0,0,0,0,27
"436",0,1,0,0,0,0,0,9
"437",0,1,0,0,0,0,0,8
"438",0,1,0,0,0,0,0,9
"439",0,1,0,0,0,0,0,2
"440",0,1,0,0,0,0,0,3
"441",0,1,0,0,0,0,0,6
"442",0,1,0,0,0,0,0,7
"443",0,1,0,0,0,0,0,3
"444",0,1,0,0,0,0,0,5
"445",0,1,0,0,0,0,0,41
"446",0,1,0,0,0,0,0,14
"447",0,1,0,0,0,0,0,13
"448",0,1,0,0,0,0,0,13
"449",0,1,0,0,0,0,0,14
"450",0,1,0,0,0,0,0,6
"451",0,1,0,0,0,0,0,32
"452",0,1,0,0,0,0,0,1
"453",0,1,0,0,0,0,0,3
"454",0,1,0,0,0,0,0,82
"455",0,1,0,0,0,0,0,11
"456",0,1,0,0,0,0,0,1
"457",0,1,0,0,0,0,0,2
"458",0,1,0,0,0,0,0,5
"459",0,1,0,0,0,0,0,2
"460",0,1,0,0,0,0,0,2
"461",0,1,0,0,0,0,0,4
"462",0,1,0,0,0,0,0,4
"463",0,1,0,0,0,0,0,6
"464",0,1,0,0,0,0,0,4
"465",0,1,0,0,0,0,0,3
"466",0,1,0,0,0,0,0,2
"467",0,1,0,0,0,0,0,2
"468",0,1,0,0,0,0,0,8
"469",0,1,0,0,0,0,0,1
"470",0,1,0,0,0,0,0,10
"471",0,1,0,0,0,0,0,10
"472",0,1,0,0,0,0,0,3
"473",0,1,0,0,0,0,0,7
"474",0,1,0,0,0,0,0,7
"475",0,1,0,0,0,0,0,10
"476",0,1,0,0,0,0,0,2
"477",0,1,0,0,0,0,0,1
"478",0,1,0,0,0,0,0,24
"479",0,1,0,0,0,0,0,3
"480",0,1,0,0,0,0,0,5
"481",0,1,0,0,0,0,0,2
"482",0,1,0,0,0,0,0,2
"483",0,1,0,0,0,0,0,3
"484",0,1,0,0,0,0,0,4
"485",0,1,0,0,0,0,0,3
"486",0,1,0,0,0,0,0,8
"487",0,1,0,0,0,0,0,30
"488",0,1,0,0,0,0,0,3
"489",0,1,0,0,0,0,0,21
"490",0,1,0,0,0,0,0,5
"491",0,1,0,0,0,0,0,4
"492",0,1,0,0,0,0,0,2
"493",0,1,0,0,0,0,0,13
"494",0,1,0,0,0,0,0,3
"495",0,1,0,0,0,0,0,3
"496",0,1,0,0,0,0,0,5
"497",0,1,0,0,0,0,0,5
"498",0,1,0,0,0,0,0,5
"499",0,1,0,0,0,0,0,2
"500",0,1,0,0,0,0,0,9
"501",0,1,0,0,0,0,0,4
"502",0,1,0,0,0,0,0,2
"503",0,1,0,0,0,0,0,18
"504",0,1,0,0,0,0,0,3
"505",0,1,0,0,0,0,0,7
"506",0,1,0,0,0,0,0,2
"507",0,1,0,0,0,0,0,3
"508",0,1,0,0,0,0,0,2
"509",0,1,0,0,0,0,0,4
"510",0,1,0,0,0,0,0,2
"511",0,1,0,0,0,0,0,4
"512",0,1,0,0,0,0,0,4
"513",0,1,0,0,0,0,0,2
"514",0,1,0,0,0,0,0,43
"515",0,1,0,0,0,0,0,5
"516",0,1,0,0,0,0,0,7
"517",0,1,0,0,0,0,0,2
"518",0,1,0,0,0,0,0,3
"519",0,1,0,0,0,0,0,2
"520",0,1,0,0,0,0,0,30
"521",0,1,0,0,0,0,0,5
"522",0,1,0,0,0,0,0,14
"523",0,1,0,0,0,0,0,28
"524",0,1,0,0,0,0,0,5
"525",0,1,0,0,0,0,0,7
"526",0,1,0,0,0,0,0,10
"527",0,1,0,0,0,0,0,2
"528",0,1,0,0,0,0,0,1
"529",0,1,0,0,0,0,0,15
"530",0,1,0,0,0,0,0,7
"531",0,1,0,0,0,0,0,2
"532",0,1,0,0,0,0,0,8
"533",0,1,0,0,0,0,0,3
"534",0,1,0,0,0,0,0,34
"535",0,1,0,0,0,0,0,6
"536",0,1,0,0,0,0,0,4
"537",0,1,0,0,0,0,0,3
"538",0,1,0,0,0,0,0,1
"539",0,1,0,0,0,0,0,10
"540",0,1,0,0,0,0,0,1
"541",0,1,0,0,0,0,0,3
"542",0,1,0,0,0,0,0,5
"543",0,1,0,0,0,0,0,2
"544",0,1,0,0,0,0,0,5
"545",0,1,0,0,0,0,0,11
"546",0,1,0,0,0,0,0,7
"547",0,1,0,0,0,0,0,35
"548",0,1,0,0,0,0,0,3
"549",0,1,0,0,0,0,0,2
"550",0,1,0,0,0,0,0,2
"551",0,1,0,0,0,0,0,8
"552",0,1,0,0,0,0,0,7
"553",0,1,0,0,0,0,0,1
"554",0,1,0,0,0,0,0,3
"555",0,1,0,0,0,0,0,11
"556",0,1,0,0,0,0,0,5
"557",0,1,0,0,0,0,0,8
"558",0,1,0,0,0,0,0,5
"559",0,1,0,0,0,0,0,34
"560",0,1,0,0,0,0,0,3
"561",0,1,0,0,0,0,0,3
"562",0,1,0,0,0,0,0,3
"563",0,1,0,0,0,0,0,2
"564",0,1,0,0,0,0,0,3
"565",0,1,0,0,0,0,0,5
"566",0,1,0,0,0,0,0,3
"567",0,1,0,0,0,0,0,6
"568",0,1,0,0,0,0,0,2
"569",0,1,0,0,0,0,0,5
"570",0,1,0,0,0,0,0,2
"571",0,1,0,0,0,0,0,2
"572",0,1,0,0,0,0,0,6
"573",0,1,0,0,0,0,0,4
"574",0,1,0,0,0,0,0,10
"575",0,1,0,0,0,0,0,1
"576",0,1,0,0,0,0,0,1
"577",0,1,0,0,0,0,0,8
"578",0,1,0,0,0,0,0,7
"579",0,1,0,0,0,0,0,3
"580",0,1,0,0,0,0,0,5
"581",0,1,0,0,0,0,0,14
"582",0,1,0,0,0,0,0,3
"583",0,1,0,0,0,0,0,12
"584",0,1,0,0,0,0,0,2
"585",0,1,0,0,0,0,0,2
"586",0,1,0,0,0,0,0,4
"587",0,1,0,0,0,0,0,4
"588",0,1,0,0,0,0,0,10
"589",0,1,0,0,0,0,0,3
"590",0,1,0,0,0,0,0,3
"591",0,1,0,0,0,0,0,7
"592",0,1,0,0,0,0,0,4
"593",0,1,0,0,0,0,0,3
"594",0,1,0,0,0,0,0,12
"595",0,1,0,0,0,0,0,3
"596",0,1,0,0,0,0,0,4
"597",0,1,0,0,0,0,0,4
"598",0,1,0,0,0,0,0,7
"599",0,1,0,0,0,0,0,10
"600",0,1,0,0,0,0,0,7
"601",0,1,0,0,0,0,0,5
"602",0,1,0,0,0,0,0,3
"603",0,1,0,0,0,0,0,3
"604",0,1,0,0,0,0,0,2
"605",0,1,0,0,0,0,0,5
"606",0,1,0,0,0,0,0,3
"607",0,1,0,0,0,0,0,7
"608",0,1,0,0,0,0,0,4
"609",0,1,0,0,0,0,0,2
"610",0,1,0,0,0,0,0,2
"611",0,1,0,0,0,0,0,8
"612",0,1,0,0,0,0,0,7
"613",0,1,0,0,0,0,0,3
"614",0,1,0,0,0,0,0,2
"615",0,1,0,0,0,0,0,2
"616",0,1,0,0,0,0,0,1
"617",0,1,0,0,0,0,0,3
"618",0,1,0,0,0,0,0,3
"619",0,1,0,0,0,0,0,2
"620",0,1,0,0,0,0,0,4
"621",0,1,0,0,0,0,0,4
"622",0,1,0,0,0,0,0,5
"623",0,1,0,0,0,0,0,5
"624",0,1,0,0,0,0,0,7
"625",0,1,0,0,0,0,0,5
"626",0,1,0,0,0,0,0,11
"627",0,1,0,0,0,0,0,2
"628",0,1,0,0,0,0,0,11
"629",0,1,0,0,0,0,0,5
"630",0,1,0,0,0,0,0,4
"631",0,1,0,0,0,0,0,3
"632",0,1,0,0,0,0,0,7
"633",0,1,0,0,0,0,0,2
"634",0,1,0,0,0,0,0,8
"635",0,1,0,0,0,0,0,2
"636",0,1,0,0,0,0,0,4
"637",0,1,0,0,0,0,0,8
"638",0,1,0,0,0,0,0,4
"639",0,1,0,0,0,0,0,2
"640",0,1,0,0,0,0,0,2
"641",0,1,0,0,0,0,0,4
"642",0,1,0,0,0,0,0,3
"643",0,1,0,0,0,0,0,9
"644",0,1,0,0,0,0,0,7
"645",0,1,0,0,0,0,0,1
"646",0,1,0,0,0,0,0,3
"647",0,1,0,0,0,0,0,16
"648",0,1,0,0,0,0,0,7
"649",0,1,0,0,0,0,0,4
"650",0,1,0,0,0,0,0,14
"651",0,1,0,0,0,0,0,4
"652",0,1,0,0,0,0,0,4
"653",0,1,0,0,0,0,0,15
"654",0,1,0,0,0,0,0,34
"655",0,1,0,0,0,0,0,3
"656",0,1,0,0,0,0,0,7
"657",0,1,0,0,0,0,0,3
"658",0,1,0,0,0,0,0,2
"659",0,1,0,0,0,0,0,5
"660",0,1,0,0,0,0,0,3
"661",0,1,0,0,0,0,0,6
"662",0,1,0,0,0,0,0,7
"663",0,1,0,0,0,0,0,6
"664",0,1,0,0,0,0,0,3
"665",0,1,0,0,0,0,0,3
"666",0,1,0,0,0,0,0,9
"667",0,1,0,0,0,0,0,6
"668",0,1,0,0,0,0,0,4
"669",0,1,0,0,0,0,0,6
"670",0,1,0,0,0,0,0,3
"671",0,1,0,0,0,0,0,3
"672",0,1,0,0,0,0,0,3
"673",0,1,0,0,0,0,0,2
"674",0,1,0,0,0,0,0,2
"675",0,1,0,0,0,0,0,10
"676",0,1,0,0,0,0,0,4
"677",0,1,0,0,0,0,0,3
"678",0,1,0,0,0,0,0,2
"679",0,1,0,0,0,0,0,5
"680",0,1,0,0,0,0,0,7
"681",0,1,0,0,0,0,0,2
"682",0,1,0,0,0,0,0,2
"683",0,1,0,0,0,0,0,7
"684",0,1,0,0,0,0,0,2
"685",0,1,0,0,0,0,0,2
"686",0,1,0,0,0,0,0,2
"687",0,1,0,0,0,0,0,10
"688",0,1,0,0,0,0,0,1
"689",0,1,0,0,0,0,0,3
"690",0,1,0,0,0,0,0,10
"691",0,1,0,0,0,0,0,2
"692",0,1,0,0,0,0,0,1
"693",0,1,0,0,0,0,0,2
"694",0,1,0,0,0,0,0,4
"695",0,1,0,0,0,0,0,1
"696",0,1,0,0,0,0,0,2
"697",0,1,0,0,0,0,0,1
"698",0,1,0,0,0,0,0,8
"699",0,1,0,0,0,0,0,5
"700",0,1,0,0,0,0,0,5
"701",0,1,0,0,0,0,0,6
"702",0,1,0,0,0,0,0,4
"703",0,1,0,0,0,0,0,7
"704",0,1,0,0,0,0,0,4
"705",0,1,0,0,0,0,0,3
"706",0,1,0,0,0,0,0,15
"707",0,1,0,0,0,0,0,5
"708",0,1,0,0,0,0,0,2
"709",0,1,0,0,0,0,0,4
"710",0,1,0,0,0,0,0,3
"711",0,1,0,0,0,0,0,3
"712",0,1,0,0,0,0,0,6
"713",0,1,0,0,0,0,0,2
"714",0,1,0,0,0,0,0,2
"715",0,1,0,0,0,0,0,3
"716",0,1,0,0,0,0,0,4
"717",0,1,0,0,0,0,0,3
"718",0,1,0,0,0,0,0,5
"719",0,1,0,0,0,0,0,16
"720",0,1,0,0,0,0,0,3
"721",0,1,0,0,0,0,0,2
"722",0,1,0,0,0,0,0,4
"723",0,1,0,0,0,0,0,5
"724",0,1,0,0,0,0,0,20
"725",0,1,0,0,0,0,0,7
"726",0,1,0,0,0,0,0,5
"727",0,1,0,0,0,0,0,4
"728",0,1,0,0,0,0,0,7
"729",0,1,0,0,0,0,0,3
"730",0,1,0,0,0,0,0,3
"731",0,1,0,0,0,0,0,5
"732",0,1,0,0,0,0,0,28
"733",0,1,0,0,0,0,0,8
"734",0,1,0,0,0,0,0,6
"735",0,1,0,0,0,0,0,10
"736",0,1,0,0,0,0,0,6
"737",0,1,0,0,0,0,0,3
"738",0,1,0,0,0,0,0,2
"739",0,1,0,0,0,0,0,10
"740",0,1,0,0,0,0,0,3
"741",0,1,0,0,0,0,0,2
"742",0,1,0,0,0,0,0,3
"743",0,1,0,0,0,0,0,3
"744",0,1,0,0,0,0,0,5
"745",0,1,0,0,0,0,0,2
"746",0,1,0,0,0,0,0,3
"747",0,1,0,0,0,0,0,6
"748",0,1,0,0,0,0,0,3
"749",0,1,0,0,0,0,0,4
"750",0,1,0,0,0,0,0,3
"751",0,1,0,0,0,0,0,5
"752",0,1,0,0,0,0,0,1
"753",0,1,0,0,0,0,0,5
"754",0,1,0,0,0,0,0,1
"755",0,1,0,0,0,0,0,14
"756",0,1,0,0,0,0,0,4
"757",0,1,0,0,0,0,0,8
"758",0,1,0,0,0,0,0,3
"759",0,1,0,0,0,0,0,7
"760",0,1,0,0,0,0,0,17
"761",0,1,0,0,0,0,0,3
"762",0,1,0,0,0,0,0,3
"763",0,1,0,0,0,0,0,2
"764",0,1,0,0,0,0,0,2
"765",0,1,0,0,0,0,0,4
"766",0,1,0,0,0,0,0,2
"767",0,1,0,0,0,0,0,2
"768",0,1,0,0,0,0,0,2
"769",0,1,0,0,0,0,0,5
"770",0,1,0,0,0,0,0,2
"771",0,1,0,0,0,0,0,16
"772",0,1,0,0,0,0,0,7
"773",0,1,0,0,0,0,0,9
"774",0,1,0,0,0,0,0,4
"775",0,1,0,0,0,0,0,5
"776",0,1,0,0,0,0,0,7
"777",0,0,1,0,0,0,0,3
"778",0,0,1,0,0,0,0,6
"779",0,0,1,0,0,0,0,15
"780",0,0,1,0,0,0,0,15
"781",0,0,1,0,0,0,0,3
"782",0,0,1,0,0,0,0,2
"783",0,0,1,0,0,0,0,2
"784",0,0,1,0,0,0,0,3
"785",0,0,1,0,0,0,0,2
"786",0,0,1,0,0,0,0,6
"787",0,0,1,0,0,0,0,6
"788",0,0,1,0,0,0,0,3
"789",0,0,1,0,0,0,0,6
"790",0,0,1,0,0,0,0,1
"791",0,0,1,0,0,0,0,3
"792",0,0,1,0,0,0,0,3
"793",0,0,1,0,0,0,0,12
"794",0,0,1,0,0,0,0,2
"795",0,0,1,0,0,0,0,6
"796",0,0,1,0,0,0,0,14
"797",0,0,1,0,0,0,0,5
"798",0,0,1,0,0,0,0,18
"799",0,0,1,0,0,0,0,3
"800",0,0,1,0,0,0,0,5
"801",0,0,1,0,0,0,0,7
"802",0,0,1,0,0,0,0,6
"803",0,0,1,0,0,0,0,7
"804",0,0,1,0,0,0,0,10
"805",0,0,1,0,0,0,0,10
"806",0,0,1,0,0,0,0,2
"807",0,0,1,0,0,0,0,8
"808",0,0,1,0,0,0,0,6
"809",0,0,1,0,0,0,0,42
"810",0,0,1,0,0,0,0,23
"811",0,0,1,0,0,0,0,3
"812",0,0,1,0,0,0,0,6
"813",0,0,1,0,0,0,0,14
"814",0,0,1,0,0,0,0,15
"815",0,0,1,0,0,0,0,6
"816",0,0,1,0,0,0,0,5
"817",0,0,1,0,0,0,0,3
"818",0,0,1,0,0,0,0,3
"819",0,0,1,0,0,0,0,3
"820",0,0,1,0,0,0,0,4
"821",0,0,1,0,0,0,0,2
"822",0,0,1,0,0,0,0,3
"823",0,0,1,0,0,0,0,4
"824",0,0,1,0,0,0,0,2
"825",0,0,1,0,0,0,0,3
"826",0,0,1,0,0,0,0,2
"827",0,0,1,0,0,0,0,2
"828",0,0,1,0,0,0,0,10
"829",0,0,1,0,0,0,0,3
"830",0,0,1,0,0,0,0,10
"831",0,0,1,0,0,0,0,6
"832",0,0,1,0,0,0,0,1
"833",0,0,1,0,0,0,0,11
"834",0,0,1,0,0,0,0,10
"835",0,0,1,0,0,0,0,2
"836",0,0,1,0,0,0,0,7
"837",0,0,1,0,0,0,0,7
"838",0,0,1,0,0,0,0,6
"839",0,0,1,0,0,0,0,6
"840",0,0,1,0,0,0,0,8
"841",0,0,1,0,0,0,0,3
"842",0,0,1,0,0,0,0,3
"843",0,0,1,0,0,0,0,2
"844",0,0,1,0,0,0,0,12
"845",0,0,1,0,0,0,0,29
"846",0,0,1,0,0,0,0,8
"847",0,0,1,0,0,0,0,7
"848",0,0,1,0,0,0,0,6
"849",0,0,1,0,0,0,0,7
"850",0,0,1,0,0,0,0,1
"851",0,0,1,0,0,0,0,3
"852",0,0,1,0,0,0,0,3
"853",0,0,1,0,0,0,0,12
"854",0,0,1,0,0,0,0,2
"855",0,0,1,0,0,0,0,8
"856",0,0,1,0,0,0,0,3
"857",0,0,1,0,0,0,0,6
"858",0,0,1,0,0,0,0,14
"859",0,0,1,0,0,0,0,5
"860",0,0,1,0,0,0,0,18
"861",0,0,1,0,0,0,0,11
"862",0,0,1,0,0,0,0,38
"863",0,0,1,0,0,0,0,3
"864",0,0,1,0,0,0,0,5
"865",0,0,1,0,0,0,0,4
"866",0,0,1,0,0,0,0,6
"867",0,0,1,0,0,0,0,5
"868",0,0,1,0,0,0,0,9
"869",0,0,1,0,0,0,0,2
"870",0,0,1,0,0,0,0,5
"871",0,0,1,0,0,0,0,3
"872",0,0,1,0,0,0,0,6
"873",0,0,1,0,0,0,0,4
"874",0,0,1,0,0,0,0,2
"875",0,0,1,0,0,0,0,5
"876",0,0,1,0,0,0,0,3
"877",0,0,1,0,0,0,0,2
"878",0,0,1,0,0,0,0,9
"879",0,0,1,0,0,0,0,13
"880",0,0,1,0,0,0,0,14
"881",0,0,1,0,0,0,0,15
"882",0,0,1,0,0,0,0,5
"883",0,0,1,0,0,0,0,1
"884",0,0,1,0,0,0,0,5
"885",0,0,1,0,0,0,0,3
"886",0,0,1,0,0,0,0,6
"887",0,0,1,0,0,0,0,5
"888",0,0,1,0,0,0,0,3
"889",0,0,1,0,0,0,0,3
"890",0,0,1,0,0,0,0,5
"891",0,0,1,0,0,0,0,3
"892",0,0,1,0,0,0,0,3
"893",0,0,1,0,0,0,0,4
"894",0,0,1,0,0,0,0,2
"895",0,0,1,0,0,0,0,6
"896",0,0,1,0,0,0,0,6
"897",0,0,1,0,0,0,0,7
"898",0,0,1,0,0,0,0,8
"899",0,0,1,0,0,0,0,4
"900",0,0,1,0,0,0,0,18
"901",0,0,1,0,0,0,0,10
"902",0,0,1,0,0,0,0,2
"903",0,0,1,0,0,0,0,8
"904",0,0,1,0,0,0,0,27
"905",0,0,1,0,0,0,0,1
"906",0,0,1,0,0,0,0,1
"907",0,0,1,0,0,0,0,1
"908",0,0,1,0,0,0,0,2
"909",0,0,1,0,0,0,0,4
"910",0,0,1,0,0,0,0,10
"911",0,0,1,0,0,0,0,16
"912",0,0,1,0,0,0,0,2
"913",0,0,1,0,0,0,0,3
"914",0,0,1,0,0,0,0,2
"915",0,0,1,0,0,0,0,3
"916",0,0,1,0,0,0,0,14
"917",0,0,1,0,0,0,0,4
"918",0,0,1,0,0,0,0,2
"919",0,0,1,0,0,0,0,3
"920",0,0,1,0,0,0,0,5
"921",0,0,1,0,0,0,0,2
"922",0,0,1,0,0,0,0,5
"923",0,0,1,0,0,0,0,10
"924",0,0,1,0,0,0,0,3
"925",0,0,1,0,0,0,0,2
"926",0,0,1,0,0,0,0,4
"927",0,0,1,0,0,0,0,2
"928",0,0,1,0,0,0,0,6
"929",0,0,1,0,0,0,0,7
"930",0,0,1,0,0,0,0,10
"931",0,0,1,0,0,0,0,6
"932",0,0,1,0,0,0,0,5
"933",0,0,1,0,0,0,0,3
"934",0,0,1,0,0,0,0,1
"935",0,0,1,0,0,0,0,1
"936",0,0,1,0,0,0,0,8
"937",0,0,1,0,0,0,0,2
"938",0,0,1,0,0,0,0,5
"939",0,0,1,0,0,0,0,2
"940",0,0,1,0,0,0,0,2
"941",0,0,1,0,0,0,0,3
"942",0,0,1,0,0,0,0,11
"943",0,0,1,0,0,0,0,3
"944",0,0,1,0,0,0,0,1
"945",0,0,1,0,0,0,0,10
"946",0,0,1,0,0,0,0,2
"947",0,0,1,0,0,0,0,30
"948",0,0,1,0,0,0,0,7
"949",0,0,1,0,0,0,0,1
"950",0,0,1,0,0,0,0,3
"951",0,0,1,0,0,0,0,3
"952",0,0,1,0,0,0,0,7
"953",0,0,1,0,0,0,0,6
"954",0,0,1,0,0,0,0,6
"955",0,0,1,0,0,0,0,8
"956",0,0,1,0,0,0,0,8
"957",0,0,1,0,0,0,0,3
"958",0,0,1,0,0,0,0,3
"959",0,0,1,0,0,0,0,3
"960",0,0,1,0,0,0,0,2
"961",0,0,1,0,0,0,0,12
"962",0,0,1,0,0,0,0,5
"963",0,0,1,0,0,0,0,10
"964",0,0,1,0,0,0,0,3
"965",0,0,1,0,0,0,0,150
"966",0,0,1,0,0,0,0,22
"967",0,0,1,0,0,0,0,20
"968",0,0,1,0,0,0,0,9
"969",0,0,1,0,0,0,0,5
"970",0,0,1,0,0,0,0,2
"971",0,0,1,0,0,0,0,2
"972",0,0,1,0,0,0,0,2
"973",0,0,1,0,0,0,0,5
"974",0,0,1,0,0,0,0,5
"975",0,0,1,0,0,0,0,4
"976",0,0,1,0,0,0,0,5
"977",0,0,1,0,0,0,0,3
"978",0,0,1,0,0,0,0,2
"979",0,0,1,0,0,0,0,2
"980",0,0,1,0,0,0,0,104
"981",0,0,1,0,0,0,0,2
"982",0,0,1,0,0,0,0,2
"983",0,0,1,0,0,0,0,4
"984",0,0,1,0,0,0,0,29
"985",0,0,1,0,0,0,0,8
"986",0,0,1,0,0,0,0,7
"987",0,0,1,0,0,0,0,6
"988",0,0,1,0,0,0,0,7
"989",0,0,1,0,0,0,0,2
"990",0,0,1,0,0,0,0,2
"991",0,0,1,0,0,0,0,3
"992",0,0,1,0,0,0,0,2
"993",0,0,1,0,0,0,0,6
"994",0,0,1,0,0,0,0,2
"995",0,0,1,0,0,0,0,3
"996",0,0,1,0,0,0,0,1
"997",0,0,1,0,0,0,0,3
"998",0,0,1,0,0,0,0,3
"999",0,0,1,0,0,0,0,12
"1000",0,0,1,0,0,0,0,2
"1001",0,0,1,0,0,0,0,10
"1002",0,0,1,0,0,0,0,3
"1003",0,0,1,0,0,0,0,14
"1004",0,0,1,0,0,0,0,7
"1005",0,0,1,0,0,0,0,10
"1006",0,0,1,0,0,0,0,6
"1007",0,0,1,0,0,0,0,24
"1008",0,0,1,0,0,0,0,3
"1009",0,0,1,0,0,0,0,4
"1010",0,0,1,0,0,0,0,4
"1011",0,0,1,0,0,0,0,33
"1012",0,0,1,0,0,0,0,6
"1013",0,0,1,0,0,0,0,4
"1014",0,0,1,0,0,0,0,4
"1015",0,0,1,0,0,0,0,2
"1016",0,0,1,0,0,0,0,5
"1017",0,0,1,0,0,0,0,7
"1018",0,0,1,0,0,0,0,4
"1019",0,0,1,0,0,0,0,8
"1020",0,0,1,0,0,0,0,3
"1021",0,0,1,0,0,0,0,2
"1022",0,0,1,0,0,0,0,5
"1023",0,0,1,0,0,0,0,2
"1024",0,0,1,0,0,0,0,4
"1025",0,0,1,0,0,0,0,8
"1026",0,0,1,0,0,0,0,3
"1027",0,0,1,0,0,0,0,6
"1028",0,0,1,0,0,0,0,14
"1029",0,0,1,0,0,0,0,5
"1030",0,0,1,0,0,0,0,2
"1031",0,0,1,0,0,0,0,18
"1032",0,0,1,0,0,0,0,3
"1033",0,0,1,0,0,0,0,11
"1034",0,0,1,0,0,0,0,12
"1035",0,0,1,0,0,0,0,5
"1036",0,0,1,0,0,0,0,3
"1037",0,0,1,0,0,0,0,5
"1038",0,0,1,0,0,0,0,4
"1039",0,0,1,0,0,0,0,6
"1040",0,0,1,0,0,0,0,5
"1041",0,0,1,0,0,0,0,3
"1042",0,0,1,0,0,0,0,2
"1043",0,0,1,0,0,0,0,3
"1044",0,0,1,0,0,0,0,4
"1045",0,0,1,0,0,0,0,3
"1046",0,0,1,0,0,0,0,1
"1047",0,0,1,0,0,0,0,33
"1048",0,0,1,0,0,0,0,1
"1049",0,0,1,0,0,0,0,10
"1050",0,0,1,0,0,0,0,6
"1051",0,0,1,0,0,0,0,11
"1052",0,0,1,0,0,0,0,5
"1053",0,0,1,0,0,0,0,4
"1054",0,0,1,0,0,0,0,3
"1055",0,0,1,0,0,0,0,10
"1056",0,0,1,0,0,0,0,3
"1057",0,0,1,0,0,0,0,4
"1058",0,0,1,0,0,0,0,15
"1059",0,0,1,0,0,0,0,7
"1060",0,0,1,0,0,0,0,6
"1061",0,0,1,0,0,0,0,3
"1062",0,0,1,0,0,0,0,90
"1063",0,0,1,0,0,0,0,5
"1064",0,0,1,0,0,0,0,1
"1065",0,0,1,0,0,0,0,3
"1066",0,0,1,0,0,0,0,6
"1067",0,0,1,0,0,0,0,2
"1068",0,0,1,0,0,0,0,37
"1069",0,0,1,0,0,0,0,2
"1070",0,0,1,0,0,0,0,2
"1071",0,0,1,0,0,0,0,7
"1072",0,0,1,0,0,0,0,2
"1073",0,0,1,0,0,0,0,33
"1074",0,0,1,0,0,0,0,12
"1075",0,0,1,0,0,0,0,5
"1076",0,0,1,0,0,0,0,13
"1077",0,0,1,0,0,0,0,2
"1078",0,0,1,0,0,0,0,15
"1079",0,0,1,0,0,0,0,5
"1080",0,0,1,0,0,0,0,14
"1081",0,0,1,0,0,0,0,81
"1082",0,0,1,0,0,0,0,51
"1083",0,0,1,0,0,0,0,2
"1084",0,0,1,0,0,0,0,9
"1085",0,0,1,0,0,0,0,4
"1086",0,0,1,0,0,0,0,4
"1087",0,0,1,0,0,0,0,8
"1088",0,0,1,0,0,0,0,1
"1089",0,0,1,0,0,0,0,11
"1090",0,0,1,0,0,0,0,5
"1091",0,0,1,0,0,0,0,3
"1092",0,0,1,0,0,0,0,12
"1093",0,0,1,0,0,0,0,4
"1094",0,0,1,0,0,0,0,5
"1095",0,0,1,0,0,0,0,2
"1096",0,0,1,0,0,0,0,4
"1097",0,0,1,0,0,0,0,42
"1098",0,0,1,0,0,0,0,16
"1099",0,0,1,0,0,0,0,4
"1100",0,0,1,0,0,0,0,4
"1101",0,0,1,0,0,0,0,3
"1102",0,0,1,0,0,0,0,2
"1103",0,0,1,0,0,0,0,2
"1104",0,0,1,0,0,0,0,4
"1105",0,0,1,0,0,0,0,8
"1106",0,0,1,0,0,0,0,4
"1107",0,0,1,0,0,0,0,2
"1108",0,0,1,0,0,0,0,5
"1109",0,0,1,0,0,0,0,9
"1110",0,0,1,0,0,0,0,7
"1111",0,0,1,0,0,0,0,1
"1112",0,0,1,0,0,0,0,10
"1113",0,0,1,0,0,0,0,9
"1114",0,0,1,0,0,0,0,5
"1115",0,0,1,0,0,0,0,4
"1116",0,0,1,0,0,0,0,3
"1117",0,0,1,0,0,0,0,6
"1118",0,0,1,0,0,0,0,4
"1119",0,0,1,0,0,0,0,2
"1120",0,0,1,0,0,0,0,59
"1121",0,0,1,0,0,0,0,5
"1122",0,0,1,0,0,0,0,9
"1123",0,0,1,0,0,0,0,7
"1124",0,0,1,0,0,0,0,4
"1125",0,0,1,0,0,0,0,42
"1126",0,0,1,0,0,0,0,5
"1127",0,0,1,0,0,0,0,5
"1128",0,0,1,0,0,0,0,6
"1129",0,0,1,0,0,0,0,4
"1130",0,0,1,0,0,0,0,3
"1131",0,0,1,0,0,0,0,2
"1132",0,0,1,0,0,0,0,2
"1133",0,0,1,0,0,0,0,7
"1134",0,0,1,0,0,0,0,3
"1135",0,0,1,0,0,0,0,14
"1136",0,0,1,0,0,0,0,4
"1137",0,0,1,0,0,0,0,2
"1138",0,0,1,0,0,0,0,6
"1139",0,0,1,0,0,0,0,5
"1140",0,0,1,0,0,0,0,4
"1141",0,0,1,0,0,0,0,3
"1142",0,0,1,0,0,0,0,10
"1143",0,0,1,0,0,0,0,2
"1144",0,0,1,0,0,0,0,7
"1145",0,0,1,0,0,0,0,3
"1146",0,0,1,0,0,0,0,2
"1147",0,0,1,0,0,0,0,7
"1148",0,0,1,0,0,0,0,6
"1149",0,0,1,0,0,0,0,5
"1150",0,0,1,0,0,0,0,9
"1151",0,0,1,0,0,0,0,10
"1152",0,0,1,0,0,0,0,3
"1153",0,0,1,0,0,0,0,3
"1154",0,0,1,0,0,0,0,5
"1155",0,0,1,0,0,0,0,2
"1156",0,0,1,0,0,0,0,14
"1157",0,0,1,0,0,0,0,11
"1158",0,0,1,0,0,0,0,2
"1159",0,0,1,0,0,0,0,14
"1160",0,0,1,0,0,0,0,2
"1161",0,0,1,0,0,0,0,3
"1162",0,0,1,0,0,0,0,4
"1163",0,0,1,0,0,0,0,7
"1164",0,0,1,0,0,0,0,6
"1165",0,0,1,0,0,0,0,7
"1166",0,0,1,0,0,0,0,7
"1167",0,0,1,0,0,0,0,8
"1168",0,0,1,0,0,0,0,9
"1169",0,0,1,0,0,0,0,19
"1170",0,0,1,0,0,0,0,5
"1171",0,0,1,0,0,0,0,2
"1172",0,0,1,0,0,0,0,8
"1173",0,0,1,0,0,0,0,3
"1174",0,0,1,0,0,0,0,2
"1175",0,0,1,0,0,0,0,4
"1176",0,0,1,0,0,0,0,2
"1177",0,0,1,0,0,0,0,4
"1178",0,0,1,0,0,0,0,6
"1179",0,0,1,0,0,0,0,5
"1180",0,0,1,0,0,0,0,4
"1181",0,0,1,0,0,0,0,10
"1182",0,0,1,0,0,0,0,4
"1183",0,0,1,0,0,0,0,7
"1184",0,0,1,0,0,0,0,7
"1185",0,0,1,0,0,0,0,10
"1186",0,0,1,0,0,0,0,3
"1187",0,0,1,0,0,0,0,2
"1188",0,0,1,0,0,0,0,5
"1189",0,0,1,0,0,0,0,10
"1190",0,0,1,0,0,0,0,11
"1191",0,0,1,0,0,0,0,7
"1192",0,0,1,0,0,0,0,7
"1193",0,0,1,0,0,0,0,4
"1194",0,0,1,0,0,0,0,4
"1195",0,0,1,0,0,0,0,13
"1196",0,0,1,0,0,0,0,20
"1197",0,0,1,0,0,0,0,4
"1198",0,0,1,0,0,0,0,1
"1199",0,0,1,0,0,0,0,3
"1200",0,0,1,0,0,0,0,14
"1201",0,0,1,0,0,0,0,5
"1202",0,0,1,0,0,0,0,4
"1203",0,0,1,0,0,0,0,3
"1204",0,0,1,0,0,0,0,3
"1205",0,0,1,0,0,0,0,1
"1206",0,0,1,0,0,0,0,21
"1207",0,0,1,0,0,0,0,6
"1208",0,0,1,0,0,0,0,3
"1209",0,0,1,0,0,0,0,4
"1210",0,0,1,0,0,0,0,3
"1211",0,0,1,0,0,0,0,1
"1212",0,0,1,0,0,0,0,30
"1213",0,0,1,0,0,0,0,6
"1214",0,0,1,0,0,0,0,14
"1215",0,0,1,0,0,0,0,2
"1216",0,0,1,0,0,0,0,5
"1217",0,0,1,0,0,0,0,2
"1218",0,0,1,0,0,0,0,3
"1219",0,0,1,0,0,0,0,5
"1220",0,0,1,0,0,0,0,2
"1221",0,0,1,0,0,0,0,6
"1222",0,0,1,0,0,0,0,42
"1223",0,0,1,0,0,0,0,2
"1224",0,0,1,0,0,0,0,5
"1225",0,0,1,0,0,0,0,1
"1226",0,0,1,0,0,0,0,5
"1227",0,0,1,0,0,0,0,2
"1228",0,0,1,0,0,0,0,4
"1229",0,0,1,0,0,0,0,3
"1230",0,0,1,0,0,0,0,7
"1231",0,0,1,0,0,0,0,3
"1232",0,0,1,0,0,0,0,5
"1233",0,0,1,0,0,0,0,6
"1234",0,0,1,0,0,0,0,4
"1235",0,0,1,0,0,0,0,8
"1236",0,0,1,0,0,0,0,5
"1237",0,0,1,0,0,0,0,5
"1238",0,0,1,0,0,0,0,4
"1239",0,0,1,0,0,0,0,8
"1240",0,0,1,0,0,0,0,1
"1241",0,0,1,0,0,0,0,5
"1242",0,0,1,0,0,0,0,7
"1243",0,0,1,0,0,0,0,7
"1244",0,0,1,0,0,0,0,2
"1245",0,0,1,0,0,0,0,15
"1246",0,0,1,0,0,0,0,6
"1247",0,0,1,0,0,0,0,4
"1248",0,0,1,0,0,0,0,5
"1249",0,0,1,0,0,0,0,5
"1250",0,0,1,0,0,0,0,5
"1251",0,0,1,0,0,0,0,14
"1252",0,0,1,0,0,0,0,7
"1253",0,0,1,0,0,0,0,3
"1254",0,0,1,0,0,0,0,2
"1255",0,0,1,0,0,0,0,4
"1256",0,0,1,0,0,0,0,4
"1257",0,0,1,0,0,0,0,3
"1258",0,0,1,0,0,0,0,2
"1259",0,0,1,0,0,0,0,5
"1260",0,0,1,0,0,0,0,3
"1261",0,0,1,0,0,0,0,14
"1262",0,0,1,0,0,0,0,2
"1263",0,0,1,0,0,0,0,8
"1264",0,0,1,0,0,0,0,3
"1265",0,0,1,0,0,0,0,2
"1266",0,0,1,0,0,0,0,10
"1267",0,0,1,0,0,0,0,2
"1268",0,0,1,0,0,0,0,13
"1269",0,0,1,0,0,0,0,6
"1270",0,0,1,0,0,0,0,2
"1271",0,0,1,0,0,0,0,6
"1272",0,0,1,0,0,0,0,10
"1273",0,0,1,0,0,0,0,5
"1274",0,0,1,0,0,0,0,4
"1275",0,0,1,0,0,0,0,3
"1276",0,0,1,0,0,0,0,3
"1277",0,0,1,0,0,0,0,120
"1278",0,0,1,0,0,0,0,14
"1279",0,0,1,0,0,0,0,5
"1280",0,0,1,0,0,0,0,14
"1281",0,0,1,0,0,0,0,6
"1282",0,0,1,0,0,0,0,12
"1283",0,0,1,0,0,0,0,59
"1284",0,0,1,0,0,0,0,4
"1285",0,0,1,0,0,0,0,6
"1286",0,0,1,0,0,0,0,10
"1287",0,0,1,0,0,0,0,4
"1288",0,0,1,0,0,0,0,5
"1289",0,0,1,0,0,0,0,3
"1290",0,0,1,0,0,0,0,24
"1291",0,0,1,0,0,0,0,2
"1292",0,0,1,0,0,0,0,6
"1293",0,0,1,0,0,0,0,7
"1294",0,0,1,0,0,0,0,6
"1295",0,0,1,0,0,0,0,6
"1296",0,0,1,0,0,0,0,5
"1297",0,0,1,0,0,0,0,12
"1298",0,0,1,0,0,0,0,52
"1299",0,0,1,0,0,0,0,3
"1300",0,0,1,0,0,0,0,2
"1301",0,0,1,0,0,0,0,15
"1302",0,0,1,0,0,0,0,8
"1303",0,0,1,0,0,0,0,8
"1304",0,0,1,0,0,0,0,10
"1305",0,0,1,0,0,0,0,7
"1306",0,0,1,0,0,0,0,3
"1307",0,0,1,0,0,0,0,2
"1308",0,0,1,0,0,0,0,5
"1309",0,0,1,0,0,0,0,5
"1310",0,0,1,0,0,0,0,15
"1311",0,0,1,0,0,0,0,14
"1312",0,0,1,0,0,0,0,3
"1313",0,0,1,0,0,0,0,2
"1314",0,0,1,0,0,0,0,5
"1315",0,0,1,0,0,0,0,3
"1316",0,0,1,0,0,0,0,4
"1317",0,0,1,0,0,0,0,5
"1318",0,0,1,0,0,0,0,5
"1319",0,0,1,0,0,0,0,4
"1320",0,0,1,0,0,0,0,7
"1321",0,0,1,0,0,0,0,3
"1322",0,0,1,0,0,0,0,4
"1323",0,0,1,0,0,0,0,2
"1324",0,0,1,0,0,0,0,2
"1325",0,0,1,0,0,0,0,24
"1326",0,0,1,0,0,0,0,3
"1327",0,0,1,0,0,0,0,3
"1328",0,0,1,0,0,0,0,1
"1329",0,0,1,0,0,0,0,5
"1330",0,0,1,0,0,0,0,2
"1331",0,0,1,0,0,0,0,7
"1332",0,0,1,0,0,0,0,7
"1333",0,0,1,0,0,0,0,12
"1334",0,0,1,0,0,0,0,5
"1335",0,0,1,0,0,0,0,3
"1336",0,0,1,0,0,0,0,5
"1337",0,0,1,0,0,0,0,3
"1338",0,0,1,0,0,0,0,4
"1339",0,0,1,0,0,0,0,3
"1340",0,0,1,0,0,0,0,4
"1341",0,0,1,0,0,0,0,14
"1342",0,0,1,0,0,0,0,3
"1343",0,0,1,0,0,0,0,2
"1344",0,0,1,0,0,0,0,10
"1345",0,0,1,0,0,0,0,2
"1346",0,0,1,0,0,0,0,3
"1347",0,0,1,0,0,0,0,1
"1348",0,0,1,0,0,0,0,39
"1349",0,0,1,0,0,0,0,4
"1350",0,0,1,0,0,0,0,5
"1351",0,0,0,1,0,0,0,4
"1352",0,0,0,1,0,0,0,10
"1353",0,0,0,1,0,0,0,7
"1354",0,0,0,1,0,0,0,30
"1355",0,0,0,1,0,0,0,10
"1356",0,0,0,1,0,0,0,5
"1357",0,0,0,1,0,0,0,10
"1358",0,0,0,1,0,0,0,3
"1359",0,0,0,1,0,0,0,8
"1360",0,0,0,1,0,0,0,4
"1361",0,0,0,1,0,0,0,7
"1362",0,0,0,1,0,0,0,11
"1363",0,0,0,1,0,0,0,33
"1364",0,0,0,1,0,0,0,2
"1365",0,0,0,1,0,0,0,3
"1366",0,0,0,1,0,0,0,8
"1367",0,0,0,1,0,0,0,1
"1368",0,0,0,1,0,0,0,14
"1369",0,0,0,1,0,0,0,150
"1370",0,0,0,1,0,0,0,10
"1371",0,0,0,1,0,0,0,4
"1372",0,0,0,1,0,0,0,12
"1373",0,0,0,1,0,0,0,2
"1374",0,0,0,1,0,0,0,14
"1375",0,0,0,1,0,0,0,9
"1376",0,0,0,1,0,0,0,7
"1377",0,0,0,1,0,0,0,5
"1378",0,0,0,1,0,0,0,10
"1379",0,0,0,1,0,0,0,14
"1380",0,0,0,1,0,0,0,9
"1381",0,0,0,1,0,0,0,34
"1382",0,0,0,1,0,0,0,25
"1383",0,0,0,1,0,0,0,20
"1384",0,0,0,1,0,0,0,28
"1385",0,0,0,1,0,0,0,20
"1386",0,0,0,1,0,0,0,4
"1387",0,0,0,1,0,0,0,9
"1388",0,0,0,1,0,0,0,7
"1389",0,0,0,1,0,0,0,4
"1390",0,0,0,1,0,0,0,8
"1391",0,0,0,1,0,0,0,4
"1392",0,0,0,1,0,0,0,6
"1393",0,0,0,1,0,0,0,7
"1394",0,0,0,1,0,0,0,7
"1395",0,0,0,1,0,0,0,3
"1396",0,0,0,1,0,0,0,16
"1397",0,0,0,1,0,0,0,13
"1398",0,0,0,1,0,0,0,5
"1399",0,0,0,1,0,0,0,6
"1400",0,0,0,1,0,0,0,3
"1401",0,0,0,1,0,0,0,3
"1402",0,0,0,1,0,0,0,5
"1403",0,0,0,1,0,0,0,10
"1404",0,0,0,1,0,0,0,5
"1405",0,0,0,1,0,0,0,7
"1406",0,0,0,1,0,0,0,9
"1407",0,0,0,1,0,0,0,2
"1408",0,0,0,1,0,0,0,2
"1409",0,0,0,1,0,0,0,4
"1410",0,0,0,1,0,0,0,7
"1411",0,0,0,1,0,0,0,1
"1412",0,0,0,1,0,0,0,6
"1413",0,0,0,1,0,0,0,5
"1414",0,0,0,1,0,0,0,10
"1415",0,0,0,1,0,0,0,10
"1416",0,0,0,1,0,0,0,13
"1417",0,0,0,1,0,0,0,11
"1418",0,0,0,1,0,0,0,3
"1419",0,0,0,1,0,0,0,7
"1420",0,0,0,1,0,0,0,20
"1421",0,0,0,1,0,0,0,8
"1422",0,0,0,1,0,0,0,7
"1423",0,0,0,1,0,0,0,12
"1424",0,0,0,1,0,0,0,13
"1425",0,0,0,1,0,0,0,33
"1426",0,0,0,1,0,0,0,2
"1427",0,0,0,1,0,0,0,3
"1428",0,0,0,1,0,0,0,8
"1429",0,0,0,1,0,0,0,1
"1430",0,0,0,1,0,0,0,12
"1431",0,0,0,1,0,0,0,2
"1432",0,0,0,1,0,0,0,150
"1433",0,0,0,1,0,0,0,10
"1434",0,0,0,1,0,0,0,4
"1435",0,0,0,1,0,0,0,12
"1436",0,0,0,1,0,0,0,3
"1437",0,0,0,1,0,0,0,12
"1438",0,0,0,1,0,0,0,4
"1439",0,0,0,1,0,0,0,4
"1440",0,0,0,1,0,0,0,5
"1441",0,0,0,1,0,0,0,3
"1442",0,0,0,1,0,0,0,3
"1443",0,0,0,1,0,0,0,7
"1444",0,0,0,1,0,0,0,12
"1445",0,0,0,1,0,0,0,7
"1446",0,0,0,1,0,0,0,4
"1447",0,0,0,1,0,0,0,15
"1448",0,0,0,1,0,0,0,3
"1449",0,0,0,1,0,0,0,6
"1450",0,0,0,1,0,0,0,15
"1451",0,0,0,1,0,0,0,12
"1452",0,0,0,1,0,0,0,9
"1453",0,0,0,1,0,0,0,9
"1454",0,0,0,1,0,0,0,7
"1455",0,0,0,1,0,0,0,7
"1456",0,0,0,1,0,0,0,5
"1457",0,0,0,1,0,0,0,6
"1458",0,0,0,1,0,0,0,7
"1459",0,0,0,1,0,0,0,4
"1460",0,0,0,1,0,0,0,8
"1461",0,0,0,1,0,0,0,4
"1462",0,0,0,1,0,0,0,5
"1463",0,0,0,1,0,0,0,6
"1464",0,0,0,1,0,0,0,6
"1465",0,0,0,1,0,0,0,7
"1466",0,0,0,1,0,0,0,7
"1467",0,0,0,1,0,0,0,3
"1468",0,0,0,1,0,0,0,7
"1469",0,0,0,1,0,0,0,7
"1470",0,0,0,1,0,0,0,6
"1471",0,0,0,1,0,0,0,8
"1472",0,0,0,1,0,0,0,10
"1473",0,0,0,1,0,0,0,4
"1474",0,0,0,1,0,0,0,12
"1475",0,0,0,1,0,0,0,10
"1476",0,0,0,1,0,0,0,7
"1477",0,0,0,1,0,0,0,27
"1478",0,0,0,1,0,0,0,55
"1479",0,0,0,1,0,0,0,3
"1480",0,0,0,1,0,0,0,1
"1481",0,0,0,1,0,0,0,21
"1482",0,0,0,1,0,0,0,2
"1483",0,0,0,1,0,0,0,33
"1484",0,0,0,1,0,0,0,22
"1485",0,0,0,1,0,0,0,2
"1486",0,0,0,1,0,0,0,3
"1487",0,0,0,1,0,0,0,7
"1488",0,0,0,1,0,0,0,16
"1489",0,0,0,1,0,0,0,13
"1490",0,0,0,1,0,0,0,4
"1491",0,0,0,1,0,0,0,5
"1492",0,0,0,1,0,0,0,6
"1493",0,0,0,1,0,0,0,3
"1494",0,0,0,1,0,0,0,3
"1495",0,0,0,1,0,0,0,5
"1496",0,0,0,1,0,0,0,10
"1497",0,0,0,1,0,0,0,3
"1498",0,0,0,1,0,0,0,5
"1499",0,0,0,1,0,0,0,4
"1500",0,0,0,1,0,0,0,7
"1501",0,0,0,1,0,0,0,9
"1502",0,0,0,1,0,0,0,5
"1503",0,0,0,1,0,0,0,7
"1504",0,0,0,1,0,0,0,20
"1505",0,0,0,1,0,0,0,7
"1506",0,0,0,1,0,0,0,2
"1507",0,0,0,1,0,0,0,9
"1508",0,0,0,1,0,0,0,3
"1509",0,0,0,1,0,0,0,7
"1510",0,0,0,1,0,0,0,2
"1511",0,0,0,1,0,0,0,2
"1512",0,0,0,1,0,0,0,4
"1513",0,0,0,1,0,0,0,3
"1514",0,0,0,1,0,0,0,2
"1515",0,0,0,1,0,0,0,3
"1516",0,0,0,1,0,0,0,4
"1517",0,0,0,1,0,0,0,2
"1518",0,0,0,1,0,0,0,4
"1519",0,0,0,1,0,0,0,7
"1520",0,0,0,1,0,0,0,1
"1521",0,0,0,1,0,0,0,4
"1522",0,0,0,1,0,0,0,1
"1523",0,0,0,1,0,0,0,26
"1524",0,0,0,1,0,0,0,8
"1525",0,0,0,1,0,0,0,6
"1526",0,0,0,1,0,0,0,5
"1527",0,0,0,1,0,0,0,10
"1528",0,0,0,1,0,0,0,10
"1529",0,0,0,1,0,0,0,9
"1530",0,0,0,1,0,0,0,13
"1531",0,0,0,1,0,0,0,11
"1532",0,0,0,1,0,0,0,4
"1533",0,0,0,1,0,0,0,3
"1534",0,0,0,1,0,0,0,7
"1535",0,0,0,1,0,0,0,72
"1536",0,0,0,1,0,0,0,5
"1537",0,0,0,1,0,0,0,26
"1538",0,0,0,1,0,0,0,3
"1539",0,0,0,1,0,0,0,11
"1540",0,0,0,1,0,0,0,8
"1541",0,0,0,1,0,0,0,7
"1542",0,0,0,1,0,0,0,8
"1543",0,0,0,1,0,0,0,8
"1544",0,0,0,1,0,0,0,4
"1545",0,0,0,1,0,0,0,14
"1546",0,0,0,1,0,0,0,7
"1547",0,0,0,1,0,0,0,1
"1548",0,0,0,1,0,0,0,3
"1549",0,0,0,1,0,0,0,1
"1550",0,0,0,1,0,0,0,66
"1551",0,0,0,1,0,0,0,3
"1552",0,0,0,1,0,0,0,8
"1553",0,0,0,1,0,0,0,7
"1554",0,0,0,1,0,0,0,12
"1555",0,0,0,1,0,0,0,20
"1556",0,0,0,1,0,0,0,2
"1557",0,0,0,1,0,0,0,3
"1558",0,0,0,1,0,0,0,20
"1559",0,0,0,1,0,0,0,20
"1560",0,0,0,1,0,0,0,20
"1561",0,0,0,1,0,0,0,8
"1562",0,0,0,1,0,0,0,7
"1563",0,0,0,1,0,0,0,12
"1564",0,0,0,1,0,0,0,13
"1565",0,0,0,1,0,0,0,4
"1566",0,0,0,1,0,0,0,2
"1567",0,0,0,1,0,0,0,1
"1568",0,0,0,1,0,0,0,13
"1569",0,0,0,1,0,0,0,6
"1570",0,0,0,1,0,0,0,7
"1571",0,0,0,1,0,0,0,3
"1572",0,0,0,1,0,0,0,35
"1573",0,0,0,1,0,0,0,33
"1574",0,0,0,1,0,0,0,2
"1575",0,0,0,1,0,0,0,3
"1576",0,0,0,1,0,0,0,8
"1577",0,0,0,1,0,0,0,1
"1578",0,0,0,1,0,0,0,7
"1579",0,0,0,1,0,0,0,4
"1580",0,0,0,1,0,0,0,4
"1581",0,0,0,1,0,0,0,4
"1582",0,0,0,1,0,0,0,7
"1583",0,0,0,1,0,0,0,15
"1584",0,0,0,1,0,0,0,30
"1585",0,0,0,1,0,0,0,10
"1586",0,0,0,1,0,0,0,2
"1587",0,0,0,1,0,0,0,2
"1588",0,0,0,1,0,0,0,5
"1589",0,0,0,1,0,0,0,2
"1590",0,0,0,1,0,0,0,4
"1591",0,0,0,1,0,0,0,6
"1592",0,0,0,1,0,0,0,8
"1593",0,0,0,1,0,0,0,3
"1594",0,0,0,1,0,0,0,2
"1595",0,0,0,1,0,0,0,2
"1596",0,0,0,1,0,0,0,2
"1597",0,0,0,1,0,0,0,2
"1598",0,0,0,1,0,0,0,4
"1599",0,0,0,1,0,0,0,2
"1600",0,0,0,1,0,0,0,12
"1601",0,0,0,1,0,0,0,2
"1602",0,0,0,1,0,0,0,150
"1603",0,0,0,1,0,0,0,10
"1604",0,0,0,1,0,0,0,4
"1605",0,0,0,1,0,0,0,5
"1606",0,0,0,1,0,0,0,12
"1607",0,0,0,1,0,0,0,3
"1608",0,0,0,1,0,0,0,3
"1609",0,0,0,1,0,0,0,24
"1610",0,0,0,1,0,0,0,5
"1611",0,0,0,1,0,0,0,4
"1612",0,0,0,1,0,0,0,4
"1613",0,0,0,1,0,0,0,5
"1614",0,0,0,1,0,0,0,3
"1615",0,0,0,1,0,0,0,3
"1616",0,0,0,1,0,0,0,7
"1617",0,0,0,1,0,0,0,50
"1618",0,0,0,1,0,0,0,3
"1619",0,0,0,1,0,0,0,3
"1620",0,0,0,1,0,0,0,15
"1621",0,0,0,1,0,0,0,30
"1622",0,0,0,1,0,0,0,2
"1623",0,0,0,1,0,0,0,2
"1624",0,0,0,1,0,0,0,35
"1625",0,0,0,1,0,0,0,3
"1626",0,0,0,1,0,0,0,180
"1627",0,0,0,1,0,0,0,2
"1628",0,0,0,1,0,0,0,16
"1629",0,0,0,1,0,0,0,3
"1630",0,0,0,1,0,0,0,11
"1631",0,0,0,1,0,0,0,4
"1632",0,0,0,1,0,0,0,4
"1633",0,0,0,1,0,0,0,10
"1634",0,0,0,1,0,0,0,5
"1635",0,0,0,1,0,0,0,14
"1636",0,0,0,1,0,0,0,2
"1637",0,0,0,1,0,0,0,4
"1638",0,0,0,1,0,0,0,3
"1639",0,0,0,1,0,0,0,8
"1640",0,0,0,1,0,0,0,20
"1641",0,0,0,1,0,0,0,6
"1642",0,0,0,1,0,0,0,2
"1643",0,0,0,1,0,0,0,41
"1644",0,0,0,1,0,0,0,2
"1645",0,0,0,1,0,0,0,18
"1646",0,0,0,1,0,0,0,1
"1647",0,0,0,1,0,0,0,7
"1648",0,0,0,1,0,0,0,52
"1649",0,0,0,1,0,0,0,2
"1650",0,0,0,1,0,0,0,2
"1651",0,0,0,1,0,0,0,6
"1652",0,0,0,1,0,0,0,6
"1653",0,0,0,1,0,0,0,3
"1654",0,0,0,1,0,0,0,4
"1655",0,0,0,1,0,0,0,22
"1656",0,0,0,1,0,0,0,9
"1657",0,0,0,1,0,0,0,12
"1658",0,0,0,1,0,0,0,28
"1659",0,0,0,1,0,0,0,2
"1660",0,0,0,1,0,0,0,5
"1661",0,0,0,1,0,0,0,2
"1662",0,0,0,1,0,0,0,2
"1663",0,0,0,1,0,0,0,6
"1664",0,0,0,1,0,0,0,10
"1665",0,0,0,1,0,0,0,27
"1666",0,0,0,1,0,0,0,3
"1667",0,0,0,1,0,0,0,12
"1668",0,0,0,1,0,0,0,5
"1669",0,0,0,1,0,0,0,9
"1670",0,0,0,1,0,0,0,9
"1671",0,0,0,1,0,0,0,2
"1672",0,0,0,1,0,0,0,30
"1673",0,0,0,1,0,0,0,60
"1674",0,0,0,1,0,0,0,2
"1675",0,0,0,1,0,0,0,40
"1676",0,0,0,1,0,0,0,3
"1677",0,0,0,1,0,0,0,7
"1678",0,0,0,1,0,0,0,12
"1679",0,0,0,1,0,0,0,5
"1680",0,0,0,1,0,0,0,5
"1681",0,0,0,1,0,0,0,3
"1682",0,0,0,1,0,0,0,8
"1683",0,0,0,1,0,0,0,15
"1684",0,0,0,1,0,0,0,2
"1685",0,0,0,1,0,0,0,7
"1686",0,0,0,1,0,0,0,1
"1687",0,0,0,1,0,0,0,7
"1688",0,0,0,1,0,0,0,7
"1689",0,0,0,1,0,0,0,27
"1690",0,0,0,1,0,0,0,5
"1691",0,0,0,1,0,0,0,3
"1692",0,0,0,1,0,0,0,8
"1693",0,0,0,1,0,0,0,3
"1694",0,0,0,1,0,0,0,15
"1695",0,0,0,1,0,0,0,3
"1696",0,0,0,1,0,0,0,15
"1697",0,0,0,1,0,0,0,4
"1698",0,0,0,1,0,0,0,2
"1699",0,0,0,1,0,0,0,40
"1700",0,0,0,1,0,0,0,7
"1701",0,0,0,1,0,0,0,2
"1702",0,0,0,1,0,0,0,4
"1703",0,0,0,1,0,0,0,7
"1704",0,0,0,1,0,0,0,20
"1705",0,0,0,1,0,0,0,5
"1706",0,0,0,1,0,0,0,3
"1707",0,0,0,1,0,0,0,7
"1708",0,0,0,1,0,0,0,6
"1709",0,0,0,1,0,0,0,23
"1710",0,0,0,1,0,0,0,51
"1711",0,0,0,1,0,0,0,13
"1712",0,0,0,1,0,0,0,7
"1713",0,0,0,1,0,0,0,55
"1714",0,0,0,1,0,0,0,9
"1715",0,0,0,1,0,0,0,6
"1716",0,0,0,1,0,0,0,10
"1717",0,0,0,1,0,0,0,3
"1718",0,0,0,1,0,0,0,4
"1719",0,0,0,1,0,0,0,60
"1720",0,0,0,1,0,0,0,5
"1721",0,0,0,1,0,0,0,11
"1722",0,0,0,1,0,0,0,10
"1723",0,0,0,1,0,0,0,8
"1724",0,0,0,1,0,0,0,6
"1725",0,0,0,1,0,0,0,7
"1726",0,0,0,1,0,0,0,3
"1727",0,0,0,1,0,0,0,15
"1728",0,0,0,1,0,0,0,15
"1729",0,0,0,1,0,0,0,5
"1730",0,0,0,1,0,0,0,4
"1731",0,0,0,1,0,0,0,7
"1732",0,0,0,1,0,0,0,6
"1733",0,0,0,1,0,0,0,10
"1734",0,0,0,1,0,0,0,7
"1735",0,0,0,1,0,0,0,10
"1736",0,0,0,1,0,0,0,4
"1737",0,0,0,1,0,0,0,50
"1738",0,0,0,1,0,0,0,3
"1739",0,0,0,1,0,0,0,7
"1740",0,0,0,1,0,0,0,3
"1741",0,0,0,1,0,0,0,4
"1742",0,0,0,1,0,0,0,7
"1743",0,0,0,1,0,0,0,3
"1744",0,0,0,1,0,0,0,3
"1745",0,0,0,1,0,0,0,13
"1746",0,0,0,1,0,0,0,9
"1747",0,0,0,1,0,0,0,12
"1748",0,0,0,1,0,0,0,5
"1749",0,0,0,1,0,0,0,10
"1750",0,0,0,1,0,0,0,14
"1751",0,0,0,1,0,0,0,2
"1752",0,0,0,1,0,0,0,4
"1753",0,0,0,1,0,0,0,12
"1754",0,0,0,1,0,0,0,7
"1755",0,0,0,1,0,0,0,6
"1756",0,0,0,1,0,0,0,7
"1757",0,0,0,1,0,0,0,3
"1758",0,0,0,1,0,0,0,11
"1759",0,0,0,1,0,0,0,14
"1760",0,0,0,1,0,0,0,14
"1761",0,0,0,1,0,0,0,7
"1762",0,0,0,1,0,0,0,10
"1763",0,0,0,1,0,0,0,35
"1764",0,0,0,1,0,0,0,2
"1765",0,0,0,1,0,0,0,27
"1766",0,0,0,1,0,0,0,5
"1767",0,0,0,1,0,0,0,19
"1768",0,0,0,1,0,0,0,2
"1769",0,0,0,1,0,0,0,1
"1770",0,0,0,1,0,0,0,4
"1771",0,0,0,1,0,0,0,5
"1772",0,0,0,1,0,0,0,7
"1773",0,0,0,1,0,0,0,20
"1774",0,0,0,1,0,0,0,3
"1775",0,0,0,1,0,0,0,10
"1776",0,0,0,1,0,0,0,3
"1777",0,0,0,1,0,0,0,16
"1778",0,0,0,1,0,0,0,4
"1779",0,0,0,1,0,0,0,2
"1780",0,0,0,1,0,0,0,3
"1781",0,0,0,1,0,0,0,3
"1782",0,0,0,1,0,0,0,49
"1783",0,0,0,1,0,0,0,3
"1784",0,0,0,1,0,0,0,15
"1785",0,0,0,1,0,0,0,45
"1786",0,0,0,1,0,0,0,3
"1787",0,0,0,1,0,0,0,6
"1788",0,0,0,1,0,0,0,10
"1789",0,0,0,1,0,0,0,2
"1790",0,0,0,1,0,0,0,8
"1791",0,0,0,1,0,0,0,7
"1792",0,0,0,1,0,0,0,3
"1793",0,0,0,1,0,0,0,6
"1794",0,0,0,1,0,0,0,9
"1795",0,0,0,1,0,0,0,12
"1796",0,0,0,1,0,0,0,9
"1797",0,0,0,1,0,0,0,16
"1798",0,0,0,1,0,0,0,14
"1799",0,0,0,1,0,0,0,7
"1800",0,0,0,1,0,0,0,20
"1801",0,0,0,1,0,0,0,5
"1802",0,0,0,1,0,0,0,38
"1803",0,0,0,1,0,0,0,8
"1804",0,0,0,1,0,0,0,4
"1805",0,0,0,1,0,0,0,9
"1806",0,0,0,1,0,0,0,7
"1807",0,0,0,1,0,0,0,12
"1808",0,0,0,1,0,0,0,3
"1809",0,0,0,1,0,0,0,41
"1810",0,0,0,1,0,0,0,15
"1811",0,0,0,1,0,0,0,3
"1812",0,0,0,1,0,0,0,53
"1813",0,0,0,1,0,0,0,10
"1814",0,0,0,1,0,0,0,16
"1815",0,0,0,1,0,0,0,20
"1816",0,0,0,1,0,0,0,3
"1817",0,0,0,1,0,0,0,13
"1818",0,0,0,1,0,0,0,18
"1819",0,0,0,1,0,0,0,4
"1820",0,0,0,1,0,0,0,2
"1821",0,0,0,1,0,0,0,3
"1822",0,0,0,1,0,0,0,4
"1823",0,0,0,1,0,0,0,1
"1824",0,0,0,1,0,0,0,60
"1825",0,0,0,1,0,0,0,6
"1826",0,0,0,1,0,0,0,2
"1827",0,0,0,1,0,0,0,30
"1828",0,0,0,1,0,0,0,2
"1829",0,0,0,1,0,0,0,18
"1830",0,0,0,1,0,0,0,8
"1831",0,0,0,1,0,0,0,6
"1832",0,0,0,1,0,0,0,5
"1833",0,0,0,1,0,0,0,9
"1834",0,0,0,1,0,0,0,7
"1835",0,0,0,1,0,0,0,6
"1836",0,0,0,1,0,0,0,25
"1837",0,0,0,1,0,0,0,8
"1838",0,0,0,1,0,0,0,2
"1839",0,0,0,1,0,0,0,5
"1840",0,0,0,1,0,0,0,5
"1841",0,0,0,1,0,0,0,3
"1842",0,0,0,1,0,0,0,2
"1843",0,0,0,1,0,0,0,10
"1844",0,0,0,1,0,0,0,7
"1845",0,0,0,1,0,0,0,7
"1846",0,0,0,1,0,0,0,8
"1847",0,0,0,1,0,0,0,20
"1848",0,0,0,1,0,0,0,6
"1849",0,0,0,1,0,0,0,3
"1850",0,0,0,1,0,0,0,3
"1851",0,0,0,1,0,0,0,6
"1852",0,0,0,1,0,0,0,19
"1853",0,0,0,1,0,0,0,61
"1854",0,0,0,1,0,0,0,4
"1855",0,0,0,1,0,0,0,5
"1856",0,0,0,1,0,0,0,8
"1857",0,0,0,1,0,0,0,10
"1858",0,0,0,1,0,0,0,14
"1859",0,0,0,1,0,0,0,3
"1860",0,0,0,1,0,0,0,3
"1861",0,0,0,1,0,0,0,8
"1862",0,0,0,1,0,0,0,2
"1863",0,0,0,1,0,0,0,51
"1864",0,0,0,1,0,0,0,5
"1865",0,0,0,1,0,0,0,32
"1866",0,0,0,1,0,0,0,8
"1867",0,0,0,1,0,0,0,8
"1868",0,0,0,1,0,0,0,8
"1869",0,0,0,1,0,0,0,10
"1870",0,0,0,1,0,0,0,4
"1871",0,0,0,1,0,0,0,2
"1872",0,0,0,1,0,0,0,3
"1873",0,0,0,1,0,0,0,2
"1874",0,0,0,1,0,0,0,2
"1875",0,0,0,1,0,0,0,14
"1876",0,0,0,1,0,0,0,15
"1877",0,0,0,1,0,0,0,4
"1878",0,0,0,1,0,0,0,5
"1879",0,0,0,1,0,0,0,5
"1880",0,0,0,1,0,0,0,6
"1881",0,0,0,1,0,0,0,7
"1882",0,0,0,1,0,0,0,3
"1883",0,0,0,1,0,0,0,20
"1884",0,0,0,1,0,0,0,90
"1885",0,0,0,1,0,0,0,7
"1886",0,0,0,1,0,0,0,3
"1887",0,0,0,1,0,0,0,4
"1888",0,0,0,1,0,0,0,3
"1889",0,0,0,1,0,0,0,1
"1890",0,0,0,1,0,0,0,6
"1891",0,0,0,1,0,0,0,6
"1892",0,0,0,1,0,0,0,6
"1893",0,0,0,1,0,0,0,3
"1894",0,0,0,1,0,0,0,2
"1895",0,0,0,1,0,0,0,8
"1896",0,0,0,1,0,0,0,13
"1897",0,0,0,1,0,0,0,15
"1898",0,0,0,1,0,0,0,3
"1899",0,0,0,1,0,0,0,4
"1900",0,0,0,1,0,0,0,3
"1901",0,0,0,1,0,0,0,3
"1902",0,0,0,1,0,0,0,12
"1903",0,0,0,1,0,0,0,15
"1904",0,0,0,1,0,0,0,7
"1905",0,0,0,1,0,0,0,2
"1906",0,0,0,1,0,0,0,5
"1907",0,0,0,1,0,0,0,2
"1908",0,0,0,1,0,0,0,10
"1909",0,0,0,1,0,0,0,17
"1910",0,0,0,1,0,0,0,7
"1911",0,0,0,1,0,0,0,2
"1912",0,0,0,1,0,0,0,6
"1913",0,0,0,0,1,0,0,3
"1914",0,0,0,0,1,0,0,12
"1915",0,0,0,0,1,0,0,12
"1916",0,0,0,0,1,0,0,4
"1917",0,0,0,0,1,0,0,16
"1918",0,0,0,0,1,0,0,26
"1919",0,0,0,0,1,0,0,33
"1920",0,0,0,0,1,0,0,2
"1921",0,0,0,0,1,0,0,3
"1922",0,0,0,0,1,0,0,4
"1923",0,0,0,0,1,0,0,5
"1924",0,0,0,0,1,0,0,7
"1925",0,0,0,0,1,0,0,6
"1926",0,0,0,0,1,0,0,5
"1927",0,0,0,0,1,0,0,3
"1928",0,0,0,0,1,0,0,3
"1929",0,0,0,0,1,0,0,3
"1930",0,0,0,0,1,0,0,12
"1931",0,0,0,0,1,0,0,4
"1932",0,0,0,0,1,0,0,13
"1933",0,0,0,0,1,0,0,4
"1934",0,0,0,0,1,0,0,7
"1935",0,0,0,0,1,0,0,4
"1936",0,0,0,0,1,0,0,3
"1937",0,0,0,0,1,0,0,3
"1938",0,0,0,0,1,0,0,5
"1939",0,0,0,0,1,0,0,12
"1940",0,0,0,0,1,0,0,3
"1941",0,0,0,0,1,0,0,1
"1942",0,0,0,0,1,0,0,5
"1943",0,0,0,0,1,0,0,10
"1944",0,0,0,0,1,0,0,11
"1945",0,0,0,0,1,0,0,10
"1946",0,0,0,0,1,0,0,14
"1947",0,0,0,0,1,0,0,20
"1948",0,0,0,0,1,0,0,5
"1949",0,0,0,0,1,0,0,12
"1950",0,0,0,0,1,0,0,41
"1951",0,0,0,0,1,0,0,9
"1952",0,0,0,0,1,0,0,3
"1953",0,0,0,0,1,0,0,12
"1954",0,0,0,0,1,0,0,12
"1955",0,0,0,0,1,0,0,4
"1956",0,0,0,0,1,0,0,45
"1957",0,0,0,0,1,0,0,3
"1958",0,0,0,0,1,0,0,16
"1959",0,0,0,0,1,0,0,19
"1960",0,0,0,0,1,0,0,8
"1961",0,0,0,0,1,0,0,6
"1962",0,0,0,0,1,0,0,7
"1963",0,0,0,0,1,0,0,66
"1964",0,0,0,0,1,0,0,5
"1965",0,0,0,0,1,0,0,20
"1966",0,0,0,0,1,0,0,8
"1967",0,0,0,0,1,0,0,20
"1968",0,0,0,0,1,0,0,2
"1969",0,0,0,0,1,0,0,4
"1970",0,0,0,0,1,0,0,4
"1971",0,0,0,0,1,0,0,5
"1972",0,0,0,0,1,0,0,7
"1973",0,0,0,0,1,0,0,4
"1974",0,0,0,0,1,0,0,4
"1975",0,0,0,0,1,0,0,61
"1976",0,0,0,0,1,0,0,13
"1977",0,0,0,0,1,0,0,3
"1978",0,0,0,0,1,0,0,7
"1979",0,0,0,0,1,0,0,51
"1980",0,0,0,0,1,0,0,7
"1981",0,0,0,0,1,0,0,3
"1982",0,0,0,0,1,0,0,17
"1983",0,0,0,0,1,0,0,7
"1984",0,0,0,0,1,0,0,5
"1985",0,0,0,0,1,0,0,9
"1986",0,0,0,0,1,0,0,11
"1987",0,0,0,0,1,0,0,8
"1988",0,0,0,0,1,0,0,21
"1989",0,0,0,0,1,0,0,7
"1990",0,0,0,0,1,0,0,7
"1991",0,0,0,0,1,0,0,9
"1992",0,0,0,0,1,0,0,44
"1993",0,0,0,0,1,0,0,8
"1994",0,0,0,0,1,0,0,11
"1995",0,0,0,0,1,0,0,5
"1996",0,0,0,0,1,0,0,10
"1997",0,0,0,0,1,0,0,12
"1998",0,0,0,0,1,0,0,4
"1999",0,0,0,0,1,0,0,13
"2000",0,0,0,0,1,0,0,4
"2001",0,0,0,0,1,0,0,7
"2002",0,0,0,0,1,0,0,4
"2003",0,0,0,0,1,0,0,14
"2004",0,0,0,0,1,0,0,12
"2005",0,0,0,0,1,0,0,3
"2006",0,0,0,0,1,0,0,5
"2007",0,0,0,0,1,0,0,12
"2008",0,0,0,0,1,0,0,90
"2009",0,0,0,0,1,0,0,25
"2010",0,0,0,0,1,0,0,14
"2011",0,0,0,0,1,0,0,4
"2012",0,0,0,0,1,0,0,8
"2013",0,0,0,0,1,0,0,4
"2014",0,0,0,0,1,0,0,3
"2015",0,0,0,0,1,0,0,5
"2016",0,0,0,0,1,0,0,3
"2017",0,0,0,0,1,0,0,3
"2018",0,0,0,0,1,0,0,12
"2019",0,0,0,0,1,0,0,12
"2020",0,0,0,0,1,0,0,4
"2021",0,0,0,0,1,0,0,6
"2022",0,0,0,0,1,0,0,45
"2023",0,0,0,0,1,0,0,5
"2024",0,0,0,0,1,0,0,4
"2025",0,0,0,0,1,0,0,45
"2026",0,0,0,0,1,0,0,3
"2027",0,0,0,0,1,0,0,13
"2028",0,0,0,0,1,0,0,20
"2029",0,0,0,0,1,0,0,22
"2030",0,0,0,0,1,0,0,16
"2031",0,0,0,0,1,0,0,19
"2032",0,0,0,0,1,0,0,9
"2033",0,0,0,0,1,0,0,19
"2034",0,0,0,0,1,0,0,10
"2035",0,0,0,0,1,0,0,82
"2036",0,0,0,0,1,0,0,1
"2037",0,0,0,0,1,0,0,48
"2038",0,0,0,0,1,0,0,8
"2039",0,0,0,0,1,0,0,6
"2040",0,0,0,0,1,0,0,7
"2041",0,0,0,0,1,0,0,6
"2042",0,0,0,0,1,0,0,9
"2043",0,0,0,0,1,0,0,66
"2044",0,0,0,0,1,0,0,5
"2045",0,0,0,0,1,0,0,20
"2046",0,0,0,0,1,0,0,8
"2047",0,0,0,0,1,0,0,8
"2048",0,0,0,0,1,0,0,9
"2049",0,0,0,0,1,0,0,8
"2050",0,0,0,0,1,0,0,9
"2051",0,0,0,0,1,0,0,9
"2052",0,0,0,0,1,0,0,30
"2053",0,0,0,0,1,0,0,22
"2054",0,0,0,0,1,0,0,8
"2055",0,0,0,0,1,0,0,9
"2056",0,0,0,0,1,0,0,6
"2057",0,0,0,0,1,0,0,3
"2058",0,0,0,0,1,0,0,2
"2059",0,0,0,0,1,0,0,2
"2060",0,0,0,0,1,0,0,6
"2061",0,0,0,0,1,0,0,3
"2062",0,0,0,0,1,0,0,2
"2063",0,0,0,0,1,0,0,25
"2064",0,0,0,0,1,0,0,3
"2065",0,0,0,0,1,0,0,4
"2066",0,0,0,0,1,0,0,1
"2067",0,0,0,0,1,0,0,24
"2068",0,0,0,0,1,0,0,20
"2069",0,0,0,0,1,0,0,2
"2070",0,0,0,0,1,0,0,14
"2071",0,0,0,0,1,0,0,4
"2072",0,0,0,0,1,0,0,5
"2073",0,0,0,0,1,0,0,4
"2074",0,0,0,0,1,0,0,5
"2075",0,0,0,0,1,0,0,7
"2076",0,0,0,0,1,0,0,4
"2077",0,0,0,0,1,0,0,4
"2078",0,0,0,0,1,0,0,61
"2079",0,0,0,0,1,0,0,2
"2080",0,0,0,0,1,0,0,3
"2081",0,0,0,0,1,0,0,24
"2082",0,0,0,0,1,0,0,7
"2083",0,0,0,0,1,0,0,5
"2084",0,0,0,0,1,0,0,13
"2085",0,0,0,0,1,0,0,3
"2086",0,0,0,0,1,0,0,20
"2087",0,0,0,0,1,0,0,4
"2088",0,0,0,0,1,0,0,12
"2089",0,0,0,0,1,0,0,7
"2090",0,0,0,0,1,0,0,8
"2091",0,0,0,0,1,0,0,6
"2092",0,0,0,0,1,0,0,13
"2093",0,0,0,0,1,0,0,3
"2094",0,0,0,0,1,0,0,4
"2095",0,0,0,0,1,0,0,10
"2096",0,0,0,0,1,0,0,51
"2097",0,0,0,0,1,0,0,3
"2098",0,0,0,0,1,0,0,10
"2099",0,0,0,0,1,0,0,7
"2100",0,0,0,0,1,0,0,3
"2101",0,0,0,0,1,0,0,17
"2102",0,0,0,0,1,0,0,7
"2103",0,0,0,0,1,0,0,4
"2104",0,0,0,0,1,0,0,3
"2105",0,0,0,0,1,0,0,2
"2106",0,0,0,0,1,0,0,39
"2107",0,0,0,0,1,0,0,5
"2108",0,0,0,0,1,0,0,9
"2109",0,0,0,0,1,0,0,11
"2110",0,0,0,0,1,0,0,8
"2111",0,0,0,0,1,0,0,15
"2112",0,0,0,0,1,0,0,20
"2113",0,0,0,0,1,0,0,7
"2114",0,0,0,0,1,0,0,3
"2115",0,0,0,0,1,0,0,7
"2116",0,0,0,0,1,0,0,9
"2117",0,0,0,0,1,0,0,9
"2118",0,0,0,0,1,0,0,5
"2119",0,0,0,0,1,0,0,24
"2120",0,0,0,0,1,0,0,41
"2121",0,0,0,0,1,0,0,12
"2122",0,0,0,0,1,0,0,28
"2123",0,0,0,0,1,0,0,15
"2124",0,0,0,0,1,0,0,18
"2125",0,0,0,0,1,0,0,30
"2126",0,0,0,0,1,0,0,30
"2127",0,0,0,0,1,0,0,116
"2128",0,0,0,0,1,0,0,3
"2129",0,0,0,0,1,0,0,4
"2130",0,0,0,0,1,0,0,3
"2131",0,0,0,0,1,0,0,1
"2132",0,0,0,0,1,0,0,4
"2133",0,0,0,0,1,0,0,7
"2134",0,0,0,0,1,0,0,3
"2135",0,0,0,0,1,0,0,2
"2136",0,0,0,0,1,0,0,6
"2137",0,0,0,0,1,0,0,29
"2138",0,0,0,0,1,0,0,3
"2139",0,0,0,0,1,0,0,10
"2140",0,0,0,0,1,0,0,10
"2141",0,0,0,0,1,0,0,44
"2142",0,0,0,0,1,0,0,8
"2143",0,0,0,0,1,0,0,11
"2144",0,0,0,0,1,0,0,5
"2145",0,0,0,0,1,0,0,10
"2146",0,0,0,0,1,0,0,4
"2147",0,0,0,0,1,0,0,4
"2148",0,0,0,0,1,0,0,7
"2149",0,0,0,0,1,0,0,20
"2150",0,0,0,0,1,0,0,2
"2151",0,0,0,0,1,0,0,4
"2152",0,0,0,0,1,0,0,4
"2153",0,0,0,0,1,0,0,14
"2154",0,0,0,0,1,0,0,12
"2155",0,0,0,0,1,0,0,4
"2156",0,0,0,0,1,0,0,13
"2157",0,0,0,0,1,0,0,4
"2158",0,0,0,0,1,0,0,7
"2159",0,0,0,0,1,0,0,17
"2160",0,0,0,0,1,0,0,7
"2161",0,0,0,0,1,0,0,14
"2162",0,0,0,0,1,0,0,10
"2163",0,0,0,0,1,0,0,15
"2164",0,0,0,0,1,0,0,6
"2165",0,0,0,0,1,0,0,6
"2166",0,0,0,0,1,0,0,5
"2167",0,0,0,0,1,0,0,6
"2168",0,0,0,0,1,0,0,4
"2169",0,0,0,0,1,0,0,10
"2170",0,0,0,0,1,0,0,12
"2171",0,0,0,0,1,0,0,4
"2172",0,0,0,0,1,0,0,8
"2173",0,0,0,0,1,0,0,7
"2174",0,0,0,0,1,0,0,10
"2175",0,0,0,0,1,0,0,5
"2176",0,0,0,0,1,0,0,19
"2177",0,0,0,0,1,0,0,5
"2178",0,0,0,0,1,0,0,30
"2179",0,0,0,0,1,0,0,9
"2180",0,0,0,0,1,0,0,3
"2181",0,0,0,0,1,0,0,11
"2182",0,0,0,0,1,0,0,18
"2183",0,0,0,0,1,0,0,5
"2184",0,0,0,0,1,0,0,4
"2185",0,0,0,0,1,0,0,6
"2186",0,0,0,0,1,0,0,12
"2187",0,0,0,0,1,0,0,3
"2188",0,0,0,0,1,0,0,5
"2189",0,0,0,0,1,0,0,5
"2190",0,0,0,0,1,0,0,12
"2191",0,0,0,0,1,0,0,24
"2192",0,0,0,0,1,0,0,90
"2193",0,0,0,0,1,0,0,18
"2194",0,0,0,0,1,0,0,11
"2195",0,0,0,0,1,0,0,14
"2196",0,0,0,0,1,0,0,4
"2197",0,0,0,0,1,0,0,8
"2198",0,0,0,0,1,0,0,4
"2199",0,0,0,0,1,0,0,3
"2200",0,0,0,0,1,0,0,5
"2201",0,0,0,0,1,0,0,11
"2202",0,0,0,0,1,0,0,26
"2203",0,0,0,0,1,0,0,20
"2204",0,0,0,0,1,0,0,7
"2205",0,0,0,0,1,0,0,40
"2206",0,0,0,0,1,0,0,15
"2207",0,0,0,0,1,0,0,6
"2208",0,0,0,0,1,0,0,7
"2209",0,0,0,0,1,0,0,5
"2210",0,0,0,0,1,0,0,6
"2211",0,0,0,0,1,0,0,5
"2212",0,0,0,0,1,0,0,14
"2213",0,0,0,0,1,0,0,12
"2214",0,0,0,0,1,0,0,19
"2215",0,0,0,0,1,0,0,9
"2216",0,0,0,0,1,0,0,34
"2217",0,0,0,0,1,0,0,3
"2218",0,0,0,0,1,0,0,14
"2219",0,0,0,0,1,0,0,3
"2220",0,0,0,0,1,0,0,11
"2221",0,0,0,0,1,0,0,60
"2222",0,0,0,0,1,0,0,42
"2223",0,0,0,0,1,0,0,11
"2224",0,0,0,0,1,0,0,27
"2225",0,0,0,0,1,0,0,11
"2226",0,0,0,0,1,0,0,1
"2227",0,0,0,0,1,0,0,2
"2228",0,0,0,0,1,0,0,14
"2229",0,0,0,0,1,0,0,18
"2230",0,0,0,0,1,0,0,30
"2231",0,0,0,0,1,0,0,56
"2232",0,0,0,0,1,0,0,36
"2233",0,0,0,0,1,0,0,65
"2234",0,0,0,0,1,0,0,5
"2235",0,0,0,0,1,0,0,3
"2236",0,0,0,0,1,0,0,15
"2237",0,0,0,0,1,0,0,6
"2238",0,0,0,0,1,0,0,3
"2239",0,0,0,0,1,0,0,14
"2240",0,0,0,0,1,0,0,82
"2241",0,0,0,0,1,0,0,5
"2242",0,0,0,0,1,0,0,3
"2243",0,0,0,0,1,0,0,5
"2244",0,0,0,0,1,0,0,16
"2245",0,0,0,0,1,0,0,15
"2246",0,0,0,0,1,0,0,2
"2247",0,0,0,0,1,0,0,8
"2248",0,0,0,0,1,0,0,2
"2249",0,0,0,0,1,0,0,74
"2250",0,0,0,0,1,0,0,10
"2251",0,0,0,0,1,0,0,36
"2252",0,0,0,0,1,0,0,6
"2253",0,0,0,0,1,0,0,2
"2254",0,0,0,0,1,0,0,4
"2255",0,0,0,0,1,0,0,18
"2256",0,0,0,0,1,0,0,2
"2257",0,0,0,0,1,0,0,2
"2258",0,0,0,0,1,0,0,6
"2259",0,0,0,0,1,0,0,8
"2260",0,0,0,0,1,0,0,14
"2261",0,0,0,0,1,0,0,57
"2262",0,0,0,0,1,0,0,45
"2263",0,0,0,0,1,0,0,7
"2264",0,0,0,0,1,0,0,8
"2265",0,0,0,0,1,0,0,5
"2266",0,0,0,0,1,0,0,75
"2267",0,0,0,0,1,0,0,1
"2268",0,0,0,0,1,0,0,3
"2269",0,0,0,0,1,0,0,45
"2270",0,0,0,0,1,0,0,10
"2271",0,0,0,0,1,0,0,10
"2272",0,0,0,0,1,0,0,5
"2273",0,0,0,0,1,0,0,7
"2274",0,0,0,0,1,0,0,2
"2275",0,0,0,0,1,0,0,15
"2276",0,0,0,0,1,0,0,18
"2277",0,0,0,0,1,0,0,3
"2278",0,0,0,0,1,0,0,8
"2279",0,0,0,0,1,0,0,2
"2280",0,0,0,0,1,0,0,6
"2281",0,0,0,0,1,0,0,8
"2282",0,0,0,0,1,0,0,6
"2283",0,0,0,0,1,0,0,21
"2284",0,0,0,0,1,0,0,2
"2285",0,0,0,0,1,0,0,95
"2286",0,0,0,0,1,0,0,19
"2287",0,0,0,0,1,0,0,3
"2288",0,0,0,0,1,0,0,5
"2289",0,0,0,0,1,0,0,12
"2290",0,0,0,0,1,0,0,83
"2291",0,0,0,0,1,0,0,4
"2292",0,0,0,0,1,0,0,14
"2293",0,0,0,0,1,0,0,5
"2294",0,0,0,0,1,0,0,4
"2295",0,0,0,0,1,0,0,15
"2296",0,0,0,0,1,0,0,9
"2297",0,0,0,0,1,0,0,7
"2298",0,0,0,0,1,0,0,24
"2299",0,0,0,0,1,0,0,4
"2300",0,0,0,0,1,0,0,4
"2301",0,0,0,0,1,0,0,5
"2302",0,0,0,0,1,0,0,2
"2303",0,0,0,0,1,0,0,3
"2304",0,0,0,0,1,0,0,5
"2305",0,0,0,0,1,0,0,15
"2306",0,0,0,0,1,0,0,4
"2307",0,0,0,0,1,0,0,7
"2308",0,0,0,0,1,0,0,50
"2309",0,0,0,0,1,0,0,20
"2310",0,0,0,0,1,0,0,20
"2311",0,0,0,0,1,0,0,15
"2312",0,0,0,0,1,0,0,45
"2313",0,0,0,0,1,0,0,30
"2314",0,0,0,0,1,0,0,5
"2315",0,0,0,0,1,0,0,14
"2316",0,0,0,0,1,0,0,6
"2317",0,0,0,0,1,0,0,1
"2318",0,0,0,0,1,0,0,6
"2319",0,0,0,0,1,0,0,11
"2320",0,0,0,0,1,0,0,18
"2321",0,0,0,0,1,0,0,30
"2322",0,0,0,0,1,0,0,2
"2323",0,0,0,0,1,0,0,3
"2324",0,0,0,0,1,0,0,16
"2325",0,0,0,0,1,0,0,4
"2326",0,0,0,0,1,0,0,5
"2327",0,0,0,0,1,0,0,7
"2328",0,0,0,0,1,0,0,13
"2329",0,0,0,0,1,0,0,49
"2330",0,0,0,0,1,0,0,28
"2331",0,0,0,0,1,0,0,4
"2332",0,0,0,0,1,0,0,7
"2333",0,0,0,0,1,0,0,12
"2334",0,0,0,0,1,0,0,12
"2335",0,0,0,0,1,0,0,44
"2336",0,0,0,0,1,0,0,8
"2337",0,0,0,0,1,0,0,5
"2338",0,0,0,0,1,0,0,9
"2339",0,0,0,0,1,0,0,8
"2340",0,0,0,0,1,0,0,45
"2341",0,0,0,0,1,0,0,25
"2342",0,0,0,0,1,0,0,5
"2343",0,0,0,0,1,0,0,25
"2344",0,0,0,0,1,0,0,4
"2345",0,0,0,0,1,0,0,60
"2346",0,0,0,0,1,0,0,10
"2347",0,0,0,0,1,0,0,5
"2348",0,0,0,0,1,0,0,2
"2349",0,0,0,0,1,0,0,4
"2350",0,0,0,0,1,0,0,3
"2351",0,0,0,0,1,0,0,3
"2352",0,0,0,0,1,0,0,3
"2353",0,0,0,0,1,0,0,58
"2354",0,0,0,0,1,0,0,6
"2355",0,0,0,0,1,0,0,2
"2356",0,0,0,0,1,0,0,7
"2357",0,0,0,0,1,0,0,14
"2358",0,0,0,0,1,0,0,7
"2359",0,0,0,0,1,0,0,180
"2360",0,0,0,0,1,0,0,28
"2361",0,0,0,0,1,0,0,7
"2362",0,0,0,0,1,0,0,3
"2363",0,0,0,0,1,0,0,22
"2364",0,0,0,0,1,0,0,27
"2365",0,0,0,0,1,0,0,11
"2366",0,0,0,0,1,0,0,3
"2367",0,0,0,0,1,0,0,7
"2368",0,0,0,0,1,0,0,1
"2369",0,0,0,0,1,0,0,40
"2370",0,0,0,0,1,0,0,7
"2371",0,0,0,0,1,0,0,2
"2372",0,0,0,0,1,0,0,6
"2373",0,0,0,0,1,0,0,10
"2374",0,0,0,0,1,0,0,5
"2375",0,0,0,0,1,0,0,5
"2376",0,0,0,0,1,0,0,15
"2377",0,0,0,0,1,0,0,10
"2378",0,0,0,0,1,0,0,7
"2379",0,0,0,0,1,0,0,7
"2380",0,0,0,0,1,0,0,95
"2381",0,0,0,0,1,0,0,19
"2382",0,0,0,0,1,0,0,125
"2383",0,0,0,0,1,0,0,14
"2384",0,0,0,0,1,0,0,46
"2385",0,0,0,0,1,0,0,15
"2386",0,0,0,0,1,0,0,10
"2387",0,0,0,0,1,0,0,6
"2388",0,0,0,0,1,0,0,7
"2389",0,0,0,0,1,0,0,6
"2390",0,0,0,0,1,0,0,33
"2391",0,0,0,0,1,0,0,3
"2392",0,0,0,0,1,0,0,14
"2393",0,0,0,0,1,0,0,5
"2394",0,0,0,0,1,0,0,10
"2395",0,0,0,0,1,0,0,5
"2396",0,0,0,0,1,0,0,1
"2397",0,0,0,0,1,0,0,12
"2398",0,0,0,0,1,0,0,2
"2399",0,0,0,0,1,0,0,3
"2400",0,0,0,0,1,0,0,3
"2401",0,0,0,0,1,0,0,4
"2402",0,0,0,0,1,0,0,30
"2403",0,0,0,0,1,0,0,10
"2404",0,0,0,0,1,0,0,11
"2405",0,0,0,0,1,0,0,7
"2406",0,0,0,0,1,0,0,24
"2407",0,0,0,0,1,0,0,2
"2408",0,0,0,0,1,0,0,5
"2409",0,0,0,0,1,0,0,14
"2410",0,0,0,0,1,0,0,12
"2411",0,0,0,0,1,0,0,67
"2412",0,0,0,0,1,0,0,40
"2413",0,0,0,0,1,0,0,21
"2414",0,0,0,0,1,0,0,65
"2415",0,0,0,0,1,0,0,14
"2416",0,0,0,0,1,0,0,4
"2417",0,0,0,0,1,0,0,3
"2418",0,0,0,0,1,0,0,12
"2419",0,0,0,0,1,0,0,5
"2420",0,0,0,0,1,0,0,2
"2421",0,0,0,0,1,0,0,4
"2422",0,0,0,0,1,0,0,6
"2423",0,0,0,0,1,0,0,4
"2424",0,0,0,0,1,0,0,6
"2425",0,0,0,0,1,0,0,6
"2426",0,0,0,0,1,0,0,30
"2427",0,0,0,0,1,0,0,5
"2428",0,0,0,0,1,0,0,6
"2429",0,0,0,0,1,0,0,25
"2430",0,0,0,0,1,0,0,28
"2431",0,0,0,0,1,0,0,20
"2432",0,0,0,0,1,0,0,5
"2433",0,0,0,0,1,0,0,5
"2434",0,0,0,0,1,0,0,9
"2435",0,0,0,0,1,0,0,8
"2436",0,0,0,0,1,0,0,8
"2437",0,0,0,0,1,0,0,15
"2438",0,0,0,0,1,0,0,5
"2439",0,0,0,0,1,0,0,7
"2440",0,0,0,0,1,0,0,4
"2441",0,0,0,0,1,0,0,14
"2442",0,0,0,0,1,0,0,14
"2443",0,0,0,0,1,0,0,7
"2444",0,0,0,0,1,0,0,5
"2445",0,0,0,0,1,0,0,47
"2446",0,0,0,0,1,0,0,8
"2447",0,0,0,0,1,0,0,17
"2448",0,0,0,0,1,0,0,8
"2449",0,0,0,0,1,0,0,8
"2450",0,0,0,0,1,0,0,6
"2451",0,0,0,0,1,0,0,10
"2452",0,0,0,0,1,0,0,4
"2453",0,0,0,0,1,0,0,13
"2454",0,0,0,0,1,0,0,15
"2455",0,0,0,0,1,0,0,35
"2456",0,0,0,0,1,0,0,8
"2457",0,0,0,0,1,0,0,2
"2458",0,0,0,0,1,0,0,7
"2459",0,0,0,0,1,0,0,24
"2460",0,0,0,0,1,0,0,9
"2461",0,0,0,0,1,0,0,5
"2462",0,0,0,0,1,0,0,15
"2463",0,0,0,0,1,0,0,3
"2464",0,0,0,0,1,0,0,3
"2465",0,0,0,0,1,0,0,21
"2466",0,0,0,0,1,0,0,10
"2467",0,0,0,0,1,0,0,12
"2468",0,0,0,0,1,0,0,3
"2469",0,0,0,0,1,0,0,3
"2470",0,0,0,0,1,0,0,7
"2471",0,0,0,0,1,0,0,42
"2472",0,0,0,0,1,0,0,6
"2473",0,0,0,0,1,0,0,8
"2474",0,0,0,0,1,0,0,8
"2475",0,0,0,0,1,0,0,10
"2476",0,0,0,0,1,0,0,30
"2477",0,0,0,0,1,0,0,24
"2478",0,0,0,0,1,0,0,5
"2479",0,0,0,0,1,0,0,1
"2480",0,0,0,0,1,0,0,1
"2481",0,0,0,0,1,0,0,4
"2482",0,0,0,0,1,0,0,6
"2483",0,0,0,0,1,0,0,21
"2484",0,0,0,0,1,0,0,35
"2485",0,0,0,0,1,0,0,55
"2486",0,0,0,0,1,0,0,180
"2487",0,0,0,0,1,0,0,5
"2488",0,0,0,0,1,0,0,15
"2489",0,0,0,0,1,0,0,4
"2490",0,0,0,0,0,1,0,7
"2491",0,0,0,0,0,1,0,18
"2492",0,0,0,0,0,1,0,13
"2493",0,0,0,0,0,1,0,56
"2494",0,0,0,0,0,1,0,5
"2495",0,0,0,0,0,1,0,1
"2496",0,0,0,0,0,1,0,10
"2497",0,0,0,0,0,1,0,3
"2498",0,0,0,0,0,1,0,14
"2499",0,0,0,0,0,1,0,106
"2500",0,0,0,0,0,1,0,1
"2501",0,0,0,0,0,1,0,6
"2502",0,0,0,0,0,1,0,7
"2503",0,0,0,0,0,1,0,5
"2504",0,0,0,0,0,1,0,43
"2505",0,0,0,0,0,1,0,2
"2506",0,0,0,0,0,1,0,10
"2507",0,0,0,0,0,1,0,34
"2508",0,0,0,0,0,1,0,41
"2509",0,0,0,0,0,1,0,11
"2510",0,0,0,0,0,1,0,6
"2511",0,0,0,0,0,1,0,10
"2512",0,0,0,0,0,1,0,12
"2513",0,0,0,0,0,1,0,18
"2514",0,0,0,0,0,1,0,15
"2515",0,0,0,0,0,1,0,14
"2516",0,0,0,0,0,1,0,24
"2517",0,0,0,0,0,1,0,15
"2518",0,0,0,0,0,1,0,36
"2519",0,0,0,0,0,1,0,139
"2520",0,0,0,0,0,1,0,4
"2521",0,0,0,0,0,1,0,7
"2522",0,0,0,0,0,1,0,18
"2523",0,0,0,0,0,1,0,7
"2524",0,0,0,0,0,1,0,11
"2525",0,0,0,0,0,1,0,9
"2526",0,0,0,0,0,1,0,9
"2527",0,0,0,0,0,1,0,11
"2528",0,0,0,0,0,1,0,9
"2529",0,0,0,0,0,1,0,116
"2530",0,0,0,0,0,1,0,20
"2531",0,0,0,0,0,1,0,15
"2532",0,0,0,0,0,1,0,7
"2533",0,0,0,0,0,1,0,56
"2534",0,0,0,0,0,1,0,5
"2535",0,0,0,0,0,1,0,42
"2536",0,0,0,0,0,1,0,14
"2537",0,0,0,0,0,1,0,3
"2538",0,0,0,0,0,1,0,1
"2539",0,0,0,0,0,1,0,8
"2540",0,0,0,0,0,1,0,4
"2541",0,0,0,0,0,1,0,1
"2542",0,0,0,0,0,1,0,5
"2543",0,0,0,0,0,1,0,5
"2544",0,0,0,0,0,1,0,5
"2545",0,0,0,0,0,1,0,6
"2546",0,0,0,0,0,1,0,10
"2547",0,0,0,0,0,1,0,11
"2548",0,0,0,0,0,1,0,13
"2549",0,0,0,0,0,1,0,14
"2550",0,0,0,0,0,1,0,20
"2551",0,0,0,0,0,1,0,36
"2552",0,0,0,0,0,1,0,8
"2553",0,0,0,0,0,1,0,42
"2554",0,0,0,0,0,1,0,8
"2555",0,0,0,0,0,1,0,7
"2556",0,0,0,0,0,1,0,7
"2557",0,0,0,0,0,1,0,8
"2558",0,0,0,0,0,1,0,14
"2559",0,0,0,0,0,1,0,106
"2560",0,0,0,0,0,1,0,1
"2561",0,0,0,0,0,1,0,6
"2562",0,0,0,0,0,1,0,7
"2563",0,0,0,0,0,1,0,17
"2564",0,0,0,0,0,1,0,16
"2565",0,0,0,0,0,1,0,5
"2566",0,0,0,0,0,1,0,43
"2567",0,0,0,0,0,1,0,2
"2568",0,0,0,0,0,1,0,10
"2569",0,0,0,0,0,1,0,7
"2570",0,0,0,0,0,1,0,22
"2571",0,0,0,0,0,1,0,9
"2572",0,0,0,0,0,1,0,6
"2573",0,0,0,0,0,1,0,6
"2574",0,0,0,0,0,1,0,5
"2575",0,0,0,0,0,1,0,5
"2576",0,0,0,0,0,1,0,6
"2577",0,0,0,0,0,1,0,180
"2578",0,0,0,0,0,1,0,3
"2579",0,0,0,0,0,1,0,14
"2580",0,0,0,0,0,1,0,4
"2581",0,0,0,0,0,1,0,12
"2582",0,0,0,0,0,1,0,4
"2583",0,0,0,0,0,1,0,59
"2584",0,0,0,0,0,1,0,19
"2585",0,0,0,0,0,1,0,19
"2586",0,0,0,0,0,1,0,8
"2587",0,0,0,0,0,1,0,13
"2588",0,0,0,0,0,1,0,6
"2589",0,0,0,0,0,1,0,5
"2590",0,0,0,0,0,1,0,68
"2591",0,0,0,0,0,1,0,2
"2592",0,0,0,0,0,1,0,5
"2593",0,0,0,0,0,1,0,7
"2594",0,0,0,0,0,1,0,11
"2595",0,0,0,0,0,1,0,9
"2596",0,0,0,0,0,1,0,8
"2597",0,0,0,0,0,1,0,7
"2598",0,0,0,0,0,1,0,9
"2599",0,0,0,0,0,1,0,11
"2600",0,0,0,0,0,1,0,9
"2601",0,0,0,0,0,1,0,116
"2602",0,0,0,0,0,1,0,13
"2603",0,0,0,0,0,1,0,8
"2604",0,0,0,0,0,1,0,9
"2605",0,0,0,0,0,1,0,11
"2606",0,0,0,0,0,1,0,8
"2607",0,0,0,0,0,1,0,10
"2608",0,0,0,0,0,1,0,2
"2609",0,0,0,0,0,1,0,7
"2610",0,0,0,0,0,1,0,21
"2611",0,0,0,0,0,1,0,7
"2612",0,0,0,0,0,1,0,3
"2613",0,0,0,0,0,1,0,2
"2614",0,0,0,0,0,1,0,15
"2615",0,0,0,0,0,1,0,51
"2616",0,0,0,0,0,1,0,1
"2617",0,0,0,0,0,1,0,1
"2618",0,0,0,0,0,1,0,20
"2619",0,0,0,0,0,1,0,15
"2620",0,0,0,0,0,1,0,20
"2621",0,0,0,0,0,1,0,7
"2622",0,0,0,0,0,1,0,56
"2623",0,0,0,0,0,1,0,5
"2624",0,0,0,0,0,1,0,13
"2625",0,0,0,0,0,1,0,14
"2626",0,0,0,0,0,1,0,3
"2627",0,0,0,0,0,1,0,1
"2628",0,0,0,0,0,1,0,11
"2629",0,0,0,0,0,1,0,2
"2630",0,0,0,0,0,1,0,15
"2631",0,0,0,0,0,1,0,70
"2632",0,0,0,0,0,1,0,10
"2633",0,0,0,0,0,1,0,8
"2634",0,0,0,0,0,1,0,4
"2635",0,0,0,0,0,1,0,12
"2636",0,0,0,0,0,1,0,12
"2637",0,0,0,0,0,1,0,7
"2638",0,0,0,0,0,1,0,1
"2639",0,0,0,0,0,1,0,9
"2640",0,0,0,0,0,1,0,20
"2641",0,0,0,0,0,1,0,62
"2642",0,0,0,0,0,1,0,7
"2643",0,0,0,0,0,1,0,11
"2644",0,0,0,0,0,1,0,9
"2645",0,0,0,0,0,1,0,3
"2646",0,0,0,0,0,1,0,1
"2647",0,0,0,0,0,1,0,5
"2648",0,0,0,0,0,1,0,5
"2649",0,0,0,0,0,1,0,8
"2650",0,0,0,0,0,1,0,3
"2651",0,0,0,0,0,1,0,7
"2652",0,0,0,0,0,1,0,6
"2653",0,0,0,0,0,1,0,10
"2654",0,0,0,0,0,1,0,11
"2655",0,0,0,0,0,1,0,13
"2656",0,0,0,0,0,1,0,14
"2657",0,0,0,0,0,1,0,14
"2658",0,0,0,0,0,1,0,20
"2659",0,0,0,0,0,1,0,13
"2660",0,0,0,0,0,1,0,36
"2661",0,0,0,0,0,1,0,8
"2662",0,0,0,0,0,1,0,86
"2663",0,0,0,0,0,1,0,9
"2664",0,0,0,0,0,1,0,24
"2665",0,0,0,0,0,1,0,1
"2666",0,0,0,0,0,1,0,17
"2667",0,0,0,0,0,1,0,17
"2668",0,0,0,0,0,1,0,21
"2669",0,0,0,0,0,1,0,33
"2670",0,0,0,0,0,1,0,37
"2671",0,0,0,0,0,1,0,3
"2672",0,0,0,0,0,1,0,19
"2673",0,0,0,0,0,1,0,38
"2674",0,0,0,0,0,1,0,2
"2675",0,0,0,0,0,1,0,22
"2676",0,0,0,0,0,1,0,5
"2677",0,0,0,0,0,1,0,2
"2678",0,0,0,0,0,1,0,3
"2679",0,0,0,0,0,1,0,3
"2680",0,0,0,0,0,1,0,7
"2681",0,0,0,0,0,1,0,6
"2682",0,0,0,0,0,1,0,3
"2683",0,0,0,0,0,1,0,3
"2684",0,0,0,0,0,1,0,3
"2685",0,0,0,0,0,1,0,52
"2686",0,0,0,0,0,1,0,33
"2687",0,0,0,0,0,1,0,42
"2688",0,0,0,0,0,1,0,8
"2689",0,0,0,0,0,1,0,7
"2690",0,0,0,0,0,1,0,7
"2691",0,0,0,0,0,1,0,8
"2692",0,0,0,0,0,1,0,10
"2693",0,0,0,0,0,1,0,2
"2694",0,0,0,0,0,1,0,6
"2695",0,0,0,0,0,1,0,7
"2696",0,0,0,0,0,1,0,1
"2697",0,0,0,0,0,1,0,32
"2698",0,0,0,0,0,1,0,14
"2699",0,0,0,0,0,1,0,106
"2700",0,0,0,0,0,1,0,1
"2701",0,0,0,0,0,1,0,6
"2702",0,0,0,0,0,1,0,7
"2703",0,0,0,0,0,1,0,150
"2704",0,0,0,0,0,1,0,34
"2705",0,0,0,0,0,1,0,30
"2706",0,0,0,0,0,1,0,21
"2707",0,0,0,0,0,1,0,5
"2708",0,0,0,0,0,1,0,7
"2709",0,0,0,0,0,1,0,21
"2710",0,0,0,0,0,1,0,3
"2711",0,0,0,0,0,1,0,6
"2712",0,0,0,0,0,1,0,5
"2713",0,0,0,0,0,1,0,63
"2714",0,0,0,0,0,1,0,30
"2715",0,0,0,0,0,1,0,4
"2716",0,0,0,0,0,1,0,2
"2717",0,0,0,0,0,1,0,5
"2718",0,0,0,0,0,1,0,31
"2719",0,0,0,0,0,1,0,48
"2720",0,0,0,0,0,1,0,6
"2721",0,0,0,0,0,1,0,17
"2722",0,0,0,0,0,1,0,11
"2723",0,0,0,0,0,1,0,3
"2724",0,0,0,0,0,1,0,17
"2725",0,0,0,0,0,1,0,16
"2726",0,0,0,0,0,1,0,5
"2727",0,0,0,0,0,1,0,43
"2728",0,0,0,0,0,1,0,2
"2729",0,0,0,0,0,1,0,14
"2730",0,0,0,0,0,1,0,10
"2731",0,0,0,0,0,1,0,7
"2732",0,0,0,0,0,1,0,10
"2733",0,0,0,0,0,1,0,23
"2734",0,0,0,0,0,1,0,9
"2735",0,0,0,0,0,1,0,6
"2736",0,0,0,0,0,1,0,6
"2737",0,0,0,0,0,1,0,5
"2738",0,0,0,0,0,1,0,5
"2739",0,0,0,0,0,1,0,6
"2740",0,0,0,0,0,1,0,19
"2741",0,0,0,0,0,1,0,86
"2742",0,0,0,0,0,1,0,10
"2743",0,0,0,0,0,1,0,50
"2744",0,0,0,0,0,1,0,8
"2745",0,0,0,0,0,1,0,180
"2746",0,0,0,0,0,1,0,49
"2747",0,0,0,0,0,1,0,7
"2748",0,0,0,0,0,1,0,23
"2749",0,0,0,0,0,1,0,3
"2750",0,0,0,0,0,1,0,30
"2751",0,0,0,0,0,1,0,4
"2752",0,0,0,0,0,1,0,1
"2753",0,0,0,0,0,1,0,9
"2754",0,0,0,0,0,1,0,10
"2755",0,0,0,0,0,1,0,23
"2756",0,0,0,0,0,1,0,2
"2757",0,0,0,0,0,1,0,14
"2758",0,0,0,0,0,1,0,5
"2759",0,0,0,0,0,1,0,5
"2760",0,0,0,0,0,1,0,19
"2761",0,0,0,0,0,1,0,10
"2762",0,0,0,0,0,1,0,6
"2763",0,0,0,0,0,1,0,17
"2764",0,0,0,0,0,1,0,14
"2765",0,0,0,0,0,1,0,84
"2766",0,0,0,0,0,1,0,27
"2767",0,0,0,0,0,1,0,12
"2768",0,0,0,0,0,1,0,10
"2769",0,0,0,0,0,1,0,83
"2770",0,0,0,0,0,1,0,54
"2771",0,0,0,0,0,1,0,27
"2772",0,0,0,0,0,1,0,1
"2773",0,0,0,0,0,1,0,2
"2774",0,0,0,0,0,1,0,5
"2775",0,0,0,0,0,1,0,3
"2776",0,0,0,0,0,1,0,30
"2777",0,0,0,0,0,1,0,174
"2778",0,0,0,0,0,1,0,65
"2779",0,0,0,0,0,1,0,2
"2780",0,0,0,0,0,1,0,6
"2781",0,0,0,0,0,1,0,100
"2782",0,0,0,0,0,1,0,54
"2783",0,0,0,0,0,1,0,24
"2784",0,0,0,0,0,1,0,1
"2785",0,0,0,0,0,1,0,2
"2786",0,0,0,0,0,1,0,6
"2787",0,0,0,0,0,1,0,3
"2788",0,0,0,0,0,1,0,2
"2789",0,0,0,0,0,1,0,2
"2790",0,0,0,0,0,1,0,3
"2791",0,0,0,0,0,1,0,5
"2792",0,0,0,0,0,1,0,35
"2793",0,0,0,0,0,1,0,6
"2794",0,0,0,0,0,1,0,24
"2795",0,0,0,0,0,1,0,7
"2796",0,0,0,0,0,1,0,103
"2797",0,0,0,0,0,1,0,35
"2798",0,0,0,0,0,1,0,32
"2799",0,0,0,0,0,1,0,9
"2800",0,0,0,0,0,1,0,40
"2801",0,0,0,0,0,1,0,6
"2802",0,0,0,0,0,1,0,19
"2803",0,0,0,0,0,1,0,2
"2804",0,0,0,0,0,1,0,14
"2805",0,0,0,0,0,1,0,3
"2806",0,0,0,0,0,1,0,10
"2807",0,0,0,0,0,1,0,33
"2808",0,0,0,0,0,1,0,16
"2809",0,0,0,0,0,1,0,30
"2810",0,0,0,0,0,1,0,9
"2811",0,0,0,0,0,1,0,180
"2812",0,0,0,0,0,1,0,6
"2813",0,0,0,0,0,1,0,30
"2814",0,0,0,0,0,1,0,8
"2815",0,0,0,0,0,1,0,6
"2816",0,0,0,0,0,1,0,26
"2817",0,0,0,0,0,1,0,19
"2818",0,0,0,0,0,1,0,7
"2819",0,0,0,0,0,1,0,2
"2820",0,0,0,0,0,1,0,36
"2821",0,0,0,0,0,1,0,3
"2822",0,0,0,0,0,1,0,42
"2823",0,0,0,0,0,1,0,1
"2824",0,0,0,0,0,1,0,5
"2825",0,0,0,0,0,1,0,1
"2826",0,0,0,0,0,1,0,36
"2827",0,0,0,0,0,1,0,10
"2828",0,0,0,0,0,1,0,8
"2829",0,0,0,0,0,1,0,6
"2830",0,0,0,0,0,1,0,11
"2831",0,0,0,0,0,1,0,12
"2832",0,0,0,0,0,1,0,21
"2833",0,0,0,0,0,1,0,31
"2834",0,0,0,0,0,1,0,38
"2835",0,0,0,0,0,1,0,7
"2836",0,0,0,0,0,1,0,10
"2837",0,0,0,0,0,1,0,3
"2838",0,0,0,0,0,1,0,2
"2839",0,0,0,0,0,1,0,8
"2840",0,0,0,0,0,1,0,177
"2841",0,0,0,0,0,1,0,3
"2842",0,0,0,0,0,1,0,1
"2843",0,0,0,0,0,1,0,10
"2844",0,0,0,0,0,1,0,55
"2845",0,0,0,0,0,1,0,4
"2846",0,0,0,0,0,1,0,12
"2847",0,0,0,0,0,1,0,14
"2848",0,0,0,0,0,1,0,19
"2849",0,0,0,0,0,1,0,120
"2850",0,0,0,0,0,1,0,3
"2851",0,0,0,0,0,1,0,13
"2852",0,0,0,0,0,1,0,49
"2853",0,0,0,0,0,1,0,15
"2854",0,0,0,0,0,1,0,5
"2855",0,0,0,0,0,1,0,5
"2856",0,0,0,0,0,1,0,9
"2857",0,0,0,0,0,1,0,10
"2858",0,0,0,0,0,1,0,30
"2859",0,0,0,0,0,1,0,7
"2860",0,0,0,0,0,1,0,12
"2861",0,0,0,0,0,1,0,8
"2862",0,0,0,0,0,1,0,44
"2863",0,0,0,0,0,1,0,64
"2864",0,0,0,0,0,1,0,9
"2865",0,0,0,0,0,1,0,12
"2866",0,0,0,0,0,1,0,5
"2867",0,0,0,0,0,1,0,35
"2868",0,0,0,0,0,1,0,3
"2869",0,0,0,0,0,1,0,15
"2870",0,0,0,0,0,1,0,42
"2871",0,0,0,0,0,1,0,24
"2872",0,0,0,0,0,1,0,2
"2873",0,0,0,0,0,1,0,86
"2874",0,0,0,0,0,1,0,7
"2875",0,0,0,0,0,1,0,60
"2876",0,0,0,0,0,1,0,2
"2877",0,0,0,0,0,1,0,4
"2878",0,0,0,0,0,1,0,36
"2879",0,0,0,0,0,1,0,3
"2880",0,0,0,0,0,1,0,9
"2881",0,0,0,0,0,1,0,36
"2882",0,0,0,0,0,1,0,3
"2883",0,0,0,0,0,1,0,6
"2884",0,0,0,0,0,1,0,28
"2885",0,0,0,0,0,1,0,104
"2886",0,0,0,0,0,1,0,35
"2887",0,0,0,0,0,1,0,70
"2888",0,0,0,0,0,1,0,24
"2889",0,0,0,0,0,1,0,7
"2890",0,0,0,0,0,1,0,10
"2891",0,0,0,0,0,1,0,17
"2892",0,0,0,0,0,1,0,60
"2893",0,0,0,0,0,1,0,17
"2894",0,0,0,0,0,1,0,74
"2895",0,0,0,0,0,1,0,14
"2896",0,0,0,0,0,1,0,30
"2897",0,0,0,0,0,1,0,13
"2898",0,0,0,0,0,1,0,15
"2899",0,0,0,0,0,1,0,10
"2900",0,0,0,0,0,1,0,14
"2901",0,0,0,0,0,1,0,82
"2902",0,0,0,0,0,1,0,39
"2903",0,0,0,0,0,1,0,80
"2904",0,0,0,0,0,1,0,59
"2905",0,0,0,0,0,1,0,13
"2906",0,0,0,0,0,1,0,30
"2907",0,0,0,0,0,1,0,5
"2908",0,0,0,0,0,1,0,2
"2909",0,0,0,0,0,1,0,5
"2910",0,0,0,0,0,1,0,45
"2911",0,0,0,0,0,1,0,80
"2912",0,0,0,0,0,1,0,8
"2913",0,0,0,0,0,1,0,46
"2914",0,0,0,0,0,1,0,2
"2915",0,0,0,0,0,1,0,30
"2916",0,0,0,0,0,1,0,35
"2917",0,0,0,0,0,1,0,32
"2918",0,0,0,0,0,1,0,26
"2919",0,0,0,0,0,1,0,7
"2920",0,0,0,0,0,1,0,8
"2921",0,0,0,0,0,1,0,7
"2922",0,0,0,0,0,1,0,17
"2923",0,0,0,0,0,1,0,60
"2924",0,0,0,0,0,1,0,2
"2925",0,0,0,0,0,1,0,8
"2926",0,0,0,0,0,1,0,2
"2927",0,0,0,0,0,1,0,103
"2928",0,0,0,0,0,1,0,6
"2929",0,0,0,0,0,1,0,3
"2930",0,0,0,0,0,1,0,4
"2931",0,0,0,0,0,1,0,21
"2932",0,0,0,0,0,1,0,5
"2933",0,0,0,0,0,1,0,21
"2934",0,0,0,0,0,1,0,6
"2935",0,0,0,0,0,1,0,62
"2936",0,0,0,0,0,1,0,1
"2937",0,0,0,0,0,1,0,5
"2938",0,0,0,0,0,1,0,7
"2939",0,0,0,0,0,1,0,7
"2940",0,0,0,0,0,1,0,2
"2941",0,0,0,0,0,1,0,6
"2942",0,0,0,0,0,1,0,21
"2943",0,0,0,0,0,1,0,20
"2944",0,0,0,0,0,1,0,3
"2945",0,0,0,0,0,1,0,30
"2946",0,0,0,0,0,1,0,4
"2947",0,0,0,0,0,1,0,19
"2948",0,0,0,0,0,1,0,2
"2949",0,0,0,0,0,1,0,3
"2950",0,0,0,0,0,1,0,7
"2951",0,0,0,0,0,1,0,36
"2952",0,0,0,0,0,1,0,76
"2953",0,0,0,0,0,1,0,8
"2954",0,0,0,0,0,1,0,100
"2955",0,0,0,0,0,0,1,25
"2956",0,0,0,0,0,0,1,15
"2957",0,0,0,0,0,0,1,26
"2958",0,0,0,0,0,0,1,9
"2959",0,0,0,0,0,0,1,15
"2960",0,0,0,0,0,0,1,180
"2961",0,0,0,0,0,0,1,120
"2962",0,0,0,0,0,0,1,5
"2963",0,0,0,0,0,0,1,16
"2964",0,0,0,0,0,0,1,13
"2965",0,0,0,0,0,0,1,23
"2966",0,0,0,0,0,0,1,5
"2967",0,0,0,0,0,0,1,20
"2968",0,0,0,0,0,0,1,20
"2969",0,0,0,0,0,0,1,16
"2970",0,0,0,0,0,0,1,6
"2971",0,0,0,0,0,0,1,14
"2972",0,0,0,0,0,0,1,3
"2973",0,0,0,0,0,0,1,26
"2974",0,0,0,0,0,0,1,21
"2975",0,0,0,0,0,0,1,30
"2976",0,0,0,0,0,0,1,16
"2977",0,0,0,0,0,0,1,13
"2978",0,0,0,0,0,0,1,21
"2979",0,0,0,0,0,0,1,5
"2980",0,0,0,0,0,0,1,65
"2981",0,0,0,0,0,0,1,32
"2982",0,0,0,0,0,0,1,47
"2983",0,0,0,0,0,0,1,7
"2984",0,0,0,0,0,0,1,6
"2985",0,0,0,0,0,0,1,9
"2986",0,0,0,0,0,0,1,15
"2987",0,0,0,0,0,0,1,180
"2988",0,0,0,0,0,0,1,120
"2989",0,0,0,0,0,0,1,33
"2990",0,0,0,0,0,0,1,21
"2991",0,0,0,0,0,0,1,31
"2992",0,0,0,0,0,0,1,13
"2993",0,0,0,0,0,0,1,20
"2994",0,0,0,0,0,0,1,16
"2995",0,0,0,0,0,0,1,6
"2996",0,0,0,0,0,0,1,14
"2997",0,0,0,0,0,0,1,10
"2998",0,0,0,0,0,0,1,3
"2999",0,0,0,0,0,0,1,14
"3000",0,0,0,0,0,0,1,5
"3001",0,0,0,0,0,0,1,24
"3002",0,0,0,0,0,0,1,7
"3003",0,0,0,0,0,0,1,17
"3004",0,0,0,0,0,0,1,10
"3005",0,0,0,0,0,0,1,38
"3006",0,0,0,0,0,0,1,180
"3007",0,0,0,0,0,0,1,66
"3008",0,0,0,0,0,0,1,7
"3009",0,0,0,0,0,0,1,67
"3010",0,0,0,0,0,0,1,26
"3011",0,0,0,0,0,0,1,53
"3012",0,0,0,0,0,0,1,17
"3013",0,0,0,0,0,0,1,60
"3014",0,0,0,0,0,0,1,5
"3015",0,0,0,0,0,0,1,21
"3016",0,0,0,0,0,0,1,60
"3017",0,0,0,0,0,0,1,3
"3018",0,0,0,0,0,0,1,16
"3019",0,0,0,0,0,0,1,13
"3020",0,0,0,0,0,0,1,21
"3021",0,0,0,0,0,0,1,5
"3022",0,0,0,0,0,0,1,20
"3023",0,0,0,0,0,0,1,65
"3024",0,0,0,0,0,0,1,7
"3025",0,0,0,0,0,0,1,32
"3026",0,0,0,0,0,0,1,47
"3027",0,0,0,0,0,0,1,115
"3028",0,0,0,0,0,0,1,21
"3029",0,0,0,0,0,0,1,21
"3030",0,0,0,0,0,0,1,9
"3031",0,0,0,0,0,0,1,29
"3032",0,0,0,0,0,0,1,41
"3033",0,0,0,0,0,0,1,30
"3034",0,0,0,0,0,0,1,1
"3035",0,0,0,0,0,0,1,13
"3036",0,0,0,0,0,0,1,106
"3037",0,0,0,0,0,0,1,1
"3038",0,0,0,0,0,0,1,7
"3039",0,0,0,0,0,0,1,6
"3040",0,0,0,0,0,0,1,14
"3041",0,0,0,0,0,0,1,9
"3042",0,0,0,0,0,0,1,15
"3043",0,0,0,0,0,0,1,180
"3044",0,0,0,0,0,0,1,20
"3045",0,0,0,0,0,0,1,8
"3046",0,0,0,0,0,0,1,3
"3047",0,0,0,0,0,0,1,5
"3048",0,0,0,0,0,0,1,128
"3049",0,0,0,0,0,0,1,37
"3050",0,0,0,0,0,0,1,120
"3051",0,0,0,0,0,0,1,2
"3052",0,0,0,0,0,0,1,50
"3053",0,0,0,0,0,0,1,20
"3054",0,0,0,0,0,0,1,5
"3055",0,0,0,0,0,0,1,30
"3056",0,0,0,0,0,0,1,4
"3057",0,0,0,0,0,0,1,180
"3058",0,0,0,0,0,0,1,1
"3059",0,0,0,0,0,0,1,14
"3060",0,0,0,0,0,0,1,101
"3061",0,0,0,0,0,0,1,32
"3062",0,0,0,0,0,0,1,1
"3063",0,0,0,0,0,0,1,4
"3064",0,0,0,0,0,0,1,65
"3065",0,0,0,0,0,0,1,42
"3066",0,0,0,0,0,0,1,180
"3067",0,0,0,0,0,0,1,3
"3068",0,0,0,0,0,0,1,40
"3069",0,0,0,0,0,0,1,26
"3070",0,0,0,0,0,0,1,7
"3071",0,0,0,0,0,0,1,180
"3072",0,0,0,0,0,0,1,40
"3073",0,0,0,0,0,0,1,32
"3074",0,0,0,0,0,0,1,5
"3075",0,0,0,0,0,0,1,70
"3076",0,0,0,0,0,0,1,14
"3077",0,0,0,0,0,0,1,11
"3078",0,0,0,0,0,0,1,24
"3079",0,0,0,0,0,0,1,10
"3080",0,0,0,0,0,0,1,5
"3081",0,0,0,0,0,0,1,40
"3082",0,0,0,0,0,0,1,1
"3083",0,0,0,0,0,0,1,4
"3084",0,0,0,0,0,0,1,19
"3085",0,0,0,0,0,0,1,4
"3086",0,0,0,0,0,0,1,7
"3087",0,0,0,0,0,0,1,90
"3088",0,0,0,0,0,0,1,8
"3089",0,0,0,0,0,0,1,137
"3090",0,0,0,0,0,0,1,5
"3091",0,0,0,0,0,0,1,12
"3092",0,0,0,0,0,0,1,65
"3093",0,0,0,0,0,0,1,41
"3094",0,0,0,0,0,0,1,42
"3095",0,0,0,0,0,0,1,2
"3096",0,0,0,0,0,0,1,5
"3097",0,0,0,0,0,0,1,5
"3098",0,0,0,0,0,0,1,30
"3099",0,0,0,0,0,0,1,10
"3100",0,0,0,0,0,0,1,84
"3101",0,0,0,0,0,0,1,45
"3102",0,0,0,0,0,0,1,58
"3103",0,0,0,0,0,0,1,180
"3104",0,0,0,0,0,0,1,3
"3105",0,0,0,0,0,0,1,180
"3106",0,0,0,0,0,0,1,26
"3107",0,0,0,0,0,0,1,18
"3108",0,0,0,0,0,0,1,1
"3109",0,0,0,0,0,0,1,6
"3110",0,0,0,0,0,0,1,3
"3111",0,0,0,0,0,0,1,68
"3112",0,0,0,0,0,0,1,3
"3113",0,0,0,0,0,0,1,54
"3114",0,0,0,0,0,0,1,32
"3115",0,0,0,0,0,0,1,34
"3116",0,0,0,0,0,0,1,2
"3117",0,0,0,0,0,0,1,12
"3118",0,0,0,0,0,0,1,72
"3119",0,0,0,0,0,0,1,180
"3120",0,0,0,0,0,0,1,3
"3121",0,0,0,0,0,0,1,67
"3122",0,0,0,0,0,0,1,10
"3123",0,0,0,0,0,0,1,4
"3124",0,0,0,0,0,0,1,8
