"","1","2","5-Mar","10-Jun","20-Nov","21-30","31+","value"
"1",1,0,0,0,0,0,0,1
"2",1,0,0,0,0,0,0,1
"3",1,0,0,0,0,0,0,1
"4",1,0,0,0,0,0,0,1
"5",1,0,0,0,0,0,0,1
"6",1,0,0,0,0,0,0,1
"7",1,0,0,0,0,0,0,1
"8",1,0,0,0,0,0,0,1
"9",1,0,0,0,0,0,0,1
"10",1,0,0,0,0,0,0,1
"11",1,0,0,0,0,0,0,1
"12",1,0,0,0,0,0,0,1
"13",1,0,0,0,0,0,0,1
"14",1,0,0,0,0,0,0,1
"15",1,0,0,0,0,0,0,1
"16",1,0,0,0,0,0,0,1
"17",1,0,0,0,0,0,0,1
"18",1,0,0,0,0,0,0,1
"19",1,0,0,0,0,0,0,1
"20",1,0,0,0,0,0,0,1
"21",1,0,0,0,0,0,0,1
"22",1,0,0,0,0,0,0,1
"23",1,0,0,0,0,0,0,1
"24",1,0,0,0,0,0,0,1
"25",1,0,0,0,0,0,0,1
"26",1,0,0,0,0,0,0,1
"27",1,0,0,0,0,0,0,1
"28",1,0,0,0,0,0,0,1
"29",1,0,0,0,0,0,0,1
"30",1,0,0,0,0,0,0,1
"31",1,0,0,0,0,0,0,1
"32",1,0,0,0,0,0,0,1
"33",1,0,0,0,0,0,0,1
"34",1,0,0,0,0,0,0,1
"35",1,0,0,0,0,0,0,1
"36",1,0,0,0,0,0,0,1
"37",1,0,0,0,0,0,0,1
"38",1,0,0,0,0,0,0,1
"39",1,0,0,0,0,0,0,1
"40",1,0,0,0,0,0,0,1
"41",1,0,0,0,0,0,0,1
"42",1,0,0,0,0,0,0,1
"43",1,0,0,0,0,0,0,1
"44",1,0,0,0,0,0,0,1
"45",1,0,0,0,0,0,0,1
"46",1,0,0,0,0,0,0,1
"47",1,0,0,0,0,0,0,1
"48",1,0,0,0,0,0,0,1
"49",1,0,0,0,0,0,0,1
"50",1,0,0,0,0,0,0,1
"51",1,0,0,0,0,0,0,1
"52",1,0,0,0,0,0,0,1
"53",1,0,0,0,0,0,0,1
"54",1,0,0,0,0,0,0,1
"55",1,0,0,0,0,0,0,1
"56",1,0,0,0,0,0,0,1
"57",1,0,0,0,0,0,0,1
"58",1,0,0,0,0,0,0,1
"59",1,0,0,0,0,0,0,1
"60",1,0,0,0,0,0,0,1
"61",1,0,0,0,0,0,0,1
"62",1,0,0,0,0,0,0,1
"63",1,0,0,0,0,0,0,1
"64",1,0,0,0,0,0,0,1
"65",1,0,0,0,0,0,0,1
"66",1,0,0,0,0,0,0,1
"67",1,0,0,0,0,0,0,1
"68",1,0,0,0,0,0,0,1
"69",1,0,0,0,0,0,0,1
"70",1,0,0,0,0,0,0,1
"71",1,0,0,0,0,0,0,1
"72",1,0,0,0,0,0,0,1
"73",1,0,0,0,0,0,0,1
"74",1,0,0,0,0,0,0,1
"75",1,0,0,0,0,0,0,1
"76",1,0,0,0,0,0,0,1
"77",1,0,0,0,0,0,0,1
"78",1,0,0,0,0,0,0,1
"79",1,0,0,0,0,0,0,1
"80",1,0,0,0,0,0,0,1
"81",1,0,0,0,0,0,0,1
"82",1,0,0,0,0,0,0,1
"83",1,0,0,0,0,0,0,1
"84",1,0,0,0,0,0,0,1
"85",1,0,0,0,0,0,0,1
"86",1,0,0,0,0,0,0,1
"87",1,0,0,0,0,0,0,1
"88",1,0,0,0,0,0,0,1
"89",1,0,0,0,0,0,0,1
"90",1,0,0,0,0,0,0,1
"91",1,0,0,0,0,0,0,1
"92",1,0,0,0,0,0,0,1
"93",1,0,0,0,0,0,0,1
"94",1,0,0,0,0,0,0,1
"95",1,0,0,0,0,0,0,1
"96",1,0,0,0,0,0,0,1
"97",1,0,0,0,0,0,0,1
"98",1,0,0,0,0,0,0,1
"99",1,0,0,0,0,0,0,1
"100",1,0,0,0,0,0,0,1
"101",1,0,0,0,0,0,0,1
"102",1,0,0,0,0,0,0,1
"103",1,0,0,0,0,0,0,1
"104",1,0,0,0,0,0,0,1
"105",1,0,0,0,0,0,0,1
"106",1,0,0,0,0,0,0,1
"107",1,0,0,0,0,0,0,1
"108",1,0,0,0,0,0,0,1
"109",1,0,0,0,0,0,0,1
"110",1,0,0,0,0,0,0,1
"111",1,0,0,0,0,0,0,1
"112",1,0,0,0,0,0,0,1
"113",1,0,0,0,0,0,0,1
"114",1,0,0,0,0,0,0,1
"115",1,0,0,0,0,0,0,1
"116",1,0,0,0,0,0,0,1
"117",1,0,0,0,0,0,0,1
"118",1,0,0,0,0,0,0,1
"119",1,0,0,0,0,0,0,1
"120",1,0,0,0,0,0,0,1
"121",1,0,0,0,0,0,0,1
"122",1,0,0,0,0,0,0,1
"123",1,0,0,0,0,0,0,1
"124",1,0,0,0,0,0,0,1
"125",1,0,0,0,0,0,0,1
"126",1,0,0,0,0,0,0,1
"127",1,0,0,0,0,0,0,1
"128",1,0,0,0,0,0,0,1
"129",1,0,0,0,0,0,0,1
"130",1,0,0,0,0,0,0,1
"131",1,0,0,0,0,0,0,1
"132",1,0,0,0,0,0,0,1
"133",1,0,0,0,0,0,0,1
"134",1,0,0,0,0,0,0,1
"135",1,0,0,0,0,0,0,1
"136",1,0,0,0,0,0,0,1
"137",1,0,0,0,0,0,0,1
"138",1,0,0,0,0,0,0,1
"139",1,0,0,0,0,0,0,1
"140",1,0,0,0,0,0,0,1
"141",1,0,0,0,0,0,0,1
"142",1,0,0,0,0,0,0,1
"143",1,0,0,0,0,0,0,1
"144",1,0,0,0,0,0,0,1
"145",1,0,0,0,0,0,0,1
"146",1,0,0,0,0,0,0,1
"147",1,0,0,0,0,0,0,1
"148",1,0,0,0,0,0,0,1
"149",1,0,0,0,0,0,0,1
"150",1,0,0,0,0,0,0,1
"151",1,0,0,0,0,0,0,1
"152",1,0,0,0,0,0,0,1
"153",1,0,0,0,0,0,0,1
"154",1,0,0,0,0,0,0,1
"155",1,0,0,0,0,0,0,1
"156",1,0,0,0,0,0,0,1
"157",1,0,0,0,0,0,0,1
"158",1,0,0,0,0,0,0,1
"159",1,0,0,0,0,0,0,1
"160",1,0,0,0,0,0,0,1
"161",1,0,0,0,0,0,0,1
"162",1,0,0,0,0,0,0,1
"163",1,0,0,0,0,0,0,1
"164",1,0,0,0,0,0,0,1
"165",1,0,0,0,0,0,0,1
"166",1,0,0,0,0,0,0,1
"167",1,0,0,0,0,0,0,1
"168",1,0,0,0,0,0,0,1
"169",1,0,0,0,0,0,0,1
"170",1,0,0,0,0,0,0,1
"171",1,0,0,0,0,0,0,1
"172",1,0,0,0,0,0,0,1
"173",1,0,0,0,0,0,0,1
"174",1,0,0,0,0,0,0,1
"175",1,0,0,0,0,0,0,1
"176",1,0,0,0,0,0,0,1
"177",1,0,0,0,0,0,0,1
"178",1,0,0,0,0,0,0,1
"179",1,0,0,0,0,0,0,1
"180",1,0,0,0,0,0,0,1
"181",1,0,0,0,0,0,0,1
"182",1,0,0,0,0,0,0,1
"183",1,0,0,0,0,0,0,1
"184",1,0,0,0,0,0,0,1
"185",1,0,0,0,0,0,0,1
"186",1,0,0,0,0,0,0,1
"187",1,0,0,0,0,0,0,1
"188",1,0,0,0,0,0,0,1
"189",1,0,0,0,0,0,0,1
"190",1,0,0,0,0,0,0,1
"191",1,0,0,0,0,0,0,1
"192",1,0,0,0,0,0,0,1
"193",1,0,0,0,0,0,0,1
"194",1,0,0,0,0,0,0,1
"195",1,0,0,0,0,0,0,1
"196",1,0,0,0,0,0,0,1
"197",1,0,0,0,0,0,0,1
"198",1,0,0,0,0,0,0,1
"199",1,0,0,0,0,0,0,1
"200",1,0,0,0,0,0,0,1
"201",1,0,0,0,0,0,0,1
"202",1,0,0,0,0,0,0,1
"203",1,0,0,0,0,0,0,1
"204",1,0,0,0,0,0,0,1
"205",1,0,0,0,0,0,0,1
"206",1,0,0,0,0,0,0,1
"207",1,0,0,0,0,0,0,1
"208",1,0,0,0,0,0,0,1
"209",1,0,0,0,0,0,0,1
"210",1,0,0,0,0,0,0,1
"211",1,0,0,0,0,0,0,1
"212",1,0,0,0,0,0,0,1
"213",1,0,0,0,0,0,0,1
"214",1,0,0,0,0,0,0,1
"215",1,0,0,0,0,0,0,1
"216",1,0,0,0,0,0,0,1
"217",1,0,0,0,0,0,0,1
"218",1,0,0,0,0,0,0,1
"219",1,0,0,0,0,0,0,1
"220",1,0,0,0,0,0,0,1
"221",1,0,0,0,0,0,0,1
"222",1,0,0,0,0,0,0,1
"223",1,0,0,0,0,0,0,1
"224",1,0,0,0,0,0,0,1
"225",1,0,0,0,0,0,0,1
"226",1,0,0,0,0,0,0,1
"227",1,0,0,0,0,0,0,1
"228",1,0,0,0,0,0,0,1
"229",1,0,0,0,0,0,0,1
"230",1,0,0,0,0,0,0,1
"231",1,0,0,0,0,0,0,1
"232",1,0,0,0,0,0,0,1
"233",1,0,0,0,0,0,0,1
"234",1,0,0,0,0,0,0,1
"235",1,0,0,0,0,0,0,1
"236",1,0,0,0,0,0,0,1
"237",1,0,0,0,0,0,0,1
"238",1,0,0,0,0,0,0,1
"239",1,0,0,0,0,0,0,1
"240",1,0,0,0,0,0,0,1
"241",1,0,0,0,0,0,0,1
"242",1,0,0,0,0,0,0,1
"243",1,0,0,0,0,0,0,1
"244",1,0,0,0,0,0,0,1
"245",1,0,0,0,0,0,0,1
"246",1,0,0,0,0,0,0,1
"247",1,0,0,0,0,0,0,1
"248",1,0,0,0,0,0,0,1
"249",1,0,0,0,0,0,0,1
"250",1,0,0,0,0,0,0,1
"251",1,0,0,0,0,0,0,1
"252",1,0,0,0,0,0,0,1
"253",1,0,0,0,0,0,0,1
"254",1,0,0,0,0,0,0,1
"255",1,0,0,0,0,0,0,1
"256",1,0,0,0,0,0,0,1
"257",1,0,0,0,0,0,0,1
"258",1,0,0,0,0,0,0,1
"259",1,0,0,0,0,0,0,1
"260",1,0,0,0,0,0,0,1
"261",1,0,0,0,0,0,0,1
"262",1,0,0,0,0,0,0,1
"263",1,0,0,0,0,0,0,1
"264",1,0,0,0,0,0,0,1
"265",1,0,0,0,0,0,0,1
"266",1,0,0,0,0,0,0,1
"267",1,0,0,0,0,0,0,1
"268",1,0,0,0,0,0,0,1
"269",1,0,0,0,0,0,0,1
"270",1,0,0,0,0,0,0,1
"271",1,0,0,0,0,0,0,1
"272",1,0,0,0,0,0,0,1
"273",1,0,0,0,0,0,0,1
"274",1,0,0,0,0,0,0,1
"275",1,0,0,0,0,0,0,1
"276",1,0,0,0,0,0,0,1
"277",1,0,0,0,0,0,0,1
"278",1,0,0,0,0,0,0,1
"279",1,0,0,0,0,0,0,1
"280",1,0,0,0,0,0,0,1
"281",1,0,0,0,0,0,0,1
"282",1,0,0,0,0,0,0,1
"283",1,0,0,0,0,0,0,1
"284",1,0,0,0,0,0,0,1
"285",1,0,0,0,0,0,0,1
"286",1,0,0,0,0,0,0,1
"287",1,0,0,0,0,0,0,1
"288",1,0,0,0,0,0,0,1
"289",1,0,0,0,0,0,0,1
"290",1,0,0,0,0,0,0,1
"291",1,0,0,0,0,0,0,1
"292",1,0,0,0,0,0,0,1
"293",1,0,0,0,0,0,0,1
"294",1,0,0,0,0,0,0,1
"295",1,0,0,0,0,0,0,1
"296",1,0,0,0,0,0,0,1
"297",1,0,0,0,0,0,0,1
"298",1,0,0,0,0,0,0,1
"299",1,0,0,0,0,0,0,1
"300",1,0,0,0,0,0,0,1
"301",1,0,0,0,0,0,0,1
"302",1,0,0,0,0,0,0,1
"303",1,0,0,0,0,0,0,1
"304",1,0,0,0,0,0,0,1
"305",1,0,0,0,0,0,0,1
"306",1,0,0,0,0,0,0,1
"307",1,0,0,0,0,0,0,1
"308",1,0,0,0,0,0,0,1
"309",1,0,0,0,0,0,0,1
"310",1,0,0,0,0,0,0,1
"311",1,0,0,0,0,0,0,1
"312",1,0,0,0,0,0,0,1
"313",1,0,0,0,0,0,0,1
"314",1,0,0,0,0,0,0,1
"315",1,0,0,0,0,0,0,1
"316",1,0,0,0,0,0,0,1
"317",1,0,0,0,0,0,0,1
"318",1,0,0,0,0,0,0,1
"319",1,0,0,0,0,0,0,1
"320",1,0,0,0,0,0,0,1
"321",1,0,0,0,0,0,0,1
"322",1,0,0,0,0,0,0,1
"323",1,0,0,0,0,0,0,1
"324",1,0,0,0,0,0,0,1
"325",1,0,0,0,0,0,0,1
"326",1,0,0,0,0,0,0,1
"327",1,0,0,0,0,0,0,1
"328",1,0,0,0,0,0,0,1
"329",1,0,0,0,0,0,0,1
"330",1,0,0,0,0,0,0,1
"331",1,0,0,0,0,0,0,1
"332",1,0,0,0,0,0,0,1
"333",1,0,0,0,0,0,0,1
"334",1,0,0,0,0,0,0,1
"335",1,0,0,0,0,0,0,1
"336",1,0,0,0,0,0,0,1
"337",1,0,0,0,0,0,0,1
"338",1,0,0,0,0,0,0,1
"339",1,0,0,0,0,0,0,1
"340",1,0,0,0,0,0,0,1
"341",1,0,0,0,0,0,0,1
"342",1,0,0,0,0,0,0,1
"343",1,0,0,0,0,0,0,1
"344",1,0,0,0,0,0,0,1
"345",1,0,0,0,0,0,0,1
"346",1,0,0,0,0,0,0,1
"347",1,0,0,0,0,0,0,1
"348",1,0,0,0,0,0,0,1
"349",1,0,0,0,0,0,0,1
"350",1,0,0,0,0,0,0,1
"351",1,0,0,0,0,0,0,1
"352",1,0,0,0,0,0,0,1
"353",1,0,0,0,0,0,0,1
"354",1,0,0,0,0,0,0,1
"355",1,0,0,0,0,0,0,1
"356",1,0,0,0,0,0,0,1
"357",1,0,0,0,0,0,0,1
"358",1,0,0,0,0,0,0,1
"359",1,0,0,0,0,0,0,1
"360",1,0,0,0,0,0,0,1
"361",1,0,0,0,0,0,0,1
"362",1,0,0,0,0,0,0,1
"363",1,0,0,0,0,0,0,1
"364",1,0,0,0,0,0,0,1
"365",1,0,0,0,0,0,0,1
"366",1,0,0,0,0,0,0,1
"367",1,0,0,0,0,0,0,1
"368",1,0,0,0,0,0,0,1
"369",1,0,0,0,0,0,0,1
"370",1,0,0,0,0,0,0,1
"371",1,0,0,0,0,0,0,1
"372",1,0,0,0,0,0,0,1
"373",1,0,0,0,0,0,0,1
"374",1,0,0,0,0,0,0,1
"375",1,0,0,0,0,0,0,1
"376",1,0,0,0,0,0,0,1
"377",1,0,0,0,0,0,0,1
"378",1,0,0,0,0,0,0,1
"379",1,0,0,0,0,0,0,1
"380",1,0,0,0,0,0,0,1
"381",1,0,0,0,0,0,0,1
"382",1,0,0,0,0,0,0,1
"383",1,0,0,0,0,0,0,1
"384",1,0,0,0,0,0,0,1
"385",1,0,0,0,0,0,0,1
"386",1,0,0,0,0,0,0,1
"387",1,0,0,0,0,0,0,1
"388",1,0,0,0,0,0,0,1
"389",1,0,0,0,0,0,0,1
"390",1,0,0,0,0,0,0,1
"391",1,0,0,0,0,0,0,1
"392",1,0,0,0,0,0,0,1
"393",1,0,0,0,0,0,0,1
"394",1,0,0,0,0,0,0,1
"395",1,0,0,0,0,0,0,1
"396",1,0,0,0,0,0,0,1
"397",1,0,0,0,0,0,0,1
"398",1,0,0,0,0,0,0,1
"399",1,0,0,0,0,0,0,1
"400",1,0,0,0,0,0,0,1
"401",1,0,0,0,0,0,0,1
"402",1,0,0,0,0,0,0,1
"403",1,0,0,0,0,0,0,1
"404",1,0,0,0,0,0,0,1
"405",1,0,0,0,0,0,0,1
"406",1,0,0,0,0,0,0,1
"407",1,0,0,0,0,0,0,1
"408",1,0,0,0,0,0,0,1
"409",1,0,0,0,0,0,0,1
"410",1,0,0,0,0,0,0,1
"411",1,0,0,0,0,0,0,1
"412",1,0,0,0,0,0,0,1
"413",1,0,0,0,0,0,0,1
"414",1,0,0,0,0,0,0,1
"415",1,0,0,0,0,0,0,1
"416",1,0,0,0,0,0,0,1
"417",1,0,0,0,0,0,0,1
"418",1,0,0,0,0,0,0,1
"419",1,0,0,0,0,0,0,1
"420",1,0,0,0,0,0,0,1
"421",1,0,0,0,0,0,0,1
"422",1,0,0,0,0,0,0,1
"423",1,0,0,0,0,0,0,1
"424",1,0,0,0,0,0,0,1
"425",1,0,0,0,0,0,0,1
"426",1,0,0,0,0,0,0,1
"427",1,0,0,0,0,0,0,1
"428",1,0,0,0,0,0,0,1
"429",1,0,0,0,0,0,0,1
"430",1,0,0,0,0,0,0,1
"431",1,0,0,0,0,0,0,1
"432",1,0,0,0,0,0,0,1
"433",1,0,0,0,0,0,0,1
"434",1,0,0,0,0,0,0,1
"435",1,0,0,0,0,0,0,1
"436",1,0,0,0,0,0,0,1
"437",1,0,0,0,0,0,0,1
"438",1,0,0,0,0,0,0,1
"439",1,0,0,0,0,0,0,1
"440",1,0,0,0,0,0,0,1
"441",1,0,0,0,0,0,0,1
"442",1,0,0,0,0,0,0,1
"443",1,0,0,0,0,0,0,1
"444",1,0,0,0,0,0,0,1
"445",1,0,0,0,0,0,0,1
"446",1,0,0,0,0,0,0,1
"447",1,0,0,0,0,0,0,1
"448",1,0,0,0,0,0,0,1
"449",1,0,0,0,0,0,0,1
"450",1,0,0,0,0,0,0,1
"451",1,0,0,0,0,0,0,1
"452",1,0,0,0,0,0,0,1
"453",1,0,0,0,0,0,0,1
"454",1,0,0,0,0,0,0,1
"455",1,0,0,0,0,0,0,1
"456",1,0,0,0,0,0,0,1
"457",1,0,0,0,0,0,0,1
"458",1,0,0,0,0,0,0,1
"459",1,0,0,0,0,0,0,1
"460",1,0,0,0,0,0,0,1
"461",1,0,0,0,0,0,0,1
"462",1,0,0,0,0,0,0,1
"463",1,0,0,0,0,0,0,1
"464",1,0,0,0,0,0,0,1
"465",1,0,0,0,0,0,0,1
"466",1,0,0,0,0,0,0,1
"467",1,0,0,0,0,0,0,1
"468",1,0,0,0,0,0,0,1
"469",1,0,0,0,0,0,0,1
"470",1,0,0,0,0,0,0,1
"471",1,0,0,0,0,0,0,1
"472",1,0,0,0,0,0,0,1
"473",1,0,0,0,0,0,0,1
"474",1,0,0,0,0,0,0,1
"475",1,0,0,0,0,0,0,1
"476",1,0,0,0,0,0,0,1
"477",1,0,0,0,0,0,0,1
"478",1,0,0,0,0,0,0,1
"479",1,0,0,0,0,0,0,1
"480",1,0,0,0,0,0,0,1
"481",1,0,0,0,0,0,0,1
"482",1,0,0,0,0,0,0,1
"483",1,0,0,0,0,0,0,1
"484",1,0,0,0,0,0,0,1
"485",1,0,0,0,0,0,0,1
"486",1,0,0,0,0,0,0,1
"487",1,0,0,0,0,0,0,1
"488",1,0,0,0,0,0,0,1
"489",1,0,0,0,0,0,0,1
"490",1,0,0,0,0,0,0,1
"491",1,0,0,0,0,0,0,1
"492",1,0,0,0,0,0,0,1
"493",1,0,0,0,0,0,0,1
"494",1,0,0,0,0,0,0,1
"495",1,0,0,0,0,0,0,1
"496",1,0,0,0,0,0,0,1
"497",1,0,0,0,0,0,0,1
"498",1,0,0,0,0,0,0,1
"499",1,0,0,0,0,0,0,1
"500",1,0,0,0,0,0,0,1
"501",1,0,0,0,0,0,0,1
"502",1,0,0,0,0,0,0,1
"503",1,0,0,0,0,0,0,1
"504",1,0,0,0,0,0,0,1
"505",1,0,0,0,0,0,0,1
"506",1,0,0,0,0,0,0,1
"507",1,0,0,0,0,0,0,1
"508",1,0,0,0,0,0,0,1
"509",1,0,0,0,0,0,0,1
"510",1,0,0,0,0,0,0,1
"511",1,0,0,0,0,0,0,1
"512",1,0,0,0,0,0,0,1
"513",1,0,0,0,0,0,0,1
"514",1,0,0,0,0,0,0,1
"515",1,0,0,0,0,0,0,1
"516",1,0,0,0,0,0,0,1
"517",1,0,0,0,0,0,0,1
"518",1,0,0,0,0,0,0,1
"519",1,0,0,0,0,0,0,1
"520",1,0,0,0,0,0,0,1
"521",1,0,0,0,0,0,0,1
"522",1,0,0,0,0,0,0,1
"523",1,0,0,0,0,0,0,1
"524",1,0,0,0,0,0,0,1
"525",1,0,0,0,0,0,0,1
"526",1,0,0,0,0,0,0,1
"527",1,0,0,0,0,0,0,1
"528",1,0,0,0,0,0,0,1
"529",1,0,0,0,0,0,0,1
"530",1,0,0,0,0,0,0,1
"531",1,0,0,0,0,0,0,1
"532",1,0,0,0,0,0,0,1
"533",1,0,0,0,0,0,0,1
"534",1,0,0,0,0,0,0,1
"535",1,0,0,0,0,0,0,1
"536",1,0,0,0,0,0,0,1
"537",1,0,0,0,0,0,0,1
"538",1,0,0,0,0,0,0,1
"539",1,0,0,0,0,0,0,1
"540",0,1,0,0,0,0,0,2
"541",0,1,0,0,0,0,0,2
"542",0,1,0,0,0,0,0,2
"543",0,1,0,0,0,0,0,2
"544",0,1,0,0,0,0,0,2
"545",0,1,0,0,0,0,0,2
"546",0,1,0,0,0,0,0,2
"547",0,1,0,0,0,0,0,2
"548",0,1,0,0,0,0,0,2
"549",0,1,0,0,0,0,0,2
"550",0,1,0,0,0,0,0,2
"551",0,1,0,0,0,0,0,2
"552",0,1,0,0,0,0,0,2
"553",0,1,0,0,0,0,0,2
"554",0,1,0,0,0,0,0,2
"555",0,1,0,0,0,0,0,2
"556",0,1,0,0,0,0,0,2
"557",0,1,0,0,0,0,0,2
"558",0,1,0,0,0,0,0,2
"559",0,1,0,0,0,0,0,2
"560",0,1,0,0,0,0,0,2
"561",0,1,0,0,0,0,0,2
"562",0,1,0,0,0,0,0,2
"563",0,1,0,0,0,0,0,2
"564",0,1,0,0,0,0,0,2
"565",0,1,0,0,0,0,0,2
"566",0,1,0,0,0,0,0,2
"567",0,1,0,0,0,0,0,2
"568",0,1,0,0,0,0,0,2
"569",0,1,0,0,0,0,0,2
"570",0,1,0,0,0,0,0,2
"571",0,1,0,0,0,0,0,2
"572",0,1,0,0,0,0,0,2
"573",0,1,0,0,0,0,0,2
"574",0,1,0,0,0,0,0,2
"575",0,1,0,0,0,0,0,2
"576",0,1,0,0,0,0,0,2
"577",0,1,0,0,0,0,0,2
"578",0,1,0,0,0,0,0,2
"579",0,1,0,0,0,0,0,2
"580",0,1,0,0,0,0,0,2
"581",0,1,0,0,0,0,0,2
"582",0,1,0,0,0,0,0,2
"583",0,1,0,0,0,0,0,2
"584",0,1,0,0,0,0,0,2
"585",0,1,0,0,0,0,0,2
"586",0,1,0,0,0,0,0,2
"587",0,1,0,0,0,0,0,2
"588",0,1,0,0,0,0,0,2
"589",0,1,0,0,0,0,0,2
"590",0,1,0,0,0,0,0,2
"591",0,1,0,0,0,0,0,2
"592",0,1,0,0,0,0,0,2
"593",0,1,0,0,0,0,0,2
"594",0,1,0,0,0,0,0,2
"595",0,1,0,0,0,0,0,2
"596",0,1,0,0,0,0,0,2
"597",0,1,0,0,0,0,0,2
"598",0,1,0,0,0,0,0,2
"599",0,1,0,0,0,0,0,2
"600",0,1,0,0,0,0,0,2
"601",0,1,0,0,0,0,0,2
"602",0,1,0,0,0,0,0,2
"603",0,1,0,0,0,0,0,2
"604",0,1,0,0,0,0,0,2
"605",0,1,0,0,0,0,0,2
"606",0,1,0,0,0,0,0,2
"607",0,1,0,0,0,0,0,2
"608",0,1,0,0,0,0,0,2
"609",0,1,0,0,0,0,0,2
"610",0,1,0,0,0,0,0,2
"611",0,1,0,0,0,0,0,2
"612",0,1,0,0,0,0,0,2
"613",0,1,0,0,0,0,0,2
"614",0,1,0,0,0,0,0,2
"615",0,1,0,0,0,0,0,2
"616",0,1,0,0,0,0,0,2
"617",0,1,0,0,0,0,0,2
"618",0,1,0,0,0,0,0,2
"619",0,1,0,0,0,0,0,2
"620",0,1,0,0,0,0,0,2
"621",0,1,0,0,0,0,0,2
"622",0,1,0,0,0,0,0,2
"623",0,1,0,0,0,0,0,2
"624",0,1,0,0,0,0,0,2
"625",0,1,0,0,0,0,0,2
"626",0,1,0,0,0,0,0,2
"627",0,1,0,0,0,0,0,2
"628",0,1,0,0,0,0,0,2
"629",0,1,0,0,0,0,0,2
"630",0,1,0,0,0,0,0,2
"631",0,1,0,0,0,0,0,2
"632",0,1,0,0,0,0,0,2
"633",0,1,0,0,0,0,0,2
"634",0,1,0,0,0,0,0,2
"635",0,1,0,0,0,0,0,2
"636",0,1,0,0,0,0,0,2
"637",0,1,0,0,0,0,0,2
"638",0,1,0,0,0,0,0,2
"639",0,1,0,0,0,0,0,2
"640",0,1,0,0,0,0,0,2
"641",0,1,0,0,0,0,0,2
"642",0,1,0,0,0,0,0,2
"643",0,1,0,0,0,0,0,2
"644",0,1,0,0,0,0,0,2
"645",0,1,0,0,0,0,0,2
"646",0,1,0,0,0,0,0,2
"647",0,1,0,0,0,0,0,2
"648",0,1,0,0,0,0,0,2
"649",0,1,0,0,0,0,0,2
"650",0,1,0,0,0,0,0,2
"651",0,1,0,0,0,0,0,2
"652",0,1,0,0,0,0,0,2
"653",0,1,0,0,0,0,0,2
"654",0,1,0,0,0,0,0,2
"655",0,1,0,0,0,0,0,2
"656",0,1,0,0,0,0,0,2
"657",0,1,0,0,0,0,0,2
"658",0,1,0,0,0,0,0,2
"659",0,1,0,0,0,0,0,2
"660",0,1,0,0,0,0,0,2
"661",0,1,0,0,0,0,0,2
"662",0,1,0,0,0,0,0,2
"663",0,1,0,0,0,0,0,2
"664",0,1,0,0,0,0,0,2
"665",0,1,0,0,0,0,0,2
"666",0,1,0,0,0,0,0,2
"667",0,1,0,0,0,0,0,2
"668",0,1,0,0,0,0,0,2
"669",0,1,0,0,0,0,0,2
"670",0,1,0,0,0,0,0,2
"671",0,1,0,0,0,0,0,2
"672",0,1,0,0,0,0,0,2
"673",0,1,0,0,0,0,0,2
"674",0,1,0,0,0,0,0,2
"675",0,1,0,0,0,0,0,2
"676",0,1,0,0,0,0,0,2
"677",0,1,0,0,0,0,0,2
"678",0,1,0,0,0,0,0,2
"679",0,1,0,0,0,0,0,2
"680",0,1,0,0,0,0,0,2
"681",0,1,0,0,0,0,0,2
"682",0,1,0,0,0,0,0,2
"683",0,1,0,0,0,0,0,2
"684",0,1,0,0,0,0,0,2
"685",0,1,0,0,0,0,0,2
"686",0,1,0,0,0,0,0,2
"687",0,1,0,0,0,0,0,2
"688",0,1,0,0,0,0,0,2
"689",0,1,0,0,0,0,0,2
"690",0,1,0,0,0,0,0,2
"691",0,1,0,0,0,0,0,2
"692",0,1,0,0,0,0,0,2
"693",0,1,0,0,0,0,0,2
"694",0,1,0,0,0,0,0,2
"695",0,1,0,0,0,0,0,2
"696",0,1,0,0,0,0,0,2
"697",0,1,0,0,0,0,0,2
"698",0,1,0,0,0,0,0,2
"699",0,1,0,0,0,0,0,2
"700",0,1,0,0,0,0,0,2
"701",0,1,0,0,0,0,0,2
"702",0,1,0,0,0,0,0,2
"703",0,1,0,0,0,0,0,2
"704",0,1,0,0,0,0,0,2
"705",0,1,0,0,0,0,0,2
"706",0,1,0,0,0,0,0,2
"707",0,1,0,0,0,0,0,2
"708",0,1,0,0,0,0,0,2
"709",0,1,0,0,0,0,0,2
"710",0,1,0,0,0,0,0,2
"711",0,1,0,0,0,0,0,2
"712",0,1,0,0,0,0,0,2
"713",0,1,0,0,0,0,0,2
"714",0,1,0,0,0,0,0,2
"715",0,1,0,0,0,0,0,2
"716",0,1,0,0,0,0,0,2
"717",0,1,0,0,0,0,0,2
"718",0,1,0,0,0,0,0,2
"719",0,1,0,0,0,0,0,2
"720",0,1,0,0,0,0,0,2
"721",0,1,0,0,0,0,0,2
"722",0,1,0,0,0,0,0,2
"723",0,1,0,0,0,0,0,2
"724",0,1,0,0,0,0,0,2
"725",0,1,0,0,0,0,0,2
"726",0,1,0,0,0,0,0,2
"727",0,1,0,0,0,0,0,2
"728",0,1,0,0,0,0,0,2
"729",0,1,0,0,0,0,0,2
"730",0,1,0,0,0,0,0,2
"731",0,1,0,0,0,0,0,2
"732",0,1,0,0,0,0,0,2
"733",0,1,0,0,0,0,0,2
"734",0,1,0,0,0,0,0,2
"735",0,1,0,0,0,0,0,2
"736",0,1,0,0,0,0,0,2
"737",0,1,0,0,0,0,0,2
"738",0,1,0,0,0,0,0,2
"739",0,1,0,0,0,0,0,2
"740",0,1,0,0,0,0,0,2
"741",0,1,0,0,0,0,0,2
"742",0,1,0,0,0,0,0,2
"743",0,1,0,0,0,0,0,2
"744",0,1,0,0,0,0,0,2
"745",0,1,0,0,0,0,0,2
"746",0,1,0,0,0,0,0,2
"747",0,1,0,0,0,0,0,2
"748",0,1,0,0,0,0,0,2
"749",0,1,0,0,0,0,0,2
"750",0,1,0,0,0,0,0,2
"751",0,1,0,0,0,0,0,2
"752",0,1,0,0,0,0,0,2
"753",0,1,0,0,0,0,0,2
"754",0,1,0,0,0,0,0,2
"755",0,1,0,0,0,0,0,2
"756",0,1,0,0,0,0,0,2
"757",0,1,0,0,0,0,0,2
"758",0,1,0,0,0,0,0,2
"759",0,1,0,0,0,0,0,2
"760",0,1,0,0,0,0,0,2
"761",0,1,0,0,0,0,0,2
"762",0,1,0,0,0,0,0,2
"763",0,1,0,0,0,0,0,2
"764",0,1,0,0,0,0,0,2
"765",0,1,0,0,0,0,0,2
"766",0,1,0,0,0,0,0,2
"767",0,1,0,0,0,0,0,2
"768",0,1,0,0,0,0,0,2
"769",0,1,0,0,0,0,0,2
"770",0,1,0,0,0,0,0,2
"771",0,1,0,0,0,0,0,2
"772",0,1,0,0,0,0,0,2
"773",0,1,0,0,0,0,0,2
"774",0,1,0,0,0,0,0,2
"775",0,1,0,0,0,0,0,2
"776",0,1,0,0,0,0,0,2
"777",0,1,0,0,0,0,0,2
"778",0,1,0,0,0,0,0,2
"779",0,1,0,0,0,0,0,2
"780",0,1,0,0,0,0,0,2
"781",0,1,0,0,0,0,0,2
"782",0,1,0,0,0,0,0,2
"783",0,1,0,0,0,0,0,2
"784",0,1,0,0,0,0,0,2
"785",0,1,0,0,0,0,0,2
"786",0,1,0,0,0,0,0,2
"787",0,1,0,0,0,0,0,2
"788",0,1,0,0,0,0,0,2
"789",0,1,0,0,0,0,0,2
"790",0,1,0,0,0,0,0,2
"791",0,1,0,0,0,0,0,2
"792",0,1,0,0,0,0,0,2
"793",0,1,0,0,0,0,0,2
"794",0,1,0,0,0,0,0,2
"795",0,1,0,0,0,0,0,2
"796",0,1,0,0,0,0,0,2
"797",0,1,0,0,0,0,0,2
"798",0,1,0,0,0,0,0,2
"799",0,1,0,0,0,0,0,2
"800",0,1,0,0,0,0,0,2
"801",0,1,0,0,0,0,0,2
"802",0,1,0,0,0,0,0,2
"803",0,1,0,0,0,0,0,2
"804",0,1,0,0,0,0,0,2
"805",0,1,0,0,0,0,0,2
"806",0,1,0,0,0,0,0,2
"807",0,1,0,0,0,0,0,2
"808",0,1,0,0,0,0,0,2
"809",0,1,0,0,0,0,0,2
"810",0,1,0,0,0,0,0,2
"811",0,1,0,0,0,0,0,2
"812",0,1,0,0,0,0,0,2
"813",0,1,0,0,0,0,0,2
"814",0,1,0,0,0,0,0,2
"815",0,1,0,0,0,0,0,2
"816",0,1,0,0,0,0,0,2
"817",0,1,0,0,0,0,0,2
"818",0,1,0,0,0,0,0,2
"819",0,1,0,0,0,0,0,2
"820",0,1,0,0,0,0,0,2
"821",0,1,0,0,0,0,0,2
"822",0,1,0,0,0,0,0,2
"823",0,1,0,0,0,0,0,2
"824",0,1,0,0,0,0,0,2
"825",0,1,0,0,0,0,0,2
"826",0,1,0,0,0,0,0,2
"827",0,1,0,0,0,0,0,2
"828",0,1,0,0,0,0,0,2
"829",0,1,0,0,0,0,0,2
"830",0,1,0,0,0,0,0,2
"831",0,1,0,0,0,0,0,2
"832",0,1,0,0,0,0,0,2
"833",0,1,0,0,0,0,0,2
"834",0,1,0,0,0,0,0,2
"835",0,1,0,0,0,0,0,2
"836",0,1,0,0,0,0,0,2
"837",0,1,0,0,0,0,0,2
"838",0,1,0,0,0,0,0,2
"839",0,1,0,0,0,0,0,2
"840",0,1,0,0,0,0,0,2
"841",0,1,0,0,0,0,0,2
"842",0,1,0,0,0,0,0,2
"843",0,1,0,0,0,0,0,2
"844",0,1,0,0,0,0,0,2
"845",0,1,0,0,0,0,0,2
"846",0,1,0,0,0,0,0,2
"847",0,1,0,0,0,0,0,2
"848",0,1,0,0,0,0,0,2
"849",0,1,0,0,0,0,0,2
"850",0,1,0,0,0,0,0,2
"851",0,1,0,0,0,0,0,2
"852",0,1,0,0,0,0,0,2
"853",0,1,0,0,0,0,0,2
"854",0,1,0,0,0,0,0,2
"855",0,1,0,0,0,0,0,2
"856",0,1,0,0,0,0,0,2
"857",0,1,0,0,0,0,0,2
"858",0,1,0,0,0,0,0,2
"859",0,1,0,0,0,0,0,2
"860",0,1,0,0,0,0,0,2
"861",0,1,0,0,0,0,0,2
"862",0,1,0,0,0,0,0,2
"863",0,1,0,0,0,0,0,2
"864",0,1,0,0,0,0,0,2
"865",0,1,0,0,0,0,0,2
"866",0,1,0,0,0,0,0,2
"867",0,1,0,0,0,0,0,2
"868",0,1,0,0,0,0,0,2
"869",0,1,0,0,0,0,0,2
"870",0,1,0,0,0,0,0,2
"871",0,1,0,0,0,0,0,2
"872",0,1,0,0,0,0,0,2
"873",0,1,0,0,0,0,0,2
"874",0,1,0,0,0,0,0,2
"875",0,1,0,0,0,0,0,2
"876",0,1,0,0,0,0,0,2
"877",0,1,0,0,0,0,0,2
"878",0,1,0,0,0,0,0,2
"879",0,1,0,0,0,0,0,2
"880",0,1,0,0,0,0,0,2
"881",0,1,0,0,0,0,0,2
"882",0,1,0,0,0,0,0,2
"883",0,1,0,0,0,0,0,2
"884",0,1,0,0,0,0,0,2
"885",0,1,0,0,0,0,0,2
"886",0,1,0,0,0,0,0,2
"887",0,1,0,0,0,0,0,2
"888",0,1,0,0,0,0,0,2
"889",0,1,0,0,0,0,0,2
"890",0,1,0,0,0,0,0,2
"891",0,1,0,0,0,0,0,2
"892",0,1,0,0,0,0,0,2
"893",0,1,0,0,0,0,0,2
"894",0,1,0,0,0,0,0,2
"895",0,1,0,0,0,0,0,2
"896",0,1,0,0,0,0,0,2
"897",0,1,0,0,0,0,0,2
"898",0,1,0,0,0,0,0,2
"899",0,1,0,0,0,0,0,2
"900",0,1,0,0,0,0,0,2
"901",0,1,0,0,0,0,0,2
"902",0,1,0,0,0,0,0,2
"903",0,1,0,0,0,0,0,2
"904",0,1,0,0,0,0,0,2
"905",0,1,0,0,0,0,0,2
"906",0,1,0,0,0,0,0,2
"907",0,1,0,0,0,0,0,2
"908",0,1,0,0,0,0,0,2
"909",0,1,0,0,0,0,0,2
"910",0,1,0,0,0,0,0,2
"911",0,1,0,0,0,0,0,2
"912",0,1,0,0,0,0,0,2
"913",0,1,0,0,0,0,0,2
"914",0,1,0,0,0,0,0,2
"915",0,1,0,0,0,0,0,2
"916",0,1,0,0,0,0,0,2
"917",0,1,0,0,0,0,0,2
"918",0,1,0,0,0,0,0,2
"919",0,1,0,0,0,0,0,2
"920",0,1,0,0,0,0,0,2
"921",0,1,0,0,0,0,0,2
"922",0,1,0,0,0,0,0,2
"923",0,1,0,0,0,0,0,2
"924",0,1,0,0,0,0,0,2
"925",0,1,0,0,0,0,0,2
"926",0,1,0,0,0,0,0,2
"927",0,1,0,0,0,0,0,2
"928",0,1,0,0,0,0,0,2
"929",0,1,0,0,0,0,0,2
"930",0,1,0,0,0,0,0,2
"931",0,1,0,0,0,0,0,2
"932",0,1,0,0,0,0,0,2
"933",0,1,0,0,0,0,0,2
"934",0,1,0,0,0,0,0,2
"935",0,1,0,0,0,0,0,2
"936",0,1,0,0,0,0,0,2
"937",0,1,0,0,0,0,0,2
"938",0,1,0,0,0,0,0,2
"939",0,1,0,0,0,0,0,2
"940",0,1,0,0,0,0,0,2
"941",0,1,0,0,0,0,0,2
"942",0,1,0,0,0,0,0,2
"943",0,1,0,0,0,0,0,2
"944",0,1,0,0,0,0,0,2
"945",0,1,0,0,0,0,0,2
"946",0,1,0,0,0,0,0,2
"947",0,1,0,0,0,0,0,2
"948",0,1,0,0,0,0,0,2
"949",0,1,0,0,0,0,0,2
"950",0,1,0,0,0,0,0,2
"951",0,1,0,0,0,0,0,2
"952",0,1,0,0,0,0,0,2
"953",0,1,0,0,0,0,0,2
"954",0,1,0,0,0,0,0,2
"955",0,1,0,0,0,0,0,2
"956",0,1,0,0,0,0,0,2
"957",0,1,0,0,0,0,0,2
"958",0,1,0,0,0,0,0,2
"959",0,1,0,0,0,0,0,2
"960",0,1,0,0,0,0,0,2
"961",0,1,0,0,0,0,0,2
"962",0,1,0,0,0,0,0,2
"963",0,1,0,0,0,0,0,2
"964",0,1,0,0,0,0,0,2
"965",0,1,0,0,0,0,0,2
"966",0,1,0,0,0,0,0,2
"967",0,1,0,0,0,0,0,2
"968",0,1,0,0,0,0,0,2
"969",0,1,0,0,0,0,0,2
"970",0,1,0,0,0,0,0,2
"971",0,1,0,0,0,0,0,2
"972",0,1,0,0,0,0,0,2
"973",0,1,0,0,0,0,0,2
"974",0,1,0,0,0,0,0,2
"975",0,1,0,0,0,0,0,2
"976",0,1,0,0,0,0,0,2
"977",0,1,0,0,0,0,0,2
"978",0,1,0,0,0,0,0,2
"979",0,1,0,0,0,0,0,2
"980",0,1,0,0,0,0,0,2
"981",0,1,0,0,0,0,0,2
"982",0,1,0,0,0,0,0,2
"983",0,1,0,0,0,0,0,2
"984",0,1,0,0,0,0,0,2
"985",0,1,0,0,0,0,0,2
"986",0,1,0,0,0,0,0,2
"987",0,1,0,0,0,0,0,2
"988",0,1,0,0,0,0,0,2
"989",0,1,0,0,0,0,0,2
"990",0,1,0,0,0,0,0,2
"991",0,1,0,0,0,0,0,2
"992",0,1,0,0,0,0,0,2
"993",0,1,0,0,0,0,0,2
"994",0,1,0,0,0,0,0,2
"995",0,1,0,0,0,0,0,2
"996",0,1,0,0,0,0,0,2
"997",0,1,0,0,0,0,0,2
"998",0,1,0,0,0,0,0,2
"999",0,1,0,0,0,0,0,2
"1000",0,1,0,0,0,0,0,2
"1001",0,1,0,0,0,0,0,2
"1002",0,1,0,0,0,0,0,2
"1003",0,1,0,0,0,0,0,2
"1004",0,1,0,0,0,0,0,2
"1005",0,1,0,0,0,0,0,2
"1006",0,1,0,0,0,0,0,2
"1007",0,1,0,0,0,0,0,2
"1008",0,1,0,0,0,0,0,2
"1009",0,1,0,0,0,0,0,2
"1010",0,1,0,0,0,0,0,2
"1011",0,1,0,0,0,0,0,2
"1012",0,1,0,0,0,0,0,2
"1013",0,1,0,0,0,0,0,2
"1014",0,1,0,0,0,0,0,2
"1015",0,1,0,0,0,0,0,2
"1016",0,1,0,0,0,0,0,2
"1017",0,1,0,0,0,0,0,2
"1018",0,1,0,0,0,0,0,2
"1019",0,1,0,0,0,0,0,2
"1020",0,1,0,0,0,0,0,2
"1021",0,1,0,0,0,0,0,2
"1022",0,1,0,0,0,0,0,2
"1023",0,1,0,0,0,0,0,2
"1024",0,1,0,0,0,0,0,2
"1025",0,1,0,0,0,0,0,2
"1026",0,1,0,0,0,0,0,2
"1027",0,1,0,0,0,0,0,2
"1028",0,1,0,0,0,0,0,2
"1029",0,1,0,0,0,0,0,2
"1030",0,1,0,0,0,0,0,2
"1031",0,1,0,0,0,0,0,2
"1032",0,1,0,0,0,0,0,2
"1033",0,1,0,0,0,0,0,2
"1034",0,1,0,0,0,0,0,2
"1035",0,1,0,0,0,0,0,2
"1036",0,1,0,0,0,0,0,2
"1037",0,1,0,0,0,0,0,2
"1038",0,1,0,0,0,0,0,2
"1039",0,1,0,0,0,0,0,2
"1040",0,1,0,0,0,0,0,2
"1041",0,1,0,0,0,0,0,2
"1042",0,1,0,0,0,0,0,2
"1043",0,1,0,0,0,0,0,2
"1044",0,1,0,0,0,0,0,2
"1045",0,1,0,0,0,0,0,2
"1046",0,1,0,0,0,0,0,2
"1047",0,1,0,0,0,0,0,2
"1048",0,1,0,0,0,0,0,2
"1049",0,1,0,0,0,0,0,2
"1050",0,1,0,0,0,0,0,2
"1051",0,1,0,0,0,0,0,2
"1052",0,1,0,0,0,0,0,2
"1053",0,1,0,0,0,0,0,2
"1054",0,1,0,0,0,0,0,2
"1055",0,1,0,0,0,0,0,2
"1056",0,1,0,0,0,0,0,2
"1057",0,1,0,0,0,0,0,2
"1058",0,1,0,0,0,0,0,2
"1059",0,1,0,0,0,0,0,2
"1060",0,0,1,0,0,0,0,3
"1061",0,0,1,0,0,0,0,4
"1062",0,0,1,0,0,0,0,3
"1063",0,0,1,0,0,0,0,4
"1064",0,0,1,0,0,0,0,3
"1065",0,0,1,0,0,0,0,4
"1066",0,0,1,0,0,0,0,3
"1067",0,0,1,0,0,0,0,3
"1068",0,0,1,0,0,0,0,4
"1069",0,0,1,0,0,0,0,4
"1070",0,0,1,0,0,0,0,3
"1071",0,0,1,0,0,0,0,3
"1072",0,0,1,0,0,0,0,4
"1073",0,0,1,0,0,0,0,3
"1074",0,0,1,0,0,0,0,3
"1075",0,0,1,0,0,0,0,3
"1076",0,0,1,0,0,0,0,3
"1077",0,0,1,0,0,0,0,4
"1078",0,0,1,0,0,0,0,4
"1079",0,0,1,0,0,0,0,4
"1080",0,0,1,0,0,0,0,5
"1081",0,0,1,0,0,0,0,5
"1082",0,0,1,0,0,0,0,3
"1083",0,0,1,0,0,0,0,4
"1084",0,0,1,0,0,0,0,5
"1085",0,0,1,0,0,0,0,4
"1086",0,0,1,0,0,0,0,4
"1087",0,0,1,0,0,0,0,4
"1088",0,0,1,0,0,0,0,4
"1089",0,0,1,0,0,0,0,3
"1090",0,0,1,0,0,0,0,4
"1091",0,0,1,0,0,0,0,4
"1092",0,0,1,0,0,0,0,3
"1093",0,0,1,0,0,0,0,3
"1094",0,0,1,0,0,0,0,4
"1095",0,0,1,0,0,0,0,3
"1096",0,0,1,0,0,0,0,4
"1097",0,0,1,0,0,0,0,3
"1098",0,0,1,0,0,0,0,4
"1099",0,0,1,0,0,0,0,3
"1100",0,0,1,0,0,0,0,4
"1101",0,0,1,0,0,0,0,3
"1102",0,0,1,0,0,0,0,4
"1103",0,0,1,0,0,0,0,3
"1104",0,0,1,0,0,0,0,4
"1105",0,0,1,0,0,0,0,4
"1106",0,0,1,0,0,0,0,3
"1107",0,0,1,0,0,0,0,4
"1108",0,0,1,0,0,0,0,3
"1109",0,0,1,0,0,0,0,4
"1110",0,0,1,0,0,0,0,4
"1111",0,0,1,0,0,0,0,4
"1112",0,0,1,0,0,0,0,4
"1113",0,0,1,0,0,0,0,4
"1114",0,0,1,0,0,0,0,5
"1115",0,0,1,0,0,0,0,3
"1116",0,0,1,0,0,0,0,4
"1117",0,0,1,0,0,0,0,3
"1118",0,0,1,0,0,0,0,3
"1119",0,0,1,0,0,0,0,3
"1120",0,0,1,0,0,0,0,4
"1121",0,0,1,0,0,0,0,5
"1122",0,0,1,0,0,0,0,4
"1123",0,0,1,0,0,0,0,4
"1124",0,0,1,0,0,0,0,4
"1125",0,0,1,0,0,0,0,4
"1126",0,0,1,0,0,0,0,4
"1127",0,0,1,0,0,0,0,4
"1128",0,0,1,0,0,0,0,3
"1129",0,0,1,0,0,0,0,4
"1130",0,0,1,0,0,0,0,4
"1131",0,0,1,0,0,0,0,3
"1132",0,0,1,0,0,0,0,5
"1133",0,0,1,0,0,0,0,5
"1134",0,0,1,0,0,0,0,5
"1135",0,0,1,0,0,0,0,4
"1136",0,0,1,0,0,0,0,5
"1137",0,0,1,0,0,0,0,4
"1138",0,0,1,0,0,0,0,3
"1139",0,0,1,0,0,0,0,4
"1140",0,0,1,0,0,0,0,4
"1141",0,0,1,0,0,0,0,4
"1142",0,0,1,0,0,0,0,5
"1143",0,0,1,0,0,0,0,4
"1144",0,0,1,0,0,0,0,3
"1145",0,0,1,0,0,0,0,5
"1146",0,0,1,0,0,0,0,3
"1147",0,0,1,0,0,0,0,4
"1148",0,0,1,0,0,0,0,5
"1149",0,0,1,0,0,0,0,4
"1150",0,0,1,0,0,0,0,5
"1151",0,0,1,0,0,0,0,4
"1152",0,0,1,0,0,0,0,3
"1153",0,0,1,0,0,0,0,4
"1154",0,0,1,0,0,0,0,3
"1155",0,0,1,0,0,0,0,4
"1156",0,0,1,0,0,0,0,4
"1157",0,0,1,0,0,0,0,5
"1158",0,0,1,0,0,0,0,5
"1159",0,0,1,0,0,0,0,4
"1160",0,0,1,0,0,0,0,4
"1161",0,0,1,0,0,0,0,3
"1162",0,0,1,0,0,0,0,4
"1163",0,0,1,0,0,0,0,4
"1164",0,0,1,0,0,0,0,3
"1165",0,0,1,0,0,0,0,4
"1166",0,0,1,0,0,0,0,4
"1167",0,0,1,0,0,0,0,5
"1168",0,0,1,0,0,0,0,4
"1169",0,0,1,0,0,0,0,3
"1170",0,0,1,0,0,0,0,4
"1171",0,0,1,0,0,0,0,4
"1172",0,0,1,0,0,0,0,4
"1173",0,0,1,0,0,0,0,4
"1174",0,0,1,0,0,0,0,3
"1175",0,0,1,0,0,0,0,4
"1176",0,0,1,0,0,0,0,4
"1177",0,0,1,0,0,0,0,3
"1178",0,0,1,0,0,0,0,5
"1179",0,0,1,0,0,0,0,4
"1180",0,0,1,0,0,0,0,3
"1181",0,0,1,0,0,0,0,4
"1182",0,0,1,0,0,0,0,4
"1183",0,0,1,0,0,0,0,4
"1184",0,0,1,0,0,0,0,4
"1185",0,0,1,0,0,0,0,3
"1186",0,0,1,0,0,0,0,4
"1187",0,0,1,0,0,0,0,3
"1188",0,0,1,0,0,0,0,4
"1189",0,0,1,0,0,0,0,4
"1190",0,0,1,0,0,0,0,4
"1191",0,0,1,0,0,0,0,4
"1192",0,0,1,0,0,0,0,4
"1193",0,0,1,0,0,0,0,5
"1194",0,0,1,0,0,0,0,4
"1195",0,0,1,0,0,0,0,3
"1196",0,0,1,0,0,0,0,4
"1197",0,0,1,0,0,0,0,5
"1198",0,0,1,0,0,0,0,3
"1199",0,0,1,0,0,0,0,3
"1200",0,0,1,0,0,0,0,4
"1201",0,0,1,0,0,0,0,4
"1202",0,0,1,0,0,0,0,4
"1203",0,0,1,0,0,0,0,3
"1204",0,0,1,0,0,0,0,3
"1205",0,0,1,0,0,0,0,4
"1206",0,0,1,0,0,0,0,3
"1207",0,0,1,0,0,0,0,4
"1208",0,0,1,0,0,0,0,4
"1209",0,0,1,0,0,0,0,4
"1210",0,0,1,0,0,0,0,4
"1211",0,0,1,0,0,0,0,4
"1212",0,0,1,0,0,0,0,5
"1213",0,0,1,0,0,0,0,3
"1214",0,0,1,0,0,0,0,4
"1215",0,0,1,0,0,0,0,5
"1216",0,0,1,0,0,0,0,3
"1217",0,0,1,0,0,0,0,3
"1218",0,0,1,0,0,0,0,3
"1219",0,0,1,0,0,0,0,4
"1220",0,0,1,0,0,0,0,4
"1221",0,0,1,0,0,0,0,4
"1222",0,0,1,0,0,0,0,4
"1223",0,0,1,0,0,0,0,3
"1224",0,0,1,0,0,0,0,5
"1225",0,0,1,0,0,0,0,4
"1226",0,0,1,0,0,0,0,3
"1227",0,0,1,0,0,0,0,5
"1228",0,0,1,0,0,0,0,4
"1229",0,0,1,0,0,0,0,3
"1230",0,0,1,0,0,0,0,3
"1231",0,0,1,0,0,0,0,3
"1232",0,0,1,0,0,0,0,4
"1233",0,0,1,0,0,0,0,4
"1234",0,0,1,0,0,0,0,3
"1235",0,0,1,0,0,0,0,3
"1236",0,0,1,0,0,0,0,3
"1237",0,0,1,0,0,0,0,4
"1238",0,0,1,0,0,0,0,5
"1239",0,0,1,0,0,0,0,4
"1240",0,0,1,0,0,0,0,4
"1241",0,0,1,0,0,0,0,4
"1242",0,0,1,0,0,0,0,4
"1243",0,0,1,0,0,0,0,4
"1244",0,0,1,0,0,0,0,5
"1245",0,0,1,0,0,0,0,3
"1246",0,0,1,0,0,0,0,4
"1247",0,0,1,0,0,0,0,4
"1248",0,0,1,0,0,0,0,4
"1249",0,0,1,0,0,0,0,3
"1250",0,0,1,0,0,0,0,4
"1251",0,0,1,0,0,0,0,4
"1252",0,0,1,0,0,0,0,4
"1253",0,0,1,0,0,0,0,4
"1254",0,0,1,0,0,0,0,3
"1255",0,0,1,0,0,0,0,5
"1256",0,0,1,0,0,0,0,3
"1257",0,0,1,0,0,0,0,4
"1258",0,0,1,0,0,0,0,3
"1259",0,0,1,0,0,0,0,4
"1260",0,0,1,0,0,0,0,4
"1261",0,0,1,0,0,0,0,4
"1262",0,0,1,0,0,0,0,3
"1263",0,0,1,0,0,0,0,3
"1264",0,0,1,0,0,0,0,4
"1265",0,0,1,0,0,0,0,3
"1266",0,0,1,0,0,0,0,4
"1267",0,0,1,0,0,0,0,3
"1268",0,0,1,0,0,0,0,3
"1269",0,0,1,0,0,0,0,3
"1270",0,0,1,0,0,0,0,3
"1271",0,0,1,0,0,0,0,3
"1272",0,0,1,0,0,0,0,3
"1273",0,0,1,0,0,0,0,3
"1274",0,0,1,0,0,0,0,3
"1275",0,0,1,0,0,0,0,3
"1276",0,0,1,0,0,0,0,3
"1277",0,0,1,0,0,0,0,4
"1278",0,0,1,0,0,0,0,5
"1279",0,0,1,0,0,0,0,5
"1280",0,0,1,0,0,0,0,4
"1281",0,0,1,0,0,0,0,5
"1282",0,0,1,0,0,0,0,4
"1283",0,0,1,0,0,0,0,4
"1284",0,0,1,0,0,0,0,4
"1285",0,0,1,0,0,0,0,3
"1286",0,0,1,0,0,0,0,4
"1287",0,0,1,0,0,0,0,4
"1288",0,0,1,0,0,0,0,3
"1289",0,0,1,0,0,0,0,4
"1290",0,0,1,0,0,0,0,3
"1291",0,0,1,0,0,0,0,4
"1292",0,0,1,0,0,0,0,4
"1293",0,0,1,0,0,0,0,4
"1294",0,0,1,0,0,0,0,5
"1295",0,0,1,0,0,0,0,5
"1296",0,0,1,0,0,0,0,4
"1297",0,0,1,0,0,0,0,5
"1298",0,0,1,0,0,0,0,4
"1299",0,0,1,0,0,0,0,3
"1300",0,0,1,0,0,0,0,3
"1301",0,0,1,0,0,0,0,5
"1302",0,0,1,0,0,0,0,4
"1303",0,0,1,0,0,0,0,3
"1304",0,0,1,0,0,0,0,4
"1305",0,0,1,0,0,0,0,4
"1306",0,0,1,0,0,0,0,4
"1307",0,0,1,0,0,0,0,4
"1308",0,0,1,0,0,0,0,4
"1309",0,0,1,0,0,0,0,5
"1310",0,0,1,0,0,0,0,4
"1311",0,0,1,0,0,0,0,3
"1312",0,0,1,0,0,0,0,4
"1313",0,0,1,0,0,0,0,4
"1314",0,0,1,0,0,0,0,4
"1315",0,0,1,0,0,0,0,3
"1316",0,0,1,0,0,0,0,3
"1317",0,0,1,0,0,0,0,3
"1318",0,0,1,0,0,0,0,3
"1319",0,0,1,0,0,0,0,4
"1320",0,0,1,0,0,0,0,4
"1321",0,0,1,0,0,0,0,3
"1322",0,0,1,0,0,0,0,5
"1323",0,0,1,0,0,0,0,3
"1324",0,0,1,0,0,0,0,4
"1325",0,0,1,0,0,0,0,4
"1326",0,0,1,0,0,0,0,5
"1327",0,0,1,0,0,0,0,3
"1328",0,0,1,0,0,0,0,4
"1329",0,0,1,0,0,0,0,4
"1330",0,0,1,0,0,0,0,4
"1331",0,0,1,0,0,0,0,4
"1332",0,0,1,0,0,0,0,3
"1333",0,0,1,0,0,0,0,4
"1334",0,0,1,0,0,0,0,3
"1335",0,0,1,0,0,0,0,4
"1336",0,0,1,0,0,0,0,4
"1337",0,0,1,0,0,0,0,3
"1338",0,0,1,0,0,0,0,4
"1339",0,0,1,0,0,0,0,3
"1340",0,0,1,0,0,0,0,3
"1341",0,0,1,0,0,0,0,5
"1342",0,0,1,0,0,0,0,3
"1343",0,0,1,0,0,0,0,5
"1344",0,0,1,0,0,0,0,3
"1345",0,0,1,0,0,0,0,4
"1346",0,0,1,0,0,0,0,4
"1347",0,0,1,0,0,0,0,5
"1348",0,0,1,0,0,0,0,4
"1349",0,0,1,0,0,0,0,3
"1350",0,0,1,0,0,0,0,4
"1351",0,0,1,0,0,0,0,3
"1352",0,0,1,0,0,0,0,4
"1353",0,0,1,0,0,0,0,4
"1354",0,0,1,0,0,0,0,4
"1355",0,0,1,0,0,0,0,4
"1356",0,0,1,0,0,0,0,3
"1357",0,0,1,0,0,0,0,3
"1358",0,0,1,0,0,0,0,3
"1359",0,0,1,0,0,0,0,4
"1360",0,0,1,0,0,0,0,3
"1361",0,0,1,0,0,0,0,5
"1362",0,0,1,0,0,0,0,4
"1363",0,0,1,0,0,0,0,5
"1364",0,0,1,0,0,0,0,4
"1365",0,0,1,0,0,0,0,4
"1366",0,0,1,0,0,0,0,4
"1367",0,0,1,0,0,0,0,4
"1368",0,0,1,0,0,0,0,5
"1369",0,0,1,0,0,0,0,3
"1370",0,0,1,0,0,0,0,5
"1371",0,0,1,0,0,0,0,3
"1372",0,0,1,0,0,0,0,3
"1373",0,0,1,0,0,0,0,3
"1374",0,0,1,0,0,0,0,5
"1375",0,0,1,0,0,0,0,3
"1376",0,0,1,0,0,0,0,5
"1377",0,0,1,0,0,0,0,3
"1378",0,0,1,0,0,0,0,5
"1379",0,0,1,0,0,0,0,3
"1380",0,0,1,0,0,0,0,3
"1381",0,0,1,0,0,0,0,4
"1382",0,0,1,0,0,0,0,4
"1383",0,0,1,0,0,0,0,5
"1384",0,0,1,0,0,0,0,5
"1385",0,0,1,0,0,0,0,5
"1386",0,0,1,0,0,0,0,4
"1387",0,0,1,0,0,0,0,3
"1388",0,0,1,0,0,0,0,3
"1389",0,0,1,0,0,0,0,5
"1390",0,0,1,0,0,0,0,3
"1391",0,0,1,0,0,0,0,3
"1392",0,0,1,0,0,0,0,4
"1393",0,0,1,0,0,0,0,4
"1394",0,0,1,0,0,0,0,3
"1395",0,0,1,0,0,0,0,4
"1396",0,0,1,0,0,0,0,5
"1397",0,0,1,0,0,0,0,4
"1398",0,0,1,0,0,0,0,4
"1399",0,0,1,0,0,0,0,4
"1400",0,0,1,0,0,0,0,3
"1401",0,0,1,0,0,0,0,4
"1402",0,0,1,0,0,0,0,3
"1403",0,0,1,0,0,0,0,3
"1404",0,0,1,0,0,0,0,4
"1405",0,0,1,0,0,0,0,5
"1406",0,0,1,0,0,0,0,4
"1407",0,0,1,0,0,0,0,4
"1408",0,0,1,0,0,0,0,5
"1409",0,0,1,0,0,0,0,3
"1410",0,0,1,0,0,0,0,3
"1411",0,0,1,0,0,0,0,4
"1412",0,0,1,0,0,0,0,3
"1413",0,0,1,0,0,0,0,3
"1414",0,0,1,0,0,0,0,4
"1415",0,0,1,0,0,0,0,3
"1416",0,0,1,0,0,0,0,4
"1417",0,0,1,0,0,0,0,4
"1418",0,0,1,0,0,0,0,3
"1419",0,0,1,0,0,0,0,4
"1420",0,0,1,0,0,0,0,3
"1421",0,0,1,0,0,0,0,5
"1422",0,0,1,0,0,0,0,4
"1423",0,0,1,0,0,0,0,3
"1424",0,0,1,0,0,0,0,4
"1425",0,0,1,0,0,0,0,3
"1426",0,0,1,0,0,0,0,4
"1427",0,0,1,0,0,0,0,4
"1428",0,0,1,0,0,0,0,4
"1429",0,0,1,0,0,0,0,4
"1430",0,0,1,0,0,0,0,3
"1431",0,0,1,0,0,0,0,4
"1432",0,0,1,0,0,0,0,4
"1433",0,0,1,0,0,0,0,5
"1434",0,0,1,0,0,0,0,4
"1435",0,0,1,0,0,0,0,4
"1436",0,0,1,0,0,0,0,5
"1437",0,0,1,0,0,0,0,3
"1438",0,0,1,0,0,0,0,4
"1439",0,0,1,0,0,0,0,5
"1440",0,0,1,0,0,0,0,4
"1441",0,0,1,0,0,0,0,4
"1442",0,0,1,0,0,0,0,3
"1443",0,0,1,0,0,0,0,5
"1444",0,0,1,0,0,0,0,5
"1445",0,0,1,0,0,0,0,3
"1446",0,0,1,0,0,0,0,3
"1447",0,0,1,0,0,0,0,4
"1448",0,0,1,0,0,0,0,4
"1449",0,0,1,0,0,0,0,3
"1450",0,0,1,0,0,0,0,4
"1451",0,0,1,0,0,0,0,3
"1452",0,0,1,0,0,0,0,3
"1453",0,0,1,0,0,0,0,4
"1454",0,0,1,0,0,0,0,3
"1455",0,0,1,0,0,0,0,3
"1456",0,0,1,0,0,0,0,4
"1457",0,0,1,0,0,0,0,4
"1458",0,0,1,0,0,0,0,4
"1459",0,0,1,0,0,0,0,3
"1460",0,0,1,0,0,0,0,4
"1461",0,0,1,0,0,0,0,4
"1462",0,0,1,0,0,0,0,4
"1463",0,0,1,0,0,0,0,3
"1464",0,0,1,0,0,0,0,4
"1465",0,0,1,0,0,0,0,3
"1466",0,0,1,0,0,0,0,4
"1467",0,0,1,0,0,0,0,4
"1468",0,0,1,0,0,0,0,3
"1469",0,0,1,0,0,0,0,4
"1470",0,0,1,0,0,0,0,3
"1471",0,0,1,0,0,0,0,3
"1472",0,0,1,0,0,0,0,3
"1473",0,0,1,0,0,0,0,3
"1474",0,0,1,0,0,0,0,3
"1475",0,0,1,0,0,0,0,4
"1476",0,0,1,0,0,0,0,3
"1477",0,0,1,0,0,0,0,4
"1478",0,0,1,0,0,0,0,5
"1479",0,0,1,0,0,0,0,5
"1480",0,0,1,0,0,0,0,3
"1481",0,0,1,0,0,0,0,4
"1482",0,0,1,0,0,0,0,4
"1483",0,0,1,0,0,0,0,3
"1484",0,0,1,0,0,0,0,4
"1485",0,0,1,0,0,0,0,4
"1486",0,0,1,0,0,0,0,5
"1487",0,0,1,0,0,0,0,4
"1488",0,0,1,0,0,0,0,3
"1489",0,0,1,0,0,0,0,4
"1490",0,0,1,0,0,0,0,3
"1491",0,0,1,0,0,0,0,4
"1492",0,0,1,0,0,0,0,3
"1493",0,0,1,0,0,0,0,4
"1494",0,0,1,0,0,0,0,5
"1495",0,0,1,0,0,0,0,3
"1496",0,0,1,0,0,0,0,4
"1497",0,0,1,0,0,0,0,4
"1498",0,0,1,0,0,0,0,3
"1499",0,0,1,0,0,0,0,3
"1500",0,0,1,0,0,0,0,4
"1501",0,0,1,0,0,0,0,3
"1502",0,0,1,0,0,0,0,3
"1503",0,0,1,0,0,0,0,3
"1504",0,0,1,0,0,0,0,4
"1505",0,0,1,0,0,0,0,3
"1506",0,0,1,0,0,0,0,3
"1507",0,0,1,0,0,0,0,4
"1508",0,0,1,0,0,0,0,4
"1509",0,0,1,0,0,0,0,4
"1510",0,0,1,0,0,0,0,3
"1511",0,0,1,0,0,0,0,3
"1512",0,0,1,0,0,0,0,4
"1513",0,0,1,0,0,0,0,4
"1514",0,0,1,0,0,0,0,4
"1515",0,0,1,0,0,0,0,5
"1516",0,0,1,0,0,0,0,3
"1517",0,0,1,0,0,0,0,3
"1518",0,0,1,0,0,0,0,5
"1519",0,0,1,0,0,0,0,4
"1520",0,0,1,0,0,0,0,5
"1521",0,0,1,0,0,0,0,4
"1522",0,0,1,0,0,0,0,4
"1523",0,0,1,0,0,0,0,5
"1524",0,0,1,0,0,0,0,4
"1525",0,0,1,0,0,0,0,3
"1526",0,0,1,0,0,0,0,3
"1527",0,0,1,0,0,0,0,4
"1528",0,0,1,0,0,0,0,4
"1529",0,0,1,0,0,0,0,4
"1530",0,0,1,0,0,0,0,5
"1531",0,0,1,0,0,0,0,3
"1532",0,0,1,0,0,0,0,3
"1533",0,0,1,0,0,0,0,4
"1534",0,0,1,0,0,0,0,4
"1535",0,0,1,0,0,0,0,3
"1536",0,0,1,0,0,0,0,3
"1537",0,0,1,0,0,0,0,4
"1538",0,0,1,0,0,0,0,4
"1539",0,0,1,0,0,0,0,3
"1540",0,0,1,0,0,0,0,4
"1541",0,0,1,0,0,0,0,5
"1542",0,0,1,0,0,0,0,5
"1543",0,0,1,0,0,0,0,5
"1544",0,0,1,0,0,0,0,4
"1545",0,0,1,0,0,0,0,4
"1546",0,0,1,0,0,0,0,3
"1547",0,0,1,0,0,0,0,4
"1548",0,0,1,0,0,0,0,4
"1549",0,0,1,0,0,0,0,4
"1550",0,0,1,0,0,0,0,4
"1551",0,0,1,0,0,0,0,3
"1552",0,0,1,0,0,0,0,5
"1553",0,0,1,0,0,0,0,3
"1554",0,0,1,0,0,0,0,5
"1555",0,0,1,0,0,0,0,5
"1556",0,0,1,0,0,0,0,3
"1557",0,0,1,0,0,0,0,4
"1558",0,0,1,0,0,0,0,4
"1559",0,0,1,0,0,0,0,4
"1560",0,0,1,0,0,0,0,4
"1561",0,0,1,0,0,0,0,4
"1562",0,0,1,0,0,0,0,4
"1563",0,0,1,0,0,0,0,4
"1564",0,0,1,0,0,0,0,4
"1565",0,0,1,0,0,0,0,3
"1566",0,0,1,0,0,0,0,4
"1567",0,0,1,0,0,0,0,4
"1568",0,0,1,0,0,0,0,4
"1569",0,0,1,0,0,0,0,4
"1570",0,0,1,0,0,0,0,4
"1571",0,0,1,0,0,0,0,4
"1572",0,0,1,0,0,0,0,3
"1573",0,0,1,0,0,0,0,3
"1574",0,0,1,0,0,0,0,4
"1575",0,0,1,0,0,0,0,3
"1576",0,0,1,0,0,0,0,3
"1577",0,0,1,0,0,0,0,3
"1578",0,0,1,0,0,0,0,4
"1579",0,0,1,0,0,0,0,4
"1580",0,0,1,0,0,0,0,4
"1581",0,0,1,0,0,0,0,3
"1582",0,0,1,0,0,0,0,4
"1583",0,0,1,0,0,0,0,5
"1584",0,0,1,0,0,0,0,5
"1585",0,0,1,0,0,0,0,3
"1586",0,0,1,0,0,0,0,3
"1587",0,0,1,0,0,0,0,4
"1588",0,0,1,0,0,0,0,3
"1589",0,0,1,0,0,0,0,4
"1590",0,0,1,0,0,0,0,3
"1591",0,0,1,0,0,0,0,4
"1592",0,0,1,0,0,0,0,4
"1593",0,0,1,0,0,0,0,5
"1594",0,0,1,0,0,0,0,5
"1595",0,0,1,0,0,0,0,5
"1596",0,0,1,0,0,0,0,4
"1597",0,0,1,0,0,0,0,5
"1598",0,0,1,0,0,0,0,3
"1599",0,0,1,0,0,0,0,3
"1600",0,0,1,0,0,0,0,3
"1601",0,0,1,0,0,0,0,3
"1602",0,0,1,0,0,0,0,4
"1603",0,0,1,0,0,0,0,4
"1604",0,0,1,0,0,0,0,3
"1605",0,0,1,0,0,0,0,4
"1606",0,0,1,0,0,0,0,4
"1607",0,0,1,0,0,0,0,4
"1608",0,0,1,0,0,0,0,4
"1609",0,0,1,0,0,0,0,3
"1610",0,0,1,0,0,0,0,3
"1611",0,0,1,0,0,0,0,3
"1612",0,0,1,0,0,0,0,4
"1613",0,0,1,0,0,0,0,3
"1614",0,0,1,0,0,0,0,4
"1615",0,0,1,0,0,0,0,4
"1616",0,0,1,0,0,0,0,3
"1617",0,0,1,0,0,0,0,3
"1618",0,0,1,0,0,0,0,3
"1619",0,0,1,0,0,0,0,3
"1620",0,0,1,0,0,0,0,4
"1621",0,0,1,0,0,0,0,3
"1622",0,0,1,0,0,0,0,4
"1623",0,0,1,0,0,0,0,3
"1624",0,0,1,0,0,0,0,4
"1625",0,0,1,0,0,0,0,3
"1626",0,0,1,0,0,0,0,3
"1627",0,0,1,0,0,0,0,3
"1628",0,0,1,0,0,0,0,4
"1629",0,0,1,0,0,0,0,3
"1630",0,0,1,0,0,0,0,4
"1631",0,0,1,0,0,0,0,4
"1632",0,0,1,0,0,0,0,4
"1633",0,0,1,0,0,0,0,3
"1634",0,0,1,0,0,0,0,3
"1635",0,0,1,0,0,0,0,3
"1636",0,0,1,0,0,0,0,3
"1637",0,0,1,0,0,0,0,4
"1638",0,0,1,0,0,0,0,3
"1639",0,0,1,0,0,0,0,3
"1640",0,0,1,0,0,0,0,5
"1641",0,0,1,0,0,0,0,4
"1642",0,0,1,0,0,0,0,3
"1643",0,0,0,1,0,0,0,7
"1644",0,0,0,1,0,0,0,9
"1645",0,0,0,1,0,0,0,6
"1646",0,0,0,1,0,0,0,7
"1647",0,0,0,1,0,0,0,8
"1648",0,0,0,1,0,0,0,9
"1649",0,0,0,1,0,0,0,9
"1650",0,0,0,1,0,0,0,6
"1651",0,0,0,1,0,0,0,9
"1652",0,0,0,1,0,0,0,6
"1653",0,0,0,1,0,0,0,9
"1654",0,0,0,1,0,0,0,6
"1655",0,0,0,1,0,0,0,7
"1656",0,0,0,1,0,0,0,6
"1657",0,0,0,1,0,0,0,7
"1658",0,0,0,1,0,0,0,8
"1659",0,0,0,1,0,0,0,6
"1660",0,0,0,1,0,0,0,8
"1661",0,0,0,1,0,0,0,8
"1662",0,0,0,1,0,0,0,9
"1663",0,0,0,1,0,0,0,8
"1664",0,0,0,1,0,0,0,8
"1665",0,0,0,1,0,0,0,8
"1666",0,0,0,1,0,0,0,8
"1667",0,0,0,1,0,0,0,10
"1668",0,0,0,1,0,0,0,8
"1669",0,0,0,1,0,0,0,9
"1670",0,0,0,1,0,0,0,7
"1671",0,0,0,1,0,0,0,9
"1672",0,0,0,1,0,0,0,6
"1673",0,0,0,1,0,0,0,7
"1674",0,0,0,1,0,0,0,7
"1675",0,0,0,1,0,0,0,7
"1676",0,0,0,1,0,0,0,8
"1677",0,0,0,1,0,0,0,7
"1678",0,0,0,1,0,0,0,8
"1679",0,0,0,1,0,0,0,9
"1680",0,0,0,1,0,0,0,6
"1681",0,0,0,1,0,0,0,7
"1682",0,0,0,1,0,0,0,8
"1683",0,0,0,1,0,0,0,7
"1684",0,0,0,1,0,0,0,7
"1685",0,0,0,1,0,0,0,10
"1686",0,0,0,1,0,0,0,8
"1687",0,0,0,1,0,0,0,7
"1688",0,0,0,1,0,0,0,8
"1689",0,0,0,1,0,0,0,7
"1690",0,0,0,1,0,0,0,8
"1691",0,0,0,1,0,0,0,9
"1692",0,0,0,1,0,0,0,8
"1693",0,0,0,1,0,0,0,8
"1694",0,0,0,1,0,0,0,8
"1695",0,0,0,1,0,0,0,7
"1696",0,0,0,1,0,0,0,7
"1697",0,0,0,1,0,0,0,9
"1698",0,0,0,1,0,0,0,8
"1699",0,0,0,1,0,0,0,7
"1700",0,0,0,1,0,0,0,7
"1701",0,0,0,1,0,0,0,8
"1702",0,0,0,1,0,0,0,8
"1703",0,0,0,1,0,0,0,9
"1704",0,0,0,1,0,0,0,6
"1705",0,0,0,1,0,0,0,9
"1706",0,0,0,1,0,0,0,6
"1707",0,0,0,1,0,0,0,7
"1708",0,0,0,1,0,0,0,7
"1709",0,0,0,1,0,0,0,9
"1710",0,0,0,1,0,0,0,6
"1711",0,0,0,1,0,0,0,7
"1712",0,0,0,1,0,0,0,8
"1713",0,0,0,1,0,0,0,9
"1714",0,0,0,1,0,0,0,7
"1715",0,0,0,1,0,0,0,7
"1716",0,0,0,1,0,0,0,8
"1717",0,0,0,1,0,0,0,7
"1718",0,0,0,1,0,0,0,8
"1719",0,0,0,1,0,0,0,10
"1720",0,0,0,1,0,0,0,7
"1721",0,0,0,1,0,0,0,7
"1722",0,0,0,1,0,0,0,8
"1723",0,0,0,1,0,0,0,7
"1724",0,0,0,1,0,0,0,9
"1725",0,0,0,1,0,0,0,7
"1726",0,0,0,1,0,0,0,8
"1727",0,0,0,1,0,0,0,7
"1728",0,0,0,1,0,0,0,6
"1729",0,0,0,1,0,0,0,7
"1730",0,0,0,1,0,0,0,7
"1731",0,0,0,1,0,0,0,6
"1732",0,0,0,1,0,0,0,8
"1733",0,0,0,1,0,0,0,7
"1734",0,0,0,1,0,0,0,7
"1735",0,0,0,1,0,0,0,8
"1736",0,0,0,1,0,0,0,7
"1737",0,0,0,1,0,0,0,7
"1738",0,0,0,1,0,0,0,7
"1739",0,0,0,1,0,0,0,8
"1740",0,0,0,1,0,0,0,9
"1741",0,0,0,1,0,0,0,6
"1742",0,0,0,1,0,0,0,7
"1743",0,0,0,1,0,0,0,7
"1744",0,0,0,1,0,0,0,8
"1745",0,0,0,1,0,0,0,8
"1746",0,0,0,1,0,0,0,7
"1747",0,0,0,1,0,0,0,9
"1748",0,0,0,1,0,0,0,8
"1749",0,0,0,1,0,0,0,8
"1750",0,0,0,1,0,0,0,8
"1751",0,0,0,1,0,0,0,7
"1752",0,0,0,1,0,0,0,7
"1753",0,0,0,1,0,0,0,10
"1754",0,0,0,1,0,0,0,7
"1755",0,0,0,1,0,0,0,7
"1756",0,0,0,1,0,0,0,7
"1757",0,0,0,1,0,0,0,8
"1758",0,0,0,1,0,0,0,9
"1759",0,0,0,1,0,0,0,7
"1760",0,0,0,1,0,0,0,7
"1761",0,0,0,1,0,0,0,10
"1762",0,0,0,1,0,0,0,7
"1763",0,0,0,1,0,0,0,8
"1764",0,0,0,1,0,0,0,8
"1765",0,0,0,1,0,0,0,7
"1766",0,0,0,1,0,0,0,8
"1767",0,0,0,1,0,0,0,8
"1768",0,0,0,1,0,0,0,7
"1769",0,0,0,1,0,0,0,7
"1770",0,0,0,1,0,0,0,7
"1771",0,0,0,1,0,0,0,7
"1772",0,0,0,1,0,0,0,8
"1773",0,0,0,1,0,0,0,8
"1774",0,0,0,1,0,0,0,7
"1775",0,0,0,1,0,0,0,6
"1776",0,0,0,1,0,0,0,8
"1777",0,0,0,1,0,0,0,7
"1778",0,0,0,1,0,0,0,6
"1779",0,0,0,1,0,0,0,7
"1780",0,0,0,1,0,0,0,7
"1781",0,0,0,1,0,0,0,7
"1782",0,0,0,1,0,0,0,7
"1783",0,0,0,1,0,0,0,8
"1784",0,0,0,1,0,0,0,9
"1785",0,0,0,1,0,0,0,8
"1786",0,0,0,1,0,0,0,8
"1787",0,0,0,1,0,0,0,8
"1788",0,0,0,1,0,0,0,8
"1789",0,0,0,1,0,0,0,7
"1790",0,0,0,1,0,0,0,8
"1791",0,0,0,1,0,0,0,7
"1792",0,0,0,1,0,0,0,9
"1793",0,0,0,1,0,0,0,9
"1794",0,0,0,1,0,0,0,9
"1795",0,0,0,1,0,0,0,10
"1796",0,0,0,1,0,0,0,8
"1797",0,0,0,1,0,0,0,9
"1798",0,0,0,1,0,0,0,7
"1799",0,0,0,1,0,0,0,7
"1800",0,0,0,1,0,0,0,7
"1801",0,0,0,1,0,0,0,6
"1802",0,0,0,1,0,0,0,6
"1803",0,0,0,1,0,0,0,8
"1804",0,0,0,1,0,0,0,8
"1805",0,0,0,1,0,0,0,7
"1806",0,0,0,1,0,0,0,6
"1807",0,0,0,1,0,0,0,8
"1808",0,0,0,1,0,0,0,8
"1809",0,0,0,1,0,0,0,7
"1810",0,0,0,1,0,0,0,7
"1811",0,0,0,1,0,0,0,8
"1812",0,0,0,1,0,0,0,10
"1813",0,0,0,1,0,0,0,10
"1814",0,0,0,1,0,0,0,8
"1815",0,0,0,1,0,0,0,7
"1816",0,0,0,1,0,0,0,7
"1817",0,0,0,1,0,0,0,8
"1818",0,0,0,1,0,0,0,8
"1819",0,0,0,1,0,0,0,8
"1820",0,0,0,1,0,0,0,7
"1821",0,0,0,1,0,0,0,7
"1822",0,0,0,1,0,0,0,8
"1823",0,0,0,1,0,0,0,9
"1824",0,0,0,1,0,0,0,6
"1825",0,0,0,1,0,0,0,9
"1826",0,0,0,1,0,0,0,6
"1827",0,0,0,1,0,0,0,7
"1828",0,0,0,1,0,0,0,7
"1829",0,0,0,1,0,0,0,7
"1830",0,0,0,1,0,0,0,10
"1831",0,0,0,1,0,0,0,7
"1832",0,0,0,1,0,0,0,7
"1833",0,0,0,1,0,0,0,9
"1834",0,0,0,1,0,0,0,7
"1835",0,0,0,1,0,0,0,9
"1836",0,0,0,1,0,0,0,7
"1837",0,0,0,1,0,0,0,10
"1838",0,0,0,1,0,0,0,8
"1839",0,0,0,1,0,0,0,7
"1840",0,0,0,1,0,0,0,7
"1841",0,0,0,1,0,0,0,8
"1842",0,0,0,1,0,0,0,7
"1843",0,0,0,1,0,0,0,9
"1844",0,0,0,1,0,0,0,6
"1845",0,0,0,1,0,0,0,7
"1846",0,0,0,1,0,0,0,7
"1847",0,0,0,1,0,0,0,7
"1848",0,0,0,1,0,0,0,9
"1849",0,0,0,1,0,0,0,6
"1850",0,0,0,1,0,0,0,7
"1851",0,0,0,1,0,0,0,8
"1852",0,0,0,1,0,0,0,8
"1853",0,0,0,1,0,0,0,10
"1854",0,0,0,1,0,0,0,9
"1855",0,0,0,1,0,0,0,7
"1856",0,0,0,1,0,0,0,7
"1857",0,0,0,1,0,0,0,8
"1858",0,0,0,1,0,0,0,7
"1859",0,0,0,1,0,0,0,8
"1860",0,0,0,1,0,0,0,8
"1861",0,0,0,1,0,0,0,7
"1862",0,0,0,1,0,0,0,10
"1863",0,0,0,1,0,0,0,8
"1864",0,0,0,1,0,0,0,7
"1865",0,0,0,1,0,0,0,7
"1866",0,0,0,1,0,0,0,6
"1867",0,0,0,1,0,0,0,10
"1868",0,0,0,1,0,0,0,7
"1869",0,0,0,1,0,0,0,10
"1870",0,0,0,1,0,0,0,7
"1871",0,0,0,1,0,0,0,7
"1872",0,0,0,1,0,0,0,7
"1873",0,0,0,1,0,0,0,7
"1874",0,0,0,1,0,0,0,7
"1875",0,0,0,1,0,0,0,6
"1876",0,0,0,1,0,0,0,7
"1877",0,0,0,1,0,0,0,7
"1878",0,0,0,1,0,0,0,7
"1879",0,0,0,1,0,0,0,7
"1880",0,0,0,1,0,0,0,7
"1881",0,0,0,1,0,0,0,8
"1882",0,0,0,1,0,0,0,10
"1883",0,0,0,1,0,0,0,7
"1884",0,0,0,1,0,0,0,7
"1885",0,0,0,1,0,0,0,7
"1886",0,0,0,1,0,0,0,7
"1887",0,0,0,1,0,0,0,9
"1888",0,0,0,1,0,0,0,9
"1889",0,0,0,1,0,0,0,7
"1890",0,0,0,1,0,0,0,7
"1891",0,0,0,1,0,0,0,7
"1892",0,0,0,1,0,0,0,6
"1893",0,0,0,1,0,0,0,8
"1894",0,0,0,1,0,0,0,10
"1895",0,0,0,1,0,0,0,8
"1896",0,0,0,1,0,0,0,8
"1897",0,0,0,1,0,0,0,8
"1898",0,0,0,1,0,0,0,10
"1899",0,0,0,1,0,0,0,10
"1900",0,0,0,1,0,0,0,7
"1901",0,0,0,1,0,0,0,8
"1902",0,0,0,1,0,0,0,7
"1903",0,0,0,1,0,0,0,10
"1904",0,0,0,1,0,0,0,9
"1905",0,0,0,1,0,0,0,8
"1906",0,0,0,1,0,0,0,6
"1907",0,0,0,1,0,0,0,7
"1908",0,0,0,1,0,0,0,7
"1909",0,0,0,1,0,0,0,7
"1910",0,0,0,1,0,0,0,8
"1911",0,0,0,1,0,0,0,6
"1912",0,0,0,1,0,0,0,8
"1913",0,0,0,1,0,0,0,7
"1914",0,0,0,1,0,0,0,7
"1915",0,0,0,1,0,0,0,7
"1916",0,0,0,1,0,0,0,9
"1917",0,0,0,1,0,0,0,7
"1918",0,0,0,1,0,0,0,9
"1919",0,0,0,1,0,0,0,9
"1920",0,0,0,1,0,0,0,6
"1921",0,0,0,1,0,0,0,7
"1922",0,0,0,1,0,0,0,7
"1923",0,0,0,1,0,0,0,8
"1924",0,0,0,1,0,0,0,8
"1925",0,0,0,1,0,0,0,9
"1926",0,0,0,1,0,0,0,7
"1927",0,0,0,1,0,0,0,8
"1928",0,0,0,1,0,0,0,9
"1929",0,0,0,1,0,0,0,7
"1930",0,0,0,1,0,0,0,8
"1931",0,0,0,1,0,0,0,7
"1932",0,0,0,1,0,0,0,8
"1933",0,0,0,1,0,0,0,6
"1934",0,0,0,1,0,0,0,7
"1935",0,0,0,1,0,0,0,7
"1936",0,0,0,1,0,0,0,7
"1937",0,0,0,1,0,0,0,7
"1938",0,0,0,1,0,0,0,10
"1939",0,0,0,1,0,0,0,8
"1940",0,0,0,1,0,0,0,8
"1941",0,0,0,1,0,0,0,7
"1942",0,0,0,1,0,0,0,7
"1943",0,0,0,1,0,0,0,7
"1944",0,0,0,1,0,0,0,7
"1945",0,0,0,1,0,0,0,7
"1946",0,0,0,1,0,0,0,9
"1947",0,0,0,1,0,0,0,7
"1948",0,0,0,1,0,0,0,10
"1949",0,0,0,1,0,0,0,7
"1950",0,0,0,1,0,0,0,9
"1951",0,0,0,1,0,0,0,7
"1952",0,0,0,1,0,0,0,7
"1953",0,0,0,1,0,0,0,7
"1954",0,0,0,1,0,0,0,8
"1955",0,0,0,1,0,0,0,6
"1956",0,0,0,1,0,0,0,7
"1957",0,0,0,1,0,0,0,8
"1958",0,0,0,1,0,0,0,8
"1959",0,0,0,1,0,0,0,8
"1960",0,0,0,1,0,0,0,7
"1961",0,0,0,1,0,0,0,9
"1962",0,0,0,1,0,0,0,6
"1963",0,0,0,1,0,0,0,8
"1964",0,0,0,1,0,0,0,8
"1965",0,0,0,1,0,0,0,8
"1966",0,0,0,1,0,0,0,9
"1967",0,0,0,1,0,0,0,8
"1968",0,0,0,1,0,0,0,8
"1969",0,0,0,1,0,0,0,7
"1970",0,0,0,1,0,0,0,9
"1971",0,0,0,1,0,0,0,7
"1972",0,0,0,1,0,0,0,7
"1973",0,0,0,1,0,0,0,7
"1974",0,0,0,1,0,0,0,10
"1975",0,0,0,1,0,0,0,7
"1976",0,0,0,1,0,0,0,7
"1977",0,0,0,1,0,0,0,7
"1978",0,0,0,1,0,0,0,7
"1979",0,0,0,1,0,0,0,7
"1980",0,0,0,1,0,0,0,7
"1981",0,0,0,1,0,0,0,9
"1982",0,0,0,1,0,0,0,8
"1983",0,0,0,1,0,0,0,7
"1984",0,0,0,1,0,0,0,7
"1985",0,0,0,1,0,0,0,8
"1986",0,0,0,1,0,0,0,9
"1987",0,0,0,1,0,0,0,8
"1988",0,0,0,1,0,0,0,7
"1989",0,0,0,1,0,0,0,7
"1990",0,0,0,1,0,0,0,7
"1991",0,0,0,1,0,0,0,10
"1992",0,0,0,1,0,0,0,7
"1993",0,0,0,1,0,0,0,8
"1994",0,0,0,1,0,0,0,8
"1995",0,0,0,1,0,0,0,9
"1996",0,0,0,1,0,0,0,9
"1997",0,0,0,1,0,0,0,10
"1998",0,0,0,1,0,0,0,7
"1999",0,0,0,1,0,0,0,8
"2000",0,0,0,1,0,0,0,8
"2001",0,0,0,1,0,0,0,7
"2002",0,0,0,1,0,0,0,6
"2003",0,0,0,1,0,0,0,7
"2004",0,0,0,1,0,0,0,8
"2005",0,0,0,1,0,0,0,7
"2006",0,0,0,1,0,0,0,8
"2007",0,0,0,1,0,0,0,7
"2008",0,0,0,1,0,0,0,9
"2009",0,0,0,1,0,0,0,7
"2010",0,0,0,1,0,0,0,7
"2011",0,0,0,1,0,0,0,6
"2012",0,0,0,1,0,0,0,7
"2013",0,0,0,1,0,0,0,9
"2014",0,0,0,1,0,0,0,7
"2015",0,0,0,1,0,0,0,7
"2016",0,0,0,1,0,0,0,10
"2017",0,0,0,1,0,0,0,8
"2018",0,0,0,1,0,0,0,7
"2019",0,0,0,1,0,0,0,8
"2020",0,0,0,1,0,0,0,8
"2021",0,0,0,1,0,0,0,8
"2022",0,0,0,1,0,0,0,7
"2023",0,0,0,1,0,0,0,7
"2024",0,0,0,1,0,0,0,10
"2025",0,0,0,1,0,0,0,8
"2026",0,0,0,1,0,0,0,8
"2027",0,0,0,1,0,0,0,10
"2028",0,0,0,1,0,0,0,8
"2029",0,0,0,1,0,0,0,7
"2030",0,0,0,1,0,0,0,7
"2031",0,0,0,1,0,0,0,7
"2032",0,0,0,1,0,0,0,9
"2033",0,0,0,1,0,0,0,7
"2034",0,0,0,1,0,0,0,7
"2035",0,0,0,1,0,0,0,7
"2036",0,0,0,1,0,0,0,8
"2037",0,0,0,1,0,0,0,7
"2038",0,0,0,1,0,0,0,8
"2039",0,0,0,1,0,0,0,7
"2040",0,0,0,1,0,0,0,10
"2041",0,0,0,1,0,0,0,7
"2042",0,0,0,1,0,0,0,9
"2043",0,0,0,1,0,0,0,8
"2044",0,0,0,1,0,0,0,8
"2045",0,0,0,1,0,0,0,7
"2046",0,0,0,1,0,0,0,10
"2047",0,0,0,1,0,0,0,7
"2048",0,0,0,1,0,0,0,9
"2049",0,0,0,1,0,0,0,7
"2050",0,0,0,1,0,0,0,10
"2051",0,0,0,1,0,0,0,9
"2052",0,0,0,1,0,0,0,8
"2053",0,0,0,1,0,0,0,7
"2054",0,0,0,1,0,0,0,7
"2055",0,0,0,1,0,0,0,8
"2056",0,0,0,1,0,0,0,7
"2057",0,0,0,1,0,0,0,7
"2058",0,0,0,1,0,0,0,7
"2059",0,0,0,1,0,0,0,8
"2060",0,0,0,1,0,0,0,7
"2061",0,0,0,1,0,0,0,6
"2062",0,0,0,1,0,0,0,7
"2063",0,0,0,1,0,0,0,8
"2064",0,0,0,1,0,0,0,8
"2065",0,0,0,1,0,0,0,6
"2066",0,0,0,1,0,0,0,7
"2067",0,0,0,1,0,0,0,7
"2068",0,0,0,1,0,0,0,7
"2069",0,0,0,1,0,0,0,7
"2070",0,0,0,1,0,0,0,7
"2071",0,0,0,1,0,0,0,9
"2072",0,0,0,1,0,0,0,7
"2073",0,0,0,1,0,0,0,7
"2074",0,0,0,1,0,0,0,6
"2075",0,0,0,1,0,0,0,10
"2076",0,0,0,1,0,0,0,8
"2077",0,0,0,1,0,0,0,8
"2078",0,0,0,1,0,0,0,10
"2079",0,0,0,1,0,0,0,7
"2080",0,0,0,1,0,0,0,8
"2081",0,0,0,1,0,0,0,8
"2082",0,0,0,1,0,0,0,7
"2083",0,0,0,1,0,0,0,7
"2084",0,0,0,1,0,0,0,8
"2085",0,0,0,1,0,0,0,9
"2086",0,0,0,1,0,0,0,7
"2087",0,0,0,1,0,0,0,7
"2088",0,0,0,1,0,0,0,7
"2089",0,0,0,1,0,0,0,8
"2090",0,0,0,1,0,0,0,7
"2091",0,0,0,1,0,0,0,7
"2092",0,0,0,1,0,0,0,8
"2093",0,0,0,1,0,0,0,7
"2094",0,0,0,1,0,0,0,7
"2095",0,0,0,1,0,0,0,7
"2096",0,0,0,1,0,0,0,7
"2097",0,0,0,1,0,0,0,8
"2098",0,0,0,1,0,0,0,7
"2099",0,0,0,1,0,0,0,7
"2100",0,0,0,1,0,0,0,7
"2101",0,0,0,1,0,0,0,7
"2102",0,0,0,1,0,0,0,7
"2103",0,0,0,1,0,0,0,7
"2104",0,0,0,1,0,0,0,7
"2105",0,0,0,1,0,0,0,9
"2106",0,0,0,1,0,0,0,7
"2107",0,0,0,1,0,0,0,6
"2108",0,0,0,1,0,0,0,7
"2109",0,0,0,1,0,0,0,7
"2110",0,0,0,1,0,0,0,8
"2111",0,0,0,1,0,0,0,6
"2112",0,0,0,1,0,0,0,7
"2113",0,0,0,1,0,0,0,8
"2114",0,0,0,1,0,0,0,7
"2115",0,0,0,1,0,0,0,7
"2116",0,0,0,1,0,0,0,10
"2117",0,0,0,1,0,0,0,9
"2118",0,0,0,1,0,0,0,9
"2119",0,0,0,1,0,0,0,8
"2120",0,0,0,1,0,0,0,10
"2121",0,0,0,1,0,0,0,7
"2122",0,0,0,1,0,0,0,8
"2123",0,0,0,1,0,0,0,7
"2124",0,0,0,1,0,0,0,6
"2125",0,0,0,1,0,0,0,9
"2126",0,0,0,1,0,0,0,8
"2127",0,0,0,1,0,0,0,8
"2128",0,0,0,1,0,0,0,7
"2129",0,0,0,1,0,0,0,6
"2130",0,0,0,0,1,0,0,12
"2131",0,0,0,0,1,0,0,14
"2132",0,0,0,0,1,0,0,14
"2133",0,0,0,0,1,0,0,15
"2134",0,0,0,0,1,0,0,17
"2135",0,0,0,0,1,0,0,16
"2136",0,0,0,0,1,0,0,12
"2137",0,0,0,0,1,0,0,11
"2138",0,0,0,0,1,0,0,17
"2139",0,0,0,0,1,0,0,14
"2140",0,0,0,0,1,0,0,13
"2141",0,0,0,0,1,0,0,14
"2142",0,0,0,0,1,0,0,14
"2143",0,0,0,0,1,0,0,20
"2144",0,0,0,0,1,0,0,14
"2145",0,0,0,0,1,0,0,14
"2146",0,0,0,0,1,0,0,14
"2147",0,0,0,0,1,0,0,20
"2148",0,0,0,0,1,0,0,14
"2149",0,0,0,0,1,0,0,14
"2150",0,0,0,0,1,0,0,16
"2151",0,0,0,0,1,0,0,15
"2152",0,0,0,0,1,0,0,15
"2153",0,0,0,0,1,0,0,14
"2154",0,0,0,0,1,0,0,12
"2155",0,0,0,0,1,0,0,15
"2156",0,0,0,0,1,0,0,17
"2157",0,0,0,0,1,0,0,12
"2158",0,0,0,0,1,0,0,14
"2159",0,0,0,0,1,0,0,14
"2160",0,0,0,0,1,0,0,15
"2161",0,0,0,0,1,0,0,15
"2162",0,0,0,0,1,0,0,17
"2163",0,0,0,0,1,0,0,15
"2164",0,0,0,0,1,0,0,20
"2165",0,0,0,0,1,0,0,16
"2166",0,0,0,0,1,0,0,15
"2167",0,0,0,0,1,0,0,13
"2168",0,0,0,0,1,0,0,17
"2169",0,0,0,0,1,0,0,13
"2170",0,0,0,0,1,0,0,15
"2171",0,0,0,0,1,0,0,14
"2172",0,0,0,0,1,0,0,18
"2173",0,0,0,0,1,0,0,13
"2174",0,0,0,0,1,0,0,17
"2175",0,0,0,0,1,0,0,14
"2176",0,0,0,0,1,0,0,14
"2177",0,0,0,0,1,0,0,14
"2178",0,0,0,0,1,0,0,16
"2179",0,0,0,0,1,0,0,15
"2180",0,0,0,0,1,0,0,14
"2181",0,0,0,0,1,0,0,16
"2182",0,0,0,0,1,0,0,15
"2183",0,0,0,0,1,0,0,15
"2184",0,0,0,0,1,0,0,15
"2185",0,0,0,0,1,0,0,13
"2186",0,0,0,0,1,0,0,14
"2187",0,0,0,0,1,0,0,14
"2188",0,0,0,0,1,0,0,13
"2189",0,0,0,0,1,0,0,14
"2190",0,0,0,0,1,0,0,13
"2191",0,0,0,0,1,0,0,14
"2192",0,0,0,0,1,0,0,14
"2193",0,0,0,0,1,0,0,20
"2194",0,0,0,0,1,0,0,14
"2195",0,0,0,0,1,0,0,14
"2196",0,0,0,0,1,0,0,14
"2197",0,0,0,0,1,0,0,14
"2198",0,0,0,0,1,0,0,15
"2199",0,0,0,0,1,0,0,13
"2200",0,0,0,0,1,0,0,13
"2201",0,0,0,0,1,0,0,14
"2202",0,0,0,0,1,0,0,14
"2203",0,0,0,0,1,0,0,12
"2204",0,0,0,0,1,0,0,14
"2205",0,0,0,0,1,0,0,16
"2206",0,0,0,0,1,0,0,16
"2207",0,0,0,0,1,0,0,15
"2208",0,0,0,0,1,0,0,14
"2209",0,0,0,0,1,0,0,15
"2210",0,0,0,0,1,0,0,15
"2211",0,0,0,0,1,0,0,14
"2212",0,0,0,0,1,0,0,15
"2213",0,0,0,0,1,0,0,20
"2214",0,0,0,0,1,0,0,16
"2215",0,0,0,0,1,0,0,15
"2216",0,0,0,0,1,0,0,17
"2217",0,0,0,0,1,0,0,15
"2218",0,0,0,0,1,0,0,15
"2219",0,0,0,0,1,0,0,14
"2220",0,0,0,0,1,0,0,20
"2221",0,0,0,0,1,0,0,16
"2222",0,0,0,0,1,0,0,14
"2223",0,0,0,0,1,0,0,14
"2224",0,0,0,0,1,0,0,14
"2225",0,0,0,0,1,0,0,14
"2226",0,0,0,0,1,0,0,14
"2227",0,0,0,0,1,0,0,14
"2228",0,0,0,0,1,0,0,16
"2229",0,0,0,0,1,0,0,14
"2230",0,0,0,0,1,0,0,14
"2231",0,0,0,0,1,0,0,15
"2232",0,0,0,0,1,0,0,15
"2233",0,0,0,0,1,0,0,16
"2234",0,0,0,0,1,0,0,15
"2235",0,0,0,0,1,0,0,13
"2236",0,0,0,0,1,0,0,15
"2237",0,0,0,0,1,0,0,17
"2238",0,0,0,0,1,0,0,13
"2239",0,0,0,0,1,0,0,15
"2240",0,0,0,0,1,0,0,15
"2241",0,0,0,0,1,0,0,15
"2242",0,0,0,0,1,0,0,15
"2243",0,0,0,0,1,0,0,15
"2244",0,0,0,0,1,0,0,15
"2245",0,0,0,0,1,0,0,14
"2246",0,0,0,0,1,0,0,16
"2247",0,0,0,0,1,0,0,12
"2248",0,0,0,0,1,0,0,12
"2249",0,0,0,0,1,0,0,18
"2250",0,0,0,0,1,0,0,14
"2251",0,0,0,0,1,0,0,15
"2252",0,0,0,0,1,0,0,14
"2253",0,0,0,0,1,0,0,11
"2254",0,0,0,0,1,0,0,14
"2255",0,0,0,0,1,0,0,14
"2256",0,0,0,0,1,0,0,13
"2257",0,0,0,0,1,0,0,15
"2258",0,0,0,0,1,0,0,17
"2259",0,0,0,0,1,0,0,14
"2260",0,0,0,0,1,0,0,14
"2261",0,0,0,0,1,0,0,14
"2262",0,0,0,0,1,0,0,16
"2263",0,0,0,0,1,0,0,15
"2264",0,0,0,0,1,0,0,15
"2265",0,0,0,0,1,0,0,13
"2266",0,0,0,0,1,0,0,16
"2267",0,0,0,0,1,0,0,16
"2268",0,0,0,0,1,0,0,15
"2269",0,0,0,0,1,0,0,15
"2270",0,0,0,0,1,0,0,14
"2271",0,0,0,0,1,0,0,15
"2272",0,0,0,0,1,0,0,14
"2273",0,0,0,0,1,0,0,16
"2274",0,0,0,0,1,0,0,14
"2275",0,0,0,0,1,0,0,14
"2276",0,0,0,0,1,0,0,18
"2277",0,0,0,0,1,0,0,15
"2278",0,0,0,0,1,0,0,14
"2279",0,0,0,0,1,0,0,15
"2280",0,0,0,0,1,0,0,15
"2281",0,0,0,0,1,0,0,13
"2282",0,0,0,0,1,0,0,13
"2283",0,0,0,0,1,0,0,13
"2284",0,0,0,0,1,0,0,12
"2285",0,0,0,0,1,0,0,12
"2286",0,0,0,0,1,0,0,13
"2287",0,0,0,0,1,0,0,14
"2288",0,0,0,0,1,0,0,20
"2289",0,0,0,0,1,0,0,14
"2290",0,0,0,0,1,0,0,15
"2291",0,0,0,0,1,0,0,13
"2292",0,0,0,0,1,0,0,14
"2293",0,0,0,0,1,0,0,14
"2294",0,0,0,0,1,0,0,13
"2295",0,0,0,0,1,0,0,20
"2296",0,0,0,0,1,0,0,14
"2297",0,0,0,0,1,0,0,13
"2298",0,0,0,0,1,0,0,14
"2299",0,0,0,0,1,0,0,14
"2300",0,0,0,0,1,0,0,13
"2301",0,0,0,0,1,0,0,14
"2302",0,0,0,0,1,0,0,14
"2303",0,0,0,0,1,0,0,20
"2304",0,0,0,0,1,0,0,14
"2305",0,0,0,0,1,0,0,14
"2306",0,0,0,0,1,0,0,17
"2307",0,0,0,0,1,0,0,14
"2308",0,0,0,0,1,0,0,14
"2309",0,0,0,0,1,0,0,19
"2310",0,0,0,0,1,0,0,18
"2311",0,0,0,0,1,0,0,16
"2312",0,0,0,0,1,0,0,14
"2313",0,0,0,0,1,0,0,15
"2314",0,0,0,0,1,0,0,15
"2315",0,0,0,0,1,0,0,14
"2316",0,0,0,0,1,0,0,14
"2317",0,0,0,0,1,0,0,14
"2318",0,0,0,0,1,0,0,13
"2319",0,0,0,0,1,0,0,17
"2320",0,0,0,0,1,0,0,14
"2321",0,0,0,0,1,0,0,14
"2322",0,0,0,0,1,0,0,13
"2323",0,0,0,0,1,0,0,14
"2324",0,0,0,0,1,0,0,16
"2325",0,0,0,0,1,0,0,14
"2326",0,0,0,0,1,0,0,12
"2327",0,0,0,0,1,0,0,11
"2328",0,0,0,0,1,0,0,15
"2329",0,0,0,0,1,0,0,13
"2330",0,0,0,0,1,0,0,13
"2331",0,0,0,0,1,0,0,14
"2332",0,0,0,0,1,0,0,15
"2333",0,0,0,0,1,0,0,14
"2334",0,0,0,0,1,0,0,18
"2335",0,0,0,0,1,0,0,14
"2336",0,0,0,0,1,0,0,14
"2337",0,0,0,0,1,0,0,16
"2338",0,0,0,0,1,0,0,16
"2339",0,0,0,0,1,0,0,14
"2340",0,0,0,0,1,0,0,16
"2341",0,0,0,0,1,0,0,16
"2342",0,0,0,0,1,0,0,15
"2343",0,0,0,0,1,0,0,15
"2344",0,0,0,0,1,0,0,12
"2345",0,0,0,0,1,0,0,14
"2346",0,0,0,0,1,0,0,19
"2347",0,0,0,0,1,0,0,16
"2348",0,0,0,0,1,0,0,14
"2349",0,0,0,0,1,0,0,13
"2350",0,0,0,0,1,0,0,20
"2351",0,0,0,0,1,0,0,15
"2352",0,0,0,0,1,0,0,20
"2353",0,0,0,0,1,0,0,15
"2354",0,0,0,0,1,0,0,15
"2355",0,0,0,0,1,0,0,14
"2356",0,0,0,0,1,0,0,18
"2357",0,0,0,0,1,0,0,15
"2358",0,0,0,0,1,0,0,14
"2359",0,0,0,0,1,0,0,19
"2360",0,0,0,0,1,0,0,14
"2361",0,0,0,0,1,0,0,13
"2362",0,0,0,0,1,0,0,17
"2363",0,0,0,0,1,0,0,14
"2364",0,0,0,0,1,0,0,15
"2365",0,0,0,0,1,0,0,15
"2366",0,0,0,0,1,0,0,14
"2367",0,0,0,0,1,0,0,15
"2368",0,0,0,0,1,0,0,14
"2369",0,0,0,0,1,0,0,16
"2370",0,0,0,0,1,0,0,13
"2371",0,0,0,0,1,0,0,12
"2372",0,0,0,0,1,0,0,14
"2373",0,0,0,0,1,0,0,14
"2374",0,0,0,0,1,0,0,20
"2375",0,0,0,0,1,0,0,20
"2376",0,0,0,0,1,0,0,14
"2377",0,0,0,0,1,0,0,15
"2378",0,0,0,0,1,0,0,12
"2379",0,0,0,0,1,0,0,14
"2380",0,0,0,0,1,0,0,15
"2381",0,0,0,0,1,0,0,15
"2382",0,0,0,0,1,0,0,14
"2383",0,0,0,0,1,0,0,14
"2384",0,0,0,0,1,0,0,13
"2385",0,0,0,0,1,0,0,11
"2386",0,0,0,0,1,0,0,14
"2387",0,0,0,0,1,0,0,13
"2388",0,0,0,0,1,0,0,15
"2389",0,0,0,0,1,0,0,15
"2390",0,0,0,0,1,0,0,12
"2391",0,0,0,0,1,0,0,15
"2392",0,0,0,0,1,0,0,19
"2393",0,0,0,0,1,0,0,14
"2394",0,0,0,0,1,0,0,15
"2395",0,0,0,0,1,0,0,14
"2396",0,0,0,0,1,0,0,16
"2397",0,0,0,0,1,0,0,15
"2398",0,0,0,0,1,0,0,15
"2399",0,0,0,0,1,0,0,12
"2400",0,0,0,0,1,0,0,14
"2401",0,0,0,0,1,0,0,14
"2402",0,0,0,0,1,0,0,14
"2403",0,0,0,0,1,0,0,14
"2404",0,0,0,0,1,0,0,15
"2405",0,0,0,0,1,0,0,19
"2406",0,0,0,0,1,0,0,18
"2407",0,0,0,0,1,0,0,14
"2408",0,0,0,0,1,0,0,11
"2409",0,0,0,0,1,0,0,14
"2410",0,0,0,0,1,0,0,18
"2411",0,0,0,0,1,0,0,15
"2412",0,0,0,0,1,0,0,14
"2413",0,0,0,0,1,0,0,12
"2414",0,0,0,0,1,0,0,16
"2415",0,0,0,0,1,0,0,20
"2416",0,0,0,0,1,0,0,15
"2417",0,0,0,0,1,0,0,14
"2418",0,0,0,0,1,0,0,14
"2419",0,0,0,0,1,0,0,13
"2420",0,0,0,0,1,0,0,19
"2421",0,0,0,0,1,0,0,14
"2422",0,0,0,0,1,0,0,20
"2423",0,0,0,0,1,0,0,14
"2424",0,0,0,0,1,0,0,14
"2425",0,0,0,0,1,0,0,14
"2426",0,0,0,0,1,0,0,16
"2427",0,0,0,0,1,0,0,12
"2428",0,0,0,0,1,0,0,16
"2429",0,0,0,0,1,0,0,16
"2430",0,0,0,0,1,0,0,12
"2431",0,0,0,0,1,0,0,16
"2432",0,0,0,0,1,0,0,13
"2433",0,0,0,0,1,0,0,14
"2434",0,0,0,0,1,0,0,14
"2435",0,0,0,0,1,0,0,16
"2436",0,0,0,0,1,0,0,14
"2437",0,0,0,0,1,0,0,13
"2438",0,0,0,0,1,0,0,14
"2439",0,0,0,0,1,0,0,14
"2440",0,0,0,0,1,0,0,17
"2441",0,0,0,0,1,0,0,12
"2442",0,0,0,0,1,0,0,14
"2443",0,0,0,0,1,0,0,19
"2444",0,0,0,0,1,0,0,16
"2445",0,0,0,0,1,0,0,15
"2446",0,0,0,0,1,0,0,15
"2447",0,0,0,0,1,0,0,14
"2448",0,0,0,0,1,0,0,13
"2449",0,0,0,0,1,0,0,19
"2450",0,0,0,0,1,0,0,19
"2451",0,0,0,0,1,0,0,16
"2452",0,0,0,0,1,0,0,15
"2453",0,0,0,0,1,0,0,15
"2454",0,0,0,0,1,0,0,14
"2455",0,0,0,0,1,0,0,14
"2456",0,0,0,0,1,0,0,16
"2457",0,0,0,0,1,0,0,14
"2458",0,0,0,0,1,0,0,16
"2459",0,0,0,0,1,0,0,14
"2460",0,0,0,0,1,0,0,14
"2461",0,0,0,0,1,0,0,14
"2462",0,0,0,0,1,0,0,14
"2463",0,0,0,0,1,0,0,15
"2464",0,0,0,0,1,0,0,20
"2465",0,0,0,0,1,0,0,14
"2466",0,0,0,0,1,0,0,14
"2467",0,0,0,0,1,0,0,13
"2468",0,0,0,0,1,0,0,15
"2469",0,0,0,0,1,0,0,15
"2470",0,0,0,0,1,0,0,12
"2471",0,0,0,0,1,0,0,12
"2472",0,0,0,0,1,0,0,15
"2473",0,0,0,0,1,0,0,15
"2474",0,0,0,0,1,0,0,16
"2475",0,0,0,0,1,0,0,14
"2476",0,0,0,0,1,0,0,16
"2477",0,0,0,0,1,0,0,15
"2478",0,0,0,0,1,0,0,14
"2479",0,0,0,0,1,0,0,14
"2480",0,0,0,0,1,0,0,12
"2481",0,0,0,0,1,0,0,14
"2482",0,0,0,0,1,0,0,15
"2483",0,0,0,0,1,0,0,14
"2484",0,0,0,0,1,0,0,15
"2485",0,0,0,0,1,0,0,14
"2486",0,0,0,0,1,0,0,15
"2487",0,0,0,0,1,0,0,12
"2488",0,0,0,0,1,0,0,14
"2489",0,0,0,0,1,0,0,14
"2490",0,0,0,0,1,0,0,16
"2491",0,0,0,0,1,0,0,14
"2492",0,0,0,0,1,0,0,17
"2493",0,0,0,0,1,0,0,13
"2494",0,0,0,0,1,0,0,14
"2495",0,0,0,0,1,0,0,15
"2496",0,0,0,0,1,0,0,18
"2497",0,0,0,0,1,0,0,17
"2498",0,0,0,0,1,0,0,11
"2499",0,0,0,0,1,0,0,13
"2500",0,0,0,0,1,0,0,12
"2501",0,0,0,0,1,0,0,17
"2502",0,0,0,0,1,0,0,12
"2503",0,0,0,0,1,0,0,14
"2504",0,0,0,0,1,0,0,14
"2505",0,0,0,0,1,0,0,14
"2506",0,0,0,0,1,0,0,14
"2507",0,0,0,0,1,0,0,15
"2508",0,0,0,0,1,0,0,14
"2509",0,0,0,0,1,0,0,14
"2510",0,0,0,0,1,0,0,15
"2511",0,0,0,0,1,0,0,14
"2512",0,0,0,0,1,0,0,15
"2513",0,0,0,0,1,0,0,14
"2514",0,0,0,0,1,0,0,15
"2515",0,0,0,0,1,0,0,14
"2516",0,0,0,0,1,0,0,14
"2517",0,0,0,0,1,0,0,15
"2518",0,0,0,0,1,0,0,15
"2519",0,0,0,0,1,0,0,18
"2520",0,0,0,0,1,0,0,14
"2521",0,0,0,0,1,0,0,14
"2522",0,0,0,0,1,0,0,13
"2523",0,0,0,0,1,0,0,18
"2524",0,0,0,0,1,0,0,19
"2525",0,0,0,0,1,0,0,15
"2526",0,0,0,0,1,0,0,13
"2527",0,0,0,0,1,0,0,20
"2528",0,0,0,0,1,0,0,18
"2529",0,0,0,0,1,0,0,20
"2530",0,0,0,0,1,0,0,16
"2531",0,0,0,0,1,0,0,14
"2532",0,0,0,0,1,0,0,18
"2533",0,0,0,0,1,0,0,14
"2534",0,0,0,0,1,0,0,16
"2535",0,0,0,0,1,0,0,14
"2536",0,0,0,0,1,0,0,19
"2537",0,0,0,0,1,0,0,15
"2538",0,0,0,0,1,0,0,12
"2539",0,0,0,0,1,0,0,13
"2540",0,0,0,0,1,0,0,14
"2541",0,0,0,0,1,0,0,14
"2542",0,0,0,0,1,0,0,15
"2543",0,0,0,0,1,0,0,14
"2544",0,0,0,0,1,0,0,12
"2545",0,0,0,0,1,0,0,15
"2546",0,0,0,0,1,0,0,14
"2547",0,0,0,0,1,0,0,15
"2548",0,0,0,0,1,0,0,19
"2549",0,0,0,0,1,0,0,16
"2550",0,0,0,0,1,0,0,14
"2551",0,0,0,0,1,0,0,15
"2552",0,0,0,0,1,0,0,15
"2553",0,0,0,0,1,0,0,15
"2554",0,0,0,0,1,0,0,20
"2555",0,0,0,0,1,0,0,14
"2556",0,0,0,0,1,0,0,18
"2557",0,0,0,0,1,0,0,14
"2558",0,0,0,0,1,0,0,14
"2559",0,0,0,0,1,0,0,17
"2560",0,0,0,0,1,0,0,15
"2561",0,0,0,0,1,0,0,15
"2562",0,0,0,0,1,0,0,12
"2563",0,0,0,0,1,0,0,17
"2564",0,0,0,0,1,0,0,14
"2565",0,0,0,0,1,0,0,15
"2566",0,0,0,0,1,0,0,17
"2567",0,0,0,0,1,0,0,12
"2568",0,0,0,0,1,0,0,16
"2569",0,0,0,0,1,0,0,15
"2570",0,0,0,0,1,0,0,14
"2571",0,0,0,0,1,0,0,16
"2572",0,0,0,0,1,0,0,12
"2573",0,0,0,0,1,0,0,12
"2574",0,0,0,0,1,0,0,15
"2575",0,0,0,0,0,1,0,25
"2576",0,0,0,0,0,1,0,27
"2577",0,0,0,0,0,1,0,26
"2578",0,0,0,0,0,1,0,26
"2579",0,0,0,0,0,1,0,25
"2580",0,0,0,0,0,1,0,24
"2581",0,0,0,0,0,1,0,24
"2582",0,0,0,0,0,1,0,25
"2583",0,0,0,0,0,1,0,25
"2584",0,0,0,0,0,1,0,26
"2585",0,0,0,0,0,1,0,26
"2586",0,0,0,0,0,1,0,25
"2587",0,0,0,0,0,1,0,27
"2588",0,0,0,0,0,1,0,25
"2589",0,0,0,0,0,1,0,27
"2590",0,0,0,0,0,1,0,26
"2591",0,0,0,0,0,1,0,23
"2592",0,0,0,0,0,1,0,27
"2593",0,0,0,0,0,1,0,28
"2594",0,0,0,0,0,1,0,29
"2595",0,0,0,0,0,1,0,26
"2596",0,0,0,0,0,1,0,27
"2597",0,0,0,0,0,1,0,24
"2598",0,0,0,0,0,1,0,26
"2599",0,0,0,0,0,1,0,23
"2600",0,0,0,0,0,1,0,25
"2601",0,0,0,0,0,1,0,25
"2602",0,0,0,0,0,1,0,26
"2603",0,0,0,0,0,1,0,25
"2604",0,0,0,0,0,1,0,28
"2605",0,0,0,0,0,1,0,26
"2606",0,0,0,0,0,1,0,24
"2607",0,0,0,0,0,1,0,28
"2608",0,0,0,0,0,1,0,21
"2609",0,0,0,0,0,1,0,26
"2610",0,0,0,0,0,1,0,23
"2611",0,0,0,0,0,1,0,26
"2612",0,0,0,0,0,1,0,25
"2613",0,0,0,0,0,1,0,24
"2614",0,0,0,0,0,1,0,24
"2615",0,0,0,0,0,1,0,23
"2616",0,0,0,0,0,1,0,30
"2617",0,0,0,0,0,1,0,25
"2618",0,0,0,0,0,1,0,25
"2619",0,0,0,0,0,1,0,26
"2620",0,0,0,0,0,1,0,24
"2621",0,0,0,0,0,1,0,25
"2622",0,0,0,0,0,1,0,27
"2623",0,0,0,0,0,1,0,21
"2624",0,0,0,0,0,1,0,26
"2625",0,0,0,0,0,1,0,23
"2626",0,0,0,0,0,1,0,27
"2627",0,0,0,0,0,1,0,25
"2628",0,0,0,0,0,1,0,25
"2629",0,0,0,0,0,1,0,28
"2630",0,0,0,0,0,1,0,29
"2631",0,0,0,0,0,1,0,25
"2632",0,0,0,0,0,1,0,26
"2633",0,0,0,0,0,1,0,22
"2634",0,0,0,0,0,1,0,27
"2635",0,0,0,0,0,1,0,25
"2636",0,0,0,0,0,1,0,25
"2637",0,0,0,0,0,1,0,22
"2638",0,0,0,0,0,1,0,25
"2639",0,0,0,0,0,1,0,28
"2640",0,0,0,0,0,1,0,27
"2641",0,0,0,0,0,1,0,21
"2642",0,0,0,0,0,1,0,21
"2643",0,0,0,0,0,1,0,22
"2644",0,0,0,0,0,1,0,25
"2645",0,0,0,0,0,1,0,26
"2646",0,0,0,0,0,1,0,27
"2647",0,0,0,0,0,1,0,24
"2648",0,0,0,0,0,1,0,25
"2649",0,0,0,0,0,1,0,26
"2650",0,0,0,0,0,1,0,24
"2651",0,0,0,0,0,1,0,26
"2652",0,0,0,0,0,1,0,30
"2653",0,0,0,0,0,1,0,21
"2654",0,0,0,0,0,1,0,23
"2655",0,0,0,0,0,1,0,25
"2656",0,0,0,0,0,1,0,25
"2657",0,0,0,0,0,1,0,26
"2658",0,0,0,0,0,1,0,26
"2659",0,0,0,0,0,1,0,25
"2660",0,0,0,0,0,1,0,28
"2661",0,0,0,0,0,1,0,29
"2662",0,0,0,0,0,1,0,26
"2663",0,0,0,0,0,1,0,25
"2664",0,0,0,0,0,1,0,26
"2665",0,0,0,0,0,1,0,28
"2666",0,0,0,0,0,1,0,25
"2667",0,0,0,0,0,1,0,26
"2668",0,0,0,0,0,1,0,25
"2669",0,0,0,0,0,1,0,25
"2670",0,0,0,0,0,1,0,27
"2671",0,0,0,0,0,1,0,30
"2672",0,0,0,0,0,1,0,23
"2673",0,0,0,0,0,1,0,25
"2674",0,0,0,0,0,1,0,27
"2675",0,0,0,0,0,1,0,30
"2676",0,0,0,0,0,1,0,30
"2677",0,0,0,0,0,1,0,30
"2678",0,0,0,0,0,1,0,23
"2679",0,0,0,0,0,1,0,24
"2680",0,0,0,0,0,1,0,28
"2681",0,0,0,0,0,1,0,21
"2682",0,0,0,0,0,1,0,26
"2683",0,0,0,0,0,1,0,23
"2684",0,0,0,0,0,1,0,26
"2685",0,0,0,0,0,1,0,21
"2686",0,0,0,0,0,1,0,21
"2687",0,0,0,0,0,1,0,26
"2688",0,0,0,0,0,1,0,25
"2689",0,0,0,0,0,1,0,30
"2690",0,0,0,0,0,1,0,27
"2691",0,0,0,0,0,1,0,21
"2692",0,0,0,0,0,1,0,22
"2693",0,0,0,0,0,1,0,27
"2694",0,0,0,0,0,1,0,24
"2695",0,0,0,0,0,1,0,21
"2696",0,0,0,0,0,1,0,28
"2697",0,0,0,0,0,1,0,30
"2698",0,0,0,0,0,1,0,25
"2699",0,0,0,0,0,1,0,21
"2700",0,0,0,0,0,1,0,30
"2701",0,0,0,0,0,1,0,30
"2702",0,0,0,0,0,1,0,24
"2703",0,0,0,0,0,1,0,24
"2704",0,0,0,0,0,1,0,26
"2705",0,0,0,0,0,1,0,24
"2706",0,0,0,0,0,1,0,22
"2707",0,0,0,0,0,1,0,27
"2708",0,0,0,0,0,1,0,22
"2709",0,0,0,0,0,1,0,21
"2710",0,0,0,0,0,1,0,29
"2711",0,0,0,0,0,1,0,28
"2712",0,0,0,0,0,1,0,23
"2713",0,0,0,0,0,1,0,29
"2714",0,0,0,0,0,1,0,27
"2715",0,0,0,0,0,1,0,30
"2716",0,0,0,0,0,1,0,30
"2717",0,0,0,0,0,1,0,21
"2718",0,0,0,0,0,1,0,25
"2719",0,0,0,0,0,1,0,25
"2720",0,0,0,0,0,1,0,25
"2721",0,0,0,0,0,1,0,30
"2722",0,0,0,0,0,1,0,27
"2723",0,0,0,0,0,1,0,27
"2724",0,0,0,0,0,1,0,26
"2725",0,0,0,0,0,1,0,30
"2726",0,0,0,0,0,1,0,27
"2727",0,0,0,0,0,1,0,30
"2728",0,0,0,0,0,1,0,25
"2729",0,0,0,0,0,1,0,30
"2730",0,0,0,0,0,1,0,30
"2731",0,0,0,0,0,1,0,25
"2732",0,0,0,0,0,1,0,23
"2733",0,0,0,0,0,1,0,23
"2734",0,0,0,0,0,1,0,25
"2735",0,0,0,0,0,1,0,26
"2736",0,0,0,0,0,1,0,27
"2737",0,0,0,0,0,1,0,23
"2738",0,0,0,0,0,1,0,27
"2739",0,0,0,0,0,1,0,24
"2740",0,0,0,0,0,1,0,30
"2741",0,0,0,0,0,1,0,23
"2742",0,0,0,0,0,1,0,30
"2743",0,0,0,0,0,1,0,30
"2744",0,0,0,0,0,1,0,25
"2745",0,0,0,0,0,1,0,29
"2746",0,0,0,0,0,1,0,21
"2747",0,0,0,0,0,1,0,21
"2748",0,0,0,0,0,1,0,24
"2749",0,0,0,0,0,1,0,23
"2750",0,0,0,0,0,1,0,30
"2751",0,0,0,0,0,1,0,28
"2752",0,0,0,0,0,1,0,28
"2753",0,0,0,0,0,1,0,29
"2754",0,0,0,0,0,1,0,28
"2755",0,0,0,0,0,1,0,23
"2756",0,0,0,0,0,1,0,30
"2757",0,0,0,0,0,1,0,30
"2758",0,0,0,0,0,1,0,21
"2759",0,0,0,0,0,1,0,28
"2760",0,0,0,0,0,1,0,28
"2761",0,0,0,0,0,1,0,25
"2762",0,0,0,0,0,1,0,25
"2763",0,0,0,0,0,1,0,30
"2764",0,0,0,0,0,1,0,21
"2765",0,0,0,0,0,1,0,30
"2766",0,0,0,0,0,1,0,30
"2767",0,0,0,0,0,1,0,25
"2768",0,0,0,0,0,1,0,28
"2769",0,0,0,0,0,1,0,29
"2770",0,0,0,0,0,1,0,25
"2771",0,0,0,0,0,1,0,24
"2772",0,0,0,0,0,1,0,28
"2773",0,0,0,0,0,1,0,22
"2774",0,0,0,0,0,1,0,25
"2775",0,0,0,0,0,1,0,26
"2776",0,0,0,0,0,1,0,28
"2777",0,0,0,0,0,1,0,27
"2778",0,0,0,0,0,1,0,26
"2779",0,0,0,0,0,1,0,25
"2780",0,0,0,0,0,1,0,25
"2781",0,0,0,0,0,1,0,28
"2782",0,0,0,0,0,1,0,25
"2783",0,0,0,0,0,1,0,30
"2784",0,0,0,0,0,1,0,24
"2785",0,0,0,0,0,1,0,30
"2786",0,0,0,0,0,1,0,27
"2787",0,0,0,0,0,1,0,27
"2788",0,0,0,0,0,1,0,23
"2789",0,0,0,0,0,1,0,30
"2790",0,0,0,0,0,1,0,30
"2791",0,0,0,0,0,1,0,30
"2792",0,0,0,0,0,1,0,29
"2793",0,0,0,0,0,1,0,25
"2794",0,0,0,0,0,1,0,25
"2795",0,0,0,0,0,1,0,23
"2796",0,0,0,0,0,1,0,23
"2797",0,0,0,0,0,1,0,27
"2798",0,0,0,0,0,1,0,28
"2799",0,0,0,0,0,1,0,27
"2800",0,0,0,0,0,1,0,26
"2801",0,0,0,0,0,1,0,26
"2802",0,0,0,0,0,1,0,28
"2803",0,0,0,0,0,1,0,27
"2804",0,0,0,0,0,1,0,25
"2805",0,0,0,0,0,1,0,30
"2806",0,0,0,0,0,1,0,22
"2807",0,0,0,0,0,1,0,23
"2808",0,0,0,0,0,1,0,21
"2809",0,0,0,0,0,1,0,24
"2810",0,0,0,0,0,1,0,23
"2811",0,0,0,0,0,1,0,29
"2812",0,0,0,0,0,1,0,21
"2813",0,0,0,0,0,1,0,24
"2814",0,0,0,0,0,1,0,25
"2815",0,0,0,0,0,1,0,29
"2816",0,0,0,0,0,1,0,24
"2817",0,0,0,0,0,1,0,22
"2818",0,0,0,0,0,1,0,24
"2819",0,0,0,0,0,1,0,24
"2820",0,0,0,0,0,1,0,22
"2821",0,0,0,0,0,1,0,28
"2822",0,0,0,0,0,1,0,30
"2823",0,0,0,0,0,1,0,26
"2824",0,0,0,0,0,1,0,23
"2825",0,0,0,0,0,1,0,28
"2826",0,0,0,0,0,1,0,28
"2827",0,0,0,0,0,1,0,30
"2828",0,0,0,0,0,1,0,30
"2829",0,0,0,0,0,1,0,24
"2830",0,0,0,0,0,1,0,23
"2831",0,0,0,0,0,1,0,30
"2832",0,0,0,0,0,1,0,27
"2833",0,0,0,0,0,1,0,23
"2834",0,0,0,0,0,1,0,23
"2835",0,0,0,0,0,1,0,25
"2836",0,0,0,0,0,1,0,26
"2837",0,0,0,0,0,1,0,22
"2838",0,0,0,0,0,1,0,30
"2839",0,0,0,0,0,1,0,25
"2840",0,0,0,0,0,1,0,25
"2841",0,0,0,0,0,1,0,29
"2842",0,0,0,0,0,1,0,25
"2843",0,0,0,0,0,1,0,30
"2844",0,0,0,0,0,1,0,28
"2845",0,0,0,0,0,1,0,29
"2846",0,0,0,0,0,1,0,26
"2847",0,0,0,0,0,1,0,28
"2848",0,0,0,0,0,1,0,24
"2849",0,0,0,0,0,1,0,29
"2850",0,0,0,0,0,1,0,28
"2851",0,0,0,0,0,1,0,26
"2852",0,0,0,0,0,1,0,27
"2853",0,0,0,0,0,1,0,29
"2854",0,0,0,0,0,1,0,28
"2855",0,0,0,0,0,1,0,21
"2856",0,0,0,0,0,1,0,29
"2857",0,0,0,0,0,1,0,30
"2858",0,0,0,0,0,1,0,26
"2859",0,0,0,0,0,1,0,26
"2860",0,0,0,0,0,1,0,25
"2861",0,0,0,0,0,1,0,29
"2862",0,0,0,0,0,1,0,30
"2863",0,0,0,0,0,1,0,24
"2864",0,0,0,0,0,1,0,30
"2865",0,0,0,0,0,1,0,23
"2866",0,0,0,0,0,1,0,24
"2867",0,0,0,0,0,1,0,24
"2868",0,0,0,0,0,1,0,22
"2869",0,0,0,0,0,1,0,30
"2870",0,0,0,0,0,1,0,23
"2871",0,0,0,0,0,1,0,21
"2872",0,0,0,0,0,1,0,24
"2873",0,0,0,0,0,1,0,24
"2874",0,0,0,0,0,1,0,28
"2875",0,0,0,0,0,1,0,26
"2876",0,0,0,0,0,1,0,30
"2877",0,0,0,0,0,1,0,21
"2878",0,0,0,0,0,1,0,30
"2879",0,0,0,0,0,1,0,26
"2880",0,0,0,0,0,1,0,30
"2881",0,0,0,0,0,1,0,30
"2882",0,0,0,0,0,1,0,30
"2883",0,0,0,0,0,1,0,27
"2884",0,0,0,0,0,1,0,22
"2885",0,0,0,0,0,1,0,23
"2886",0,0,0,0,0,1,0,26
"2887",0,0,0,0,0,1,0,30
"2888",0,0,0,0,0,1,0,28
"2889",0,0,0,0,0,1,0,30
"2890",0,0,0,0,0,1,0,22
"2891",0,0,0,0,0,1,0,27
"2892",0,0,0,0,0,0,1,68
"2893",0,0,0,0,0,0,1,86
"2894",0,0,0,0,0,0,1,42
"2895",0,0,0,0,0,0,1,87
"2896",0,0,0,0,0,0,1,82
"2897",0,0,0,0,0,0,1,109
"2898",0,0,0,0,0,0,1,70
"2899",0,0,0,0,0,0,1,56
"2900",0,0,0,0,0,0,1,77
"2901",0,0,0,0,0,0,1,35
"2902",0,0,0,0,0,0,1,90
"2903",0,0,0,0,0,0,1,91
"2904",0,0,0,0,0,0,1,75
"2905",0,0,0,0,0,0,1,75
"2906",0,0,0,0,0,0,1,137
"2907",0,0,0,0,0,0,1,60
"2908",0,0,0,0,0,0,1,96
"2909",0,0,0,0,0,0,1,180
"2910",0,0,0,0,0,0,1,150
"2911",0,0,0,0,0,0,1,43
"2912",0,0,0,0,0,0,1,120
"2913",0,0,0,0,0,0,1,83
"2914",0,0,0,0,0,0,1,75
"2915",0,0,0,0,0,0,1,55
"2916",0,0,0,0,0,0,1,63
"2917",0,0,0,0,0,0,1,75
"2918",0,0,0,0,0,0,1,79
"2919",0,0,0,0,0,0,1,80
"2920",0,0,0,0,0,0,1,59
"2921",0,0,0,0,0,0,1,46
"2922",0,0,0,0,0,0,1,71
"2923",0,0,0,0,0,0,1,54
"2924",0,0,0,0,0,0,1,61
"2925",0,0,0,0,0,0,1,47
"2926",0,0,0,0,0,0,1,72
"2927",0,0,0,0,0,0,1,88
"2928",0,0,0,0,0,0,1,68
"2929",0,0,0,0,0,0,1,86
"2930",0,0,0,0,0,0,1,45
"2931",0,0,0,0,0,0,1,86
"2932",0,0,0,0,0,0,1,82
"2933",0,0,0,0,0,0,1,64
"2934",0,0,0,0,0,0,1,74
"2935",0,0,0,0,0,0,1,70
"2936",0,0,0,0,0,0,1,100
"2937",0,0,0,0,0,0,1,157
"2938",0,0,0,0,0,0,1,67
"2939",0,0,0,0,0,0,1,116
"2940",0,0,0,0,0,0,1,96
"2941",0,0,0,0,0,0,1,76
"2942",0,0,0,0,0,0,1,98
"2943",0,0,0,0,0,0,1,56
"2944",0,0,0,0,0,0,1,48
"2945",0,0,0,0,0,0,1,60
"2946",0,0,0,0,0,0,1,65
"2947",0,0,0,0,0,0,1,61
"2948",0,0,0,0,0,0,1,72
"2949",0,0,0,0,0,0,1,84
"2950",0,0,0,0,0,0,1,82
"2951",0,0,0,0,0,0,1,51
"2952",0,0,0,0,0,0,1,62
"2953",0,0,0,0,0,0,1,111
"2954",0,0,0,0,0,0,1,87
"2955",0,0,0,0,0,0,1,63
"2956",0,0,0,0,0,0,1,75
"2957",0,0,0,0,0,0,1,82
"2958",0,0,0,0,0,0,1,80
"2959",0,0,0,0,0,0,1,64
"2960",0,0,0,0,0,0,1,65
"2961",0,0,0,0,0,0,1,64
"2962",0,0,0,0,0,0,1,53
"2963",0,0,0,0,0,0,1,72
"2964",0,0,0,0,0,0,1,62
"2965",0,0,0,0,0,0,1,54
"2966",0,0,0,0,0,0,1,40
"2967",0,0,0,0,0,0,1,40
"2968",0,0,0,0,0,0,1,75
"2969",0,0,0,0,0,0,1,137
"2970",0,0,0,0,0,0,1,60
"2971",0,0,0,0,0,0,1,96
"2972",0,0,0,0,0,0,1,180
"2973",0,0,0,0,0,0,1,74
"2974",0,0,0,0,0,0,1,90
"2975",0,0,0,0,0,0,1,150
"2976",0,0,0,0,0,0,1,43
"2977",0,0,0,0,0,0,1,120
"2978",0,0,0,0,0,0,1,83
"2979",0,0,0,0,0,0,1,90
"2980",0,0,0,0,0,0,1,66
"2981",0,0,0,0,0,0,1,59
"2982",0,0,0,0,0,0,1,180
"2983",0,0,0,0,0,0,1,68
"2984",0,0,0,0,0,0,1,86
"2985",0,0,0,0,0,0,1,61
"2986",0,0,0,0,0,0,1,45
"2987",0,0,0,0,0,0,1,91
"2988",0,0,0,0,0,0,1,45
"2989",0,0,0,0,0,0,1,69
"2990",0,0,0,0,0,0,1,90
"2991",0,0,0,0,0,0,1,83
"2992",0,0,0,0,0,0,1,87
"2993",0,0,0,0,0,0,1,82
"2994",0,0,0,0,0,0,1,90
"2995",0,0,0,0,0,0,1,90
"2996",0,0,0,0,0,0,1,107
"2997",0,0,0,0,0,0,1,85
"2998",0,0,0,0,0,0,1,48
"2999",0,0,0,0,0,0,1,64
"3000",0,0,0,0,0,0,1,74
"3001",0,0,0,0,0,0,1,70
"3002",0,0,0,0,0,0,1,63
"3003",0,0,0,0,0,0,1,78
"3004",0,0,0,0,0,0,1,100
"3005",0,0,0,0,0,0,1,157
"3006",0,0,0,0,0,0,1,67
"3007",0,0,0,0,0,0,1,116
"3008",0,0,0,0,0,0,1,69
"3009",0,0,0,0,0,0,1,71
"3010",0,0,0,0,0,0,1,65
"3011",0,0,0,0,0,0,1,66
"3012",0,0,0,0,0,0,1,90
"3013",0,0,0,0,0,0,1,120
"3014",0,0,0,0,0,0,1,83
"3015",0,0,0,0,0,0,1,180
"3016",0,0,0,0,0,0,1,62
"3017",0,0,0,0,0,0,1,75
"3018",0,0,0,0,0,0,1,55
"3019",0,0,0,0,0,0,1,51
"3020",0,0,0,0,0,0,1,42
"3021",0,0,0,0,0,0,1,67
"3022",0,0,0,0,0,0,1,78
"3023",0,0,0,0,0,0,1,96
"3024",0,0,0,0,0,0,1,76
"3025",0,0,0,0,0,0,1,97
"3026",0,0,0,0,0,0,1,98
"3027",0,0,0,0,0,0,1,56
"3028",0,0,0,0,0,0,1,48
"3029",0,0,0,0,0,0,1,60
"3030",0,0,0,0,0,0,1,65
"3031",0,0,0,0,0,0,1,61
"3032",0,0,0,0,0,0,1,137
"3033",0,0,0,0,0,0,1,60
"3034",0,0,0,0,0,0,1,74
"3035",0,0,0,0,0,0,1,70
"3036",0,0,0,0,0,0,1,90
"3037",0,0,0,0,0,0,1,72
"3038",0,0,0,0,0,0,1,84
"3039",0,0,0,0,0,0,1,56
"3040",0,0,0,0,0,0,1,56
"3041",0,0,0,0,0,0,1,58
"3042",0,0,0,0,0,0,1,82
"3043",0,0,0,0,0,0,1,41
"3044",0,0,0,0,0,0,1,92
"3045",0,0,0,0,0,0,1,62
"3046",0,0,0,0,0,0,1,64
"3047",0,0,0,0,0,0,1,81
"3048",0,0,0,0,0,0,1,64
"3049",0,0,0,0,0,0,1,51
"3050",0,0,0,0,0,0,1,75
"3051",0,0,0,0,0,0,1,70
"3052",0,0,0,0,0,0,1,62
"3053",0,0,0,0,0,0,1,111
"3054",0,0,0,0,0,0,1,87
"3055",0,0,0,0,0,0,1,53
"3056",0,0,0,0,0,0,1,52
"3057",0,0,0,0,0,0,1,88
"3058",0,0,0,0,0,0,1,80
"3059",0,0,0,0,0,0,1,65
"3060",0,0,0,0,0,0,1,63
"3061",0,0,0,0,0,0,1,75
"3062",0,0,0,0,0,0,1,82
"3063",0,0,0,0,0,0,1,80
"3064",0,0,0,0,0,0,1,60
"3065",0,0,0,0,0,0,1,64
"3066",0,0,0,0,0,0,1,65
"3067",0,0,0,0,0,0,1,69
"3068",0,0,0,0,0,0,1,64
"3069",0,0,0,0,0,0,1,53
"3070",0,0,0,0,0,0,1,72
"3071",0,0,0,0,0,0,1,71
"3072",0,0,0,0,0,0,1,90
"3073",0,0,0,0,0,0,1,88
"3074",0,0,0,0,0,0,1,85
"3075",0,0,0,0,0,0,1,144
"3076",0,0,0,0,0,0,1,66
"3077",0,0,0,0,0,0,1,82
"3078",0,0,0,0,0,0,1,84
"3079",0,0,0,0,0,0,1,65
"3080",0,0,0,0,0,0,1,144
"3081",0,0,0,0,0,0,1,100
"3082",0,0,0,0,0,0,1,78
"3083",0,0,0,0,0,0,1,80
"3084",0,0,0,0,0,0,1,180
"3085",0,0,0,0,0,0,1,167
"3086",0,0,0,0,0,0,1,180
"3087",0,0,0,0,0,0,1,71
"3088",0,0,0,0,0,0,1,58
"3089",0,0,0,0,0,0,1,47
"3090",0,0,0,0,0,0,1,104
"3091",0,0,0,0,0,0,1,80
"3092",0,0,0,0,0,0,1,104
"3093",0,0,0,0,0,0,1,93
"3094",0,0,0,0,0,0,1,52
"3095",0,0,0,0,0,0,1,60
"3096",0,0,0,0,0,0,1,75
"3097",0,0,0,0,0,0,1,62
"3098",0,0,0,0,0,0,1,54
"3099",0,0,0,0,0,0,1,40
"3100",0,0,0,0,0,0,1,40
"3101",0,0,0,0,0,0,1,50
"3102",0,0,0,0,0,0,1,90
"3103",0,0,0,0,0,0,1,45
"3104",0,0,0,0,0,0,1,60
"3105",0,0,0,0,0,0,1,150
"3106",0,0,0,0,0,0,1,44
"3107",0,0,0,0,0,0,1,96
"3108",0,0,0,0,0,0,1,62
"3109",0,0,0,0,0,0,1,75
"3110",0,0,0,0,0,0,1,137
"3111",0,0,0,0,0,0,1,47
"3112",0,0,0,0,0,0,1,96
"3113",0,0,0,0,0,0,1,180
"3114",0,0,0,0,0,0,1,128
"3115",0,0,0,0,0,0,1,65
"3116",0,0,0,0,0,0,1,150
"3117",0,0,0,0,0,0,1,34
"3118",0,0,0,0,0,0,1,58
"3119",0,0,0,0,0,0,1,63
"3120",0,0,0,0,0,0,1,58
"3121",0,0,0,0,0,0,1,58
"3122",0,0,0,0,0,0,1,53
"3123",0,0,0,0,0,0,1,106
"3124",0,0,0,0,0,0,1,88
"3125",0,0,0,0,0,0,1,67
"3126",0,0,0,0,0,0,1,119
"3127",0,0,0,0,0,0,1,72
"3128",0,0,0,0,0,0,1,60
"3129",0,0,0,0,0,0,1,63
"3130",0,0,0,0,0,0,1,60
"3131",0,0,0,0,0,0,1,84
"3132",0,0,0,0,0,0,1,51
"3133",0,0,0,0,0,0,1,101
"3134",0,0,0,0,0,0,1,103
"3135",0,0,0,0,0,0,1,69
"3136",0,0,0,0,0,0,1,128
"3137",0,0,0,0,0,0,1,120
"3138",0,0,0,0,0,0,1,74
"3139",0,0,0,0,0,0,1,90
"3140",0,0,0,0,0,0,1,150
"3141",0,0,0,0,0,0,1,43
"3142",0,0,0,0,0,0,1,120
"3143",0,0,0,0,0,0,1,60
"3144",0,0,0,0,0,0,1,70
"3145",0,0,0,0,0,0,1,71
"3146",0,0,0,0,0,0,1,90
"3147",0,0,0,0,0,0,1,69
"3148",0,0,0,0,0,0,1,59
"3149",0,0,0,0,0,0,1,59
"3150",0,0,0,0,0,0,1,50
"3151",0,0,0,0,0,0,1,103
"3152",0,0,0,0,0,0,1,57
"3153",0,0,0,0,0,0,1,56
"3154",0,0,0,0,0,0,1,40
"3155",0,0,0,0,0,0,1,126
"3156",0,0,0,0,0,0,1,86
"3157",0,0,0,0,0,0,1,95
"3158",0,0,0,0,0,0,1,120
"3159",0,0,0,0,0,0,1,40
"3160",0,0,0,0,0,0,1,40
"3161",0,0,0,0,0,0,1,63
"3162",0,0,0,0,0,0,1,96
"3163",0,0,0,0,0,0,1,49
"3164",0,0,0,0,0,0,1,88
"3165",0,0,0,0,0,0,1,58
"3166",0,0,0,0,0,0,1,37
"3167",0,0,0,0,0,0,1,90
"3168",0,0,0,0,0,0,1,46
"3169",0,0,0,0,0,0,1,60
"3170",0,0,0,0,0,0,1,47
"3171",0,0,0,0,0,0,1,49
"3172",0,0,0,0,0,0,1,37
"3173",0,0,0,0,0,0,1,61
"3174",0,0,0,0,0,0,1,40
"3175",0,0,0,0,0,0,1,180
"3176",0,0,0,0,0,0,1,59
"3177",0,0,0,0,0,0,1,115
"3178",0,0,0,0,0,0,1,44
"3179",0,0,0,0,0,0,1,90
"3180",0,0,0,0,0,0,1,52
"3181",0,0,0,0,0,0,1,37
"3182",0,0,0,0,0,0,1,65
"3183",0,0,0,0,0,0,1,67
"3184",0,0,0,0,0,0,1,160
"3185",0,0,0,0,0,0,1,60
"3186",0,0,0,0,0,0,1,81
"3187",0,0,0,0,0,0,1,62
"3188",0,0,0,0,0,0,1,72
"3189",0,0,0,0,0,0,1,71
"3190",0,0,0,0,0,0,1,82
"3191",0,0,0,0,0,0,1,112
"3192",0,0,0,0,0,0,1,49
"3193",0,0,0,0,0,0,1,81
"3194",0,0,0,0,0,0,1,180
"3195",0,0,0,0,0,0,1,53
"3196",0,0,0,0,0,0,1,124
"3197",0,0,0,0,0,0,1,90
"3198",0,0,0,0,0,0,1,114
"3199",0,0,0,0,0,0,1,85
"3200",0,0,0,0,0,0,1,100
"3201",0,0,0,0,0,0,1,64
"3202",0,0,0,0,0,0,1,61
"3203",0,0,0,0,0,0,1,42
"3204",0,0,0,0,0,0,1,50
"3205",0,0,0,0,0,0,1,65
"3206",0,0,0,0,0,0,1,33
"3207",0,0,0,0,0,0,1,77
"3208",0,0,0,0,0,0,1,60
"3209",0,0,0,0,0,0,1,56
"3210",0,0,0,0,0,0,1,60
"3211",0,0,0,0,0,0,1,91
"3212",0,0,0,0,0,0,1,120
"3213",0,0,0,0,0,0,1,174
"3214",0,0,0,0,0,0,1,48
"3215",0,0,0,0,0,0,1,50
"3216",0,0,0,0,0,0,1,180
"3217",0,0,0,0,0,0,1,42
"3218",0,0,0,0,0,0,1,67
"3219",0,0,0,0,0,0,1,59
"3220",0,0,0,0,0,0,1,85
"3221",0,0,0,0,0,0,1,145
"3222",0,0,0,0,0,0,1,64
"3223",0,0,0,0,0,0,1,50
"3224",0,0,0,0,0,0,1,124
"3225",0,0,0,0,0,0,1,50
"3226",0,0,0,0,0,0,1,112
"3227",0,0,0,0,0,0,1,48
"3228",0,0,0,0,0,0,1,77
"3229",0,0,0,0,0,0,1,69
"3230",0,0,0,0,0,0,1,65
"3231",0,0,0,0,0,0,1,82
"3232",0,0,0,0,0,0,1,60
"3233",0,0,0,0,0,0,1,180
"3234",0,0,0,0,0,0,1,59
"3235",0,0,0,0,0,0,1,145
"3236",0,0,0,0,0,0,1,60
"3237",0,0,0,0,0,0,1,95
"3238",0,0,0,0,0,0,1,89
"3239",0,0,0,0,0,0,1,180
"3240",0,0,0,0,0,0,1,45
"3241",0,0,0,0,0,0,1,106
"3242",0,0,0,0,0,0,1,113
"3243",0,0,0,0,0,0,1,43
"3244",0,0,0,0,0,0,1,43
"3245",0,0,0,0,0,0,1,69
"3246",0,0,0,0,0,0,1,77
"3247",0,0,0,0,0,0,1,74
"3248",0,0,0,0,0,0,1,88
"3249",0,0,0,0,0,0,1,60
"3250",0,0,0,0,0,0,1,47
"3251",0,0,0,0,0,0,1,89
"3252",0,0,0,0,0,0,1,60
"3253",0,0,0,0,0,0,1,120
"3254",0,0,0,0,0,0,1,134
"3255",0,0,0,0,0,0,1,42
"3256",0,0,0,0,0,0,1,45
"3257",0,0,0,0,0,0,1,60
"3258",0,0,0,0,0,0,1,40
"3259",0,0,0,0,0,0,1,51
"3260",0,0,0,0,0,0,1,180
"3261",0,0,0,0,0,0,1,152
"3262",0,0,0,0,0,0,1,92
"3263",0,0,0,0,0,0,1,85
"3264",0,0,0,0,0,0,1,123
"3265",0,0,0,0,0,0,1,104
"3266",0,0,0,0,0,0,1,78
"3267",0,0,0,0,0,0,1,56
"3268",0,0,0,0,0,0,1,84
"3269",0,0,0,0,0,0,1,50
"3270",0,0,0,0,0,0,1,103
"3271",0,0,0,0,0,0,1,116
"3272",0,0,0,0,0,0,1,74
"3273",0,0,0,0,0,0,1,131
"3274",0,0,0,0,0,0,1,121
"3275",0,0,0,0,0,0,1,180
"3276",0,0,0,0,0,0,1,76
"3277",0,0,0,0,0,0,1,48
"3278",0,0,0,0,0,0,1,80
"3279",0,0,0,0,0,0,1,53
"3280",0,0,0,0,0,0,1,85
"3281",0,0,0,0,0,0,1,92
"3282",0,0,0,0,0,0,1,74
"3283",0,0,0,0,0,0,1,84
"3284",0,0,0,0,0,0,1,60
"3285",0,0,0,0,0,0,1,117
"3286",0,0,0,0,0,0,1,60
"3287",0,0,0,0,0,0,1,108
"3288",0,0,0,0,0,0,1,100
"3289",0,0,0,0,0,0,1,75
"3290",0,0,0,0,0,0,1,70
"3291",0,0,0,0,0,0,1,77
"3292",0,0,0,0,0,0,1,60
"3293",0,0,0,0,0,0,1,64
"3294",0,0,0,0,0,0,1,84
"3295",0,0,0,0,0,0,1,90
"3296",0,0,0,0,0,0,1,85
"3297",0,0,0,0,0,0,1,83
"3298",0,0,0,0,0,0,1,50
"3299",0,0,0,0,0,0,1,160
"3300",0,0,0,0,0,0,1,90
"3301",0,0,0,0,0,0,1,58
"3302",0,0,0,0,0,0,1,69
"3303",0,0,0,0,0,0,1,56
"3304",0,0,0,0,0,0,1,45
"3305",0,0,0,0,0,0,1,56
"3306",0,0,0,0,0,0,1,143
"3307",0,0,0,0,0,0,1,113
"3308",0,0,0,0,0,0,1,59
"3309",0,0,0,0,0,0,1,111
"3310",0,0,0,0,0,0,1,53
"3311",0,0,0,0,0,0,1,90
"3312",0,0,0,0,0,0,1,55
"3313",0,0,0,0,0,0,1,56
"3314",0,0,0,0,0,0,1,81
"3315",0,0,0,0,0,0,1,124
"3316",0,0,0,0,0,0,1,40
"3317",0,0,0,0,0,0,1,45
"3318",0,0,0,0,0,0,1,68
"3319",0,0,0,0,0,0,1,50
"3320",0,0,0,0,0,0,1,60
"3321",0,0,0,0,0,0,1,45
"3322",0,0,0,0,0,0,1,82
"3323",0,0,0,0,0,0,1,81
"3324",0,0,0,0,0,0,1,75
"3325",0,0,0,0,0,0,1,71
"3326",0,0,0,0,0,0,1,75
"3327",0,0,0,0,0,0,1,76
"3328",0,0,0,0,0,0,1,127
"3329",0,0,0,0,0,0,1,95
"3330",0,0,0,0,0,0,1,89
"3331",0,0,0,0,0,0,1,100
"3332",0,0,0,0,0,0,1,55
"3333",0,0,0,0,0,0,1,74
"3334",0,0,0,0,0,0,1,65
"3335",0,0,0,0,0,0,1,60
"3336",0,0,0,0,0,0,1,91
"3337",0,0,0,0,0,0,1,93
"3338",0,0,0,0,0,0,1,59
"3339",0,0,0,0,0,0,1,48
"3340",0,0,0,0,0,0,1,55
"3341",0,0,0,0,0,0,1,91
"3342",0,0,0,0,0,0,1,45
"3343",0,0,0,0,0,0,1,46
"3344",0,0,0,0,0,0,1,60
"3345",0,0,0,0,0,0,1,68
"3346",0,0,0,0,0,0,1,40
"3347",0,0,0,0,0,0,1,60
"3348",0,0,0,0,0,0,1,65
"3349",0,0,0,0,0,0,1,180
"3350",0,0,0,0,0,0,1,151
"3351",0,0,0,0,0,0,1,84
"3352",0,0,0,0,0,0,1,86
"3353",0,0,0,0,0,0,1,57
"3354",0,0,0,0,0,0,1,70
"3355",0,0,0,0,0,0,1,96
"3356",0,0,0,0,0,0,1,133
"3357",0,0,0,0,0,0,1,91
"3358",0,0,0,0,0,0,1,45
"3359",0,0,0,0,0,0,1,98
"3360",0,0,0,0,0,0,1,52
"3361",0,0,0,0,0,0,1,63
"3362",0,0,0,0,0,0,1,65
"3363",0,0,0,0,0,0,1,84
"3364",0,0,0,0,0,0,1,103
"3365",0,0,0,0,0,0,1,63
"3366",0,0,0,0,0,0,1,44
"3367",0,0,0,0,0,0,1,104
"3368",0,0,0,0,0,0,1,116
"3369",0,0,0,0,0,0,1,120
"3370",0,0,0,0,0,0,1,53
"3371",0,0,0,0,0,0,1,98
"3372",0,0,0,0,0,0,1,66
"3373",0,0,0,0,0,0,1,82
"3374",0,0,0,0,0,0,1,95
"3375",0,0,0,0,0,0,1,75
"3376",0,0,0,0,0,0,1,59
"3377",0,0,0,0,0,0,1,147
"3378",0,0,0,0,0,0,1,94
"3379",0,0,0,0,0,0,1,93
"3380",0,0,0,0,0,0,1,63
"3381",0,0,0,0,0,0,1,61
"3382",0,0,0,0,0,0,1,180
"3383",0,0,0,0,0,0,1,75
"3384",0,0,0,0,0,0,1,82
"3385",0,0,0,0,0,0,1,68
"3386",0,0,0,0,0,0,1,45
"3387",0,0,0,0,0,0,1,58
"3388",0,0,0,0,0,0,1,60
"3389",0,0,0,0,0,0,1,70
"3390",0,0,0,0,0,0,1,90
"3391",0,0,0,0,0,0,1,47
"3392",0,0,0,0,0,0,1,43
"3393",0,0,0,0,0,0,1,66
"3394",0,0,0,0,0,0,1,85
"3395",0,0,0,0,0,0,1,70
"3396",0,0,0,0,0,0,1,57
"3397",0,0,0,0,0,0,1,72
"3398",0,0,0,0,0,0,1,60
"3399",0,0,0,0,0,0,1,60
"3400",0,0,0,0,0,0,1,178
"3401",0,0,0,0,0,0,1,103
"3402",0,0,0,0,0,0,1,72
"3403",0,0,0,0,0,0,1,103
"3404",0,0,0,0,0,0,1,69
"3405",0,0,0,0,0,0,1,74
"3406",0,0,0,0,0,0,1,85
"3407",0,0,0,0,0,0,1,91
"3408",0,0,0,0,0,0,1,68
"3409",0,0,0,0,0,0,1,95
"3410",0,0,0,0,0,0,1,60
"3411",0,0,0,0,0,0,1,129
"3412",0,0,0,0,0,0,1,90
"3413",0,0,0,0,0,0,1,45
"3414",0,0,0,0,0,0,1,71
"3415",0,0,0,0,0,0,1,76
"3416",0,0,0,0,0,0,1,52
"3417",0,0,0,0,0,0,1,35
"3418",0,0,0,0,0,0,1,43
"3419",0,0,0,0,0,0,1,60
"3420",0,0,0,0,0,0,1,72
"3421",0,0,0,0,0,0,1,90
"3422",0,0,0,0,0,0,1,80
"3423",0,0,0,0,0,0,1,67
"3424",0,0,0,0,0,0,1,50
"3425",0,0,0,0,0,0,1,71
"3426",0,0,0,0,0,0,1,53
"3427",0,0,0,0,0,0,1,110
"3428",0,0,0,0,0,0,1,52
"3429",0,0,0,0,0,0,1,76
"3430",0,0,0,0,0,0,1,62
"3431",0,0,0,0,0,0,1,91
"3432",0,0,0,0,0,0,1,59
"3433",0,0,0,0,0,0,1,60
"3434",0,0,0,0,0,0,1,55
"3435",0,0,0,0,0,0,1,120
"3436",0,0,0,0,0,0,1,45
"3437",0,0,0,0,0,0,1,100
"3438",0,0,0,0,0,0,1,90
