"","before shift began","<1","2-Jan","4-Feb","6-Apr","8-Jun","10-Aug","12-Oct","16-Dec",">16","value"
"1",1,0,0,0,0,0,0,0,0,0,75
"2",1,0,0,0,0,0,0,0,0,0,9
"3",1,0,0,0,0,0,0,0,0,0,48
"4",1,0,0,0,0,0,0,0,0,0,34
"5",1,0,0,0,0,0,0,0,0,0,43
"6",1,0,0,0,0,0,0,0,0,0,36
"7",1,0,0,0,0,0,0,0,0,0,50
"8",1,0,0,0,0,0,0,0,0,0,75
"9",1,0,0,0,0,0,0,0,0,0,9
"10",1,0,0,0,0,0,0,0,0,0,42
"11",1,0,0,0,0,0,0,0,0,0,34
"12",1,0,0,0,0,0,0,0,0,0,36
"13",1,0,0,0,0,0,0,0,0,0,50
"14",1,0,0,0,0,0,0,0,0,0,90
"15",1,0,0,0,0,0,0,0,0,0,75
"16",1,0,0,0,0,0,0,0,0,0,32
"17",1,0,0,0,0,0,0,0,0,0,7
"18",1,0,0,0,0,0,0,0,0,0,122
"19",1,0,0,0,0,0,0,0,0,0,9
"20",1,0,0,0,0,0,0,0,0,0,42
"21",1,0,0,0,0,0,0,0,0,0,34
"22",1,0,0,0,0,0,0,0,0,0,43
"23",1,0,0,0,0,0,0,0,0,0,36
"24",1,0,0,0,0,0,0,0,0,0,50
"25",1,0,0,0,0,0,0,0,0,0,9
"26",1,0,0,0,0,0,0,0,0,0,15
"27",1,0,0,0,0,0,0,0,0,0,12
"28",1,0,0,0,0,0,0,0,0,0,3
"29",1,0,0,0,0,0,0,0,0,0,35
"30",1,0,0,0,0,0,0,0,0,0,17
"31",1,0,0,0,0,0,0,0,0,0,4
"32",1,0,0,0,0,0,0,0,0,0,60
"33",0,1,0,0,0,0,0,0,0,0,14
"34",0,1,0,0,0,0,0,0,0,0,14
"35",0,1,0,0,0,0,0,0,0,0,3
"36",0,1,0,0,0,0,0,0,0,0,178
"37",0,1,0,0,0,0,0,0,0,0,3
"38",0,1,0,0,0,0,0,0,0,0,69
"39",0,1,0,0,0,0,0,0,0,0,5
"40",0,1,0,0,0,0,0,0,0,0,1
"41",0,1,0,0,0,0,0,0,0,0,32
"42",0,1,0,0,0,0,0,0,0,0,7
"43",0,1,0,0,0,0,0,0,0,0,2
"44",0,1,0,0,0,0,0,0,0,0,4
"45",0,1,0,0,0,0,0,0,0,0,7
"46",0,1,0,0,0,0,0,0,0,0,4
"47",0,1,0,0,0,0,0,0,0,0,13
"48",0,1,0,0,0,0,0,0,0,0,4
"49",0,1,0,0,0,0,0,0,0,0,10
"50",0,1,0,0,0,0,0,0,0,0,10
"51",0,1,0,0,0,0,0,0,0,0,46
"52",0,1,0,0,0,0,0,0,0,0,14
"53",0,1,0,0,0,0,0,0,0,0,14
"54",0,1,0,0,0,0,0,0,0,0,9
"55",0,1,0,0,0,0,0,0,0,0,6
"56",0,1,0,0,0,0,0,0,0,0,4
"57",0,1,0,0,0,0,0,0,0,0,5
"58",0,1,0,0,0,0,0,0,0,0,3
"59",0,1,0,0,0,0,0,0,0,0,2
"60",0,1,0,0,0,0,0,0,0,0,5
"61",0,1,0,0,0,0,0,0,0,0,61
"62",0,1,0,0,0,0,0,0,0,0,7
"63",0,1,0,0,0,0,0,0,0,0,5
"64",0,1,0,0,0,0,0,0,0,0,1
"65",0,1,0,0,0,0,0,0,0,0,7
"66",0,1,0,0,0,0,0,0,0,0,3
"67",0,1,0,0,0,0,0,0,0,0,14
"68",0,1,0,0,0,0,0,0,0,0,4
"69",0,1,0,0,0,0,0,0,0,0,6
"70",0,1,0,0,0,0,0,0,0,0,26
"71",0,1,0,0,0,0,0,0,0,0,46
"72",0,1,0,0,0,0,0,0,0,0,2
"73",0,1,0,0,0,0,0,0,0,0,29
"74",0,1,0,0,0,0,0,0,0,0,6
"75",0,1,0,0,0,0,0,0,0,0,5
"76",0,1,0,0,0,0,0,0,0,0,5
"77",0,1,0,0,0,0,0,0,0,0,8
"78",0,1,0,0,0,0,0,0,0,0,69
"79",0,1,0,0,0,0,0,0,0,0,5
"80",0,1,0,0,0,0,0,0,0,0,1
"81",0,1,0,0,0,0,0,0,0,0,32
"82",0,1,0,0,0,0,0,0,0,0,7
"83",0,1,0,0,0,0,0,0,0,0,21
"84",0,1,0,0,0,0,0,0,0,0,2
"85",0,1,0,0,0,0,0,0,0,0,15
"86",0,1,0,0,0,0,0,0,0,0,2
"87",0,1,0,0,0,0,0,0,0,0,4
"88",0,1,0,0,0,0,0,0,0,0,3
"89",0,1,0,0,0,0,0,0,0,0,4
"90",0,1,0,0,0,0,0,0,0,0,14
"91",0,1,0,0,0,0,0,0,0,0,3
"92",0,1,0,0,0,0,0,0,0,0,12
"93",0,1,0,0,0,0,0,0,0,0,20
"94",0,1,0,0,0,0,0,0,0,0,23
"95",0,1,0,0,0,0,0,0,0,0,5
"96",0,1,0,0,0,0,0,0,0,0,14
"97",0,1,0,0,0,0,0,0,0,0,14
"98",0,1,0,0,0,0,0,0,0,0,18
"99",0,1,0,0,0,0,0,0,0,0,9
"100",0,1,0,0,0,0,0,0,0,0,6
"101",0,1,0,0,0,0,0,0,0,0,4
"102",0,1,0,0,0,0,0,0,0,0,8
"103",0,1,0,0,0,0,0,0,0,0,11
"104",0,1,0,0,0,0,0,0,0,0,5
"105",0,1,0,0,0,0,0,0,0,0,3
"106",0,1,0,0,0,0,0,0,0,0,8
"107",0,1,0,0,0,0,0,0,0,0,14
"108",0,1,0,0,0,0,0,0,0,0,5
"109",0,1,0,0,0,0,0,0,0,0,5
"110",0,1,0,0,0,0,0,0,0,0,9
"111",0,1,0,0,0,0,0,0,0,0,43
"112",0,1,0,0,0,0,0,0,0,0,13
"113",0,1,0,0,0,0,0,0,0,0,4
"114",0,1,0,0,0,0,0,0,0,0,10
"115",0,1,0,0,0,0,0,0,0,0,18
"116",0,1,0,0,0,0,0,0,0,0,2
"117",0,1,0,0,0,0,0,0,0,0,2
"118",0,1,0,0,0,0,0,0,0,0,2
"119",0,1,0,0,0,0,0,0,0,0,2
"120",0,1,0,0,0,0,0,0,0,0,14
"121",0,1,0,0,0,0,0,0,0,0,2
"122",0,1,0,0,0,0,0,0,0,0,4
"123",0,1,0,0,0,0,0,0,0,0,6
"124",0,1,0,0,0,0,0,0,0,0,5
"125",0,1,0,0,0,0,0,0,0,0,61
"126",0,1,0,0,0,0,0,0,0,0,3
"127",0,1,0,0,0,0,0,0,0,0,1
"128",0,1,0,0,0,0,0,0,0,0,1
"129",0,1,0,0,0,0,0,0,0,0,11
"130",0,1,0,0,0,0,0,0,0,0,5
"131",0,1,0,0,0,0,0,0,0,0,7
"132",0,1,0,0,0,0,0,0,0,0,5
"133",0,1,0,0,0,0,0,0,0,0,7
"134",0,1,0,0,0,0,0,0,0,0,3
"135",0,1,0,0,0,0,0,0,0,0,9
"136",0,1,0,0,0,0,0,0,0,0,2
"137",0,1,0,0,0,0,0,0,0,0,3
"138",0,1,0,0,0,0,0,0,0,0,7
"139",0,1,0,0,0,0,0,0,0,0,1
"140",0,1,0,0,0,0,0,0,0,0,7
"141",0,1,0,0,0,0,0,0,0,0,3
"142",0,1,0,0,0,0,0,0,0,0,14
"143",0,1,0,0,0,0,0,0,0,0,4
"144",0,1,0,0,0,0,0,0,0,0,7
"145",0,1,0,0,0,0,0,0,0,0,8
"146",0,1,0,0,0,0,0,0,0,0,26
"147",0,1,0,0,0,0,0,0,0,0,4
"148",0,1,0,0,0,0,0,0,0,0,46
"149",0,1,0,0,0,0,0,0,0,0,2
"150",0,1,0,0,0,0,0,0,0,0,10
"151",0,1,0,0,0,0,0,0,0,0,12
"152",0,1,0,0,0,0,0,0,0,0,13
"153",0,1,0,0,0,0,0,0,0,0,10
"154",0,1,0,0,0,0,0,0,0,0,2
"155",0,1,0,0,0,0,0,0,0,0,14
"156",0,1,0,0,0,0,0,0,0,0,40
"157",0,1,0,0,0,0,0,0,0,0,2
"158",0,1,0,0,0,0,0,0,0,0,4
"159",0,1,0,0,0,0,0,0,0,0,3
"160",0,1,0,0,0,0,0,0,0,0,15
"161",0,1,0,0,0,0,0,0,0,0,2
"162",0,1,0,0,0,0,0,0,0,0,71
"163",0,1,0,0,0,0,0,0,0,0,4
"164",0,1,0,0,0,0,0,0,0,0,2
"165",0,1,0,0,0,0,0,0,0,0,6
"166",0,1,0,0,0,0,0,0,0,0,1
"167",0,1,0,0,0,0,0,0,0,0,14
"168",0,1,0,0,0,0,0,0,0,0,2
"169",0,1,0,0,0,0,0,0,0,0,29
"170",0,1,0,0,0,0,0,0,0,0,6
"171",0,1,0,0,0,0,0,0,0,0,5
"172",0,1,0,0,0,0,0,0,0,0,5
"173",0,1,0,0,0,0,0,0,0,0,8
"174",0,1,0,0,0,0,0,0,0,0,2
"175",0,1,0,0,0,0,0,0,0,0,69
"176",0,1,0,0,0,0,0,0,0,0,5
"177",0,1,0,0,0,0,0,0,0,0,1
"178",0,1,0,0,0,0,0,0,0,0,7
"179",0,1,0,0,0,0,0,0,0,0,12
"180",0,1,0,0,0,0,0,0,0,0,5
"181",0,1,0,0,0,0,0,0,0,0,6
"182",0,1,0,0,0,0,0,0,0,0,3
"183",0,1,0,0,0,0,0,0,0,0,119
"184",0,1,0,0,0,0,0,0,0,0,7
"185",0,1,0,0,0,0,0,0,0,0,11
"186",0,1,0,0,0,0,0,0,0,0,1
"187",0,1,0,0,0,0,0,0,0,0,14
"188",0,1,0,0,0,0,0,0,0,0,9
"189",0,1,0,0,0,0,0,0,0,0,2
"190",0,1,0,0,0,0,0,0,0,0,5
"191",0,1,0,0,0,0,0,0,0,0,5
"192",0,1,0,0,0,0,0,0,0,0,21
"193",0,1,0,0,0,0,0,0,0,0,13
"194",0,1,0,0,0,0,0,0,0,0,2
"195",0,1,0,0,0,0,0,0,0,0,15
"196",0,1,0,0,0,0,0,0,0,0,2
"197",0,1,0,0,0,0,0,0,0,0,4
"198",0,1,0,0,0,0,0,0,0,0,3
"199",0,1,0,0,0,0,0,0,0,0,4
"200",0,1,0,0,0,0,0,0,0,0,7
"201",0,1,0,0,0,0,0,0,0,0,9
"202",0,1,0,0,0,0,0,0,0,0,6
"203",0,1,0,0,0,0,0,0,0,0,6
"204",0,1,0,0,0,0,0,0,0,0,16
"205",0,1,0,0,0,0,0,0,0,0,3
"206",0,1,0,0,0,0,0,0,0,0,5
"207",0,1,0,0,0,0,0,0,0,0,14
"208",0,1,0,0,0,0,0,0,0,0,4
"209",0,1,0,0,0,0,0,0,0,0,16
"210",0,1,0,0,0,0,0,0,0,0,5
"211",0,1,0,0,0,0,0,0,0,0,9
"212",0,1,0,0,0,0,0,0,0,0,61
"213",0,1,0,0,0,0,0,0,0,0,20
"214",0,1,0,0,0,0,0,0,0,0,2
"215",0,1,0,0,0,0,0,0,0,0,65
"216",0,1,0,0,0,0,0,0,0,0,5
"217",0,1,0,0,0,0,0,0,0,0,3
"218",0,1,0,0,0,0,0,0,0,0,19
"219",0,1,0,0,0,0,0,0,0,0,8
"220",0,1,0,0,0,0,0,0,0,0,1
"221",0,1,0,0,0,0,0,0,0,0,6
"222",0,1,0,0,0,0,0,0,0,0,2
"223",0,1,0,0,0,0,0,0,0,0,4
"224",0,1,0,0,0,0,0,0,0,0,2
"225",0,1,0,0,0,0,0,0,0,0,2
"226",0,1,0,0,0,0,0,0,0,0,15
"227",0,1,0,0,0,0,0,0,0,0,3
"228",0,1,0,0,0,0,0,0,0,0,3
"229",0,1,0,0,0,0,0,0,0,0,27
"230",0,1,0,0,0,0,0,0,0,0,2
"231",0,1,0,0,0,0,0,0,0,0,6
"232",0,1,0,0,0,0,0,0,0,0,1
"233",0,1,0,0,0,0,0,0,0,0,3
"234",0,1,0,0,0,0,0,0,0,0,32
"235",0,1,0,0,0,0,0,0,0,0,22
"236",0,1,0,0,0,0,0,0,0,0,10
"237",0,1,0,0,0,0,0,0,0,0,3
"238",0,1,0,0,0,0,0,0,0,0,39
"239",0,1,0,0,0,0,0,0,0,0,1
"240",0,1,0,0,0,0,0,0,0,0,25
"241",0,1,0,0,0,0,0,0,0,0,7
"242",0,1,0,0,0,0,0,0,0,0,22
"243",0,1,0,0,0,0,0,0,0,0,7
"244",0,1,0,0,0,0,0,0,0,0,3
"245",0,1,0,0,0,0,0,0,0,0,2
"246",0,1,0,0,0,0,0,0,0,0,6
"247",0,1,0,0,0,0,0,0,0,0,2
"248",0,1,0,0,0,0,0,0,0,0,15
"249",0,1,0,0,0,0,0,0,0,0,1
"250",0,1,0,0,0,0,0,0,0,0,3
"251",0,1,0,0,0,0,0,0,0,0,1
"252",0,1,0,0,0,0,0,0,0,0,1
"253",0,1,0,0,0,0,0,0,0,0,1
"254",0,1,0,0,0,0,0,0,0,0,5
"255",0,1,0,0,0,0,0,0,0,0,10
"256",0,1,0,0,0,0,0,0,0,0,5
"257",0,1,0,0,0,0,0,0,0,0,2
"258",0,1,0,0,0,0,0,0,0,0,4
"259",0,1,0,0,0,0,0,0,0,0,12
"260",0,1,0,0,0,0,0,0,0,0,1
"261",0,1,0,0,0,0,0,0,0,0,22
"262",0,1,0,0,0,0,0,0,0,0,5
"263",0,1,0,0,0,0,0,0,0,0,30
"264",0,1,0,0,0,0,0,0,0,0,28
"265",0,1,0,0,0,0,0,0,0,0,9
"266",0,1,0,0,0,0,0,0,0,0,180
"267",0,1,0,0,0,0,0,0,0,0,11
"268",0,1,0,0,0,0,0,0,0,0,1
"269",0,1,0,0,0,0,0,0,0,0,3
"270",0,1,0,0,0,0,0,0,0,0,6
"271",0,1,0,0,0,0,0,0,0,0,5
"272",0,1,0,0,0,0,0,0,0,0,5
"273",0,1,0,0,0,0,0,0,0,0,6
"274",0,1,0,0,0,0,0,0,0,0,12
"275",0,1,0,0,0,0,0,0,0,0,2
"276",0,1,0,0,0,0,0,0,0,0,25
"277",0,1,0,0,0,0,0,0,0,0,3
"278",0,1,0,0,0,0,0,0,0,0,6
"279",0,1,0,0,0,0,0,0,0,0,9
"280",0,1,0,0,0,0,0,0,0,0,8
"281",0,1,0,0,0,0,0,0,0,0,1
"282",0,1,0,0,0,0,0,0,0,0,3
"283",0,1,0,0,0,0,0,0,0,0,2
"284",0,1,0,0,0,0,0,0,0,0,2
"285",0,1,0,0,0,0,0,0,0,0,7
"286",0,1,0,0,0,0,0,0,0,0,32
"287",0,1,0,0,0,0,0,0,0,0,5
"288",0,1,0,0,0,0,0,0,0,0,7
"289",0,1,0,0,0,0,0,0,0,0,14
"290",0,1,0,0,0,0,0,0,0,0,10
"291",0,1,0,0,0,0,0,0,0,0,11
"292",0,1,0,0,0,0,0,0,0,0,4
"293",0,1,0,0,0,0,0,0,0,0,4
"294",0,1,0,0,0,0,0,0,0,0,4
"295",0,1,0,0,0,0,0,0,0,0,10
"296",0,1,0,0,0,0,0,0,0,0,60
"297",0,1,0,0,0,0,0,0,0,0,7
"298",0,1,0,0,0,0,0,0,0,0,3
"299",0,1,0,0,0,0,0,0,0,0,10
"300",0,1,0,0,0,0,0,0,0,0,2
"301",0,1,0,0,0,0,0,0,0,0,2
"302",0,1,0,0,0,0,0,0,0,0,22
"303",0,1,0,0,0,0,0,0,0,0,4
"304",0,1,0,0,0,0,0,0,0,0,4
"305",0,1,0,0,0,0,0,0,0,0,30
"306",0,1,0,0,0,0,0,0,0,0,1
"307",0,1,0,0,0,0,0,0,0,0,1
"308",0,1,0,0,0,0,0,0,0,0,5
"309",0,1,0,0,0,0,0,0,0,0,21
"310",0,1,0,0,0,0,0,0,0,0,3
"311",0,1,0,0,0,0,0,0,0,0,4
"312",0,1,0,0,0,0,0,0,0,0,10
"313",0,1,0,0,0,0,0,0,0,0,3
"314",0,1,0,0,0,0,0,0,0,0,9
"315",0,1,0,0,0,0,0,0,0,0,2
"316",0,1,0,0,0,0,0,0,0,0,2
"317",0,1,0,0,0,0,0,0,0,0,6
"318",0,1,0,0,0,0,0,0,0,0,127
"319",0,1,0,0,0,0,0,0,0,0,3
"320",0,1,0,0,0,0,0,0,0,0,2
"321",0,1,0,0,0,0,0,0,0,0,51
"322",0,1,0,0,0,0,0,0,0,0,2
"323",0,1,0,0,0,0,0,0,0,0,10
"324",0,1,0,0,0,0,0,0,0,0,13
"325",0,1,0,0,0,0,0,0,0,0,7
"326",0,1,0,0,0,0,0,0,0,0,30
"327",0,1,0,0,0,0,0,0,0,0,3
"328",0,1,0,0,0,0,0,0,0,0,74
"329",0,1,0,0,0,0,0,0,0,0,3
"330",0,1,0,0,0,0,0,0,0,0,5
"331",0,1,0,0,0,0,0,0,0,0,5
"332",0,1,0,0,0,0,0,0,0,0,2
"333",0,1,0,0,0,0,0,0,0,0,180
"334",0,1,0,0,0,0,0,0,0,0,15
"335",0,1,0,0,0,0,0,0,0,0,3
"336",0,1,0,0,0,0,0,0,0,0,12
"337",0,1,0,0,0,0,0,0,0,0,2
"338",0,1,0,0,0,0,0,0,0,0,2
"339",0,1,0,0,0,0,0,0,0,0,2
"340",0,1,0,0,0,0,0,0,0,0,20
"341",0,1,0,0,0,0,0,0,0,0,4
"342",0,1,0,0,0,0,0,0,0,0,2
"343",0,1,0,0,0,0,0,0,0,0,14
"344",0,1,0,0,0,0,0,0,0,0,2
"345",0,1,0,0,0,0,0,0,0,0,3
"346",0,1,0,0,0,0,0,0,0,0,2
"347",0,1,0,0,0,0,0,0,0,0,4
"348",0,1,0,0,0,0,0,0,0,0,4
"349",0,1,0,0,0,0,0,0,0,0,3
"350",0,1,0,0,0,0,0,0,0,0,2
"351",0,1,0,0,0,0,0,0,0,0,5
"352",0,1,0,0,0,0,0,0,0,0,2
"353",0,1,0,0,0,0,0,0,0,0,10
"354",0,1,0,0,0,0,0,0,0,0,19
"355",0,1,0,0,0,0,0,0,0,0,8
"356",0,1,0,0,0,0,0,0,0,0,12
"357",0,1,0,0,0,0,0,0,0,0,1
"358",0,1,0,0,0,0,0,0,0,0,8
"359",0,1,0,0,0,0,0,0,0,0,3
"360",0,1,0,0,0,0,0,0,0,0,65
"361",0,1,0,0,0,0,0,0,0,0,14
"362",0,1,0,0,0,0,0,0,0,0,26
"363",0,1,0,0,0,0,0,0,0,0,2
"364",0,1,0,0,0,0,0,0,0,0,14
"365",0,1,0,0,0,0,0,0,0,0,4
"366",0,1,0,0,0,0,0,0,0,0,3
"367",0,1,0,0,0,0,0,0,0,0,4
"368",0,1,0,0,0,0,0,0,0,0,3
"369",0,1,0,0,0,0,0,0,0,0,9
"370",0,1,0,0,0,0,0,0,0,0,2
"371",0,1,0,0,0,0,0,0,0,0,1
"372",0,1,0,0,0,0,0,0,0,0,7
"373",0,1,0,0,0,0,0,0,0,0,60
"374",0,1,0,0,0,0,0,0,0,0,7
"375",0,1,0,0,0,0,0,0,0,0,19
"376",0,1,0,0,0,0,0,0,0,0,15
"377",0,1,0,0,0,0,0,0,0,0,12
"378",0,1,0,0,0,0,0,0,0,0,2
"379",0,1,0,0,0,0,0,0,0,0,5
"380",0,1,0,0,0,0,0,0,0,0,7
"381",0,1,0,0,0,0,0,0,0,0,2
"382",0,1,0,0,0,0,0,0,0,0,14
"383",0,1,0,0,0,0,0,0,0,0,18
"384",0,1,0,0,0,0,0,0,0,0,21
"385",0,1,0,0,0,0,0,0,0,0,6
"386",0,1,0,0,0,0,0,0,0,0,5
"387",0,1,0,0,0,0,0,0,0,0,30
"388",0,1,0,0,0,0,0,0,0,0,28
"389",0,1,0,0,0,0,0,0,0,0,13
"390",0,1,0,0,0,0,0,0,0,0,7
"391",0,1,0,0,0,0,0,0,0,0,10
"392",0,1,0,0,0,0,0,0,0,0,7
"393",0,1,0,0,0,0,0,0,0,0,6
"394",0,1,0,0,0,0,0,0,0,0,4
"395",0,1,0,0,0,0,0,0,0,0,11
"396",0,1,0,0,0,0,0,0,0,0,3
"397",0,1,0,0,0,0,0,0,0,0,4
"398",0,1,0,0,0,0,0,0,0,0,54
"399",0,1,0,0,0,0,0,0,0,0,12
"400",0,1,0,0,0,0,0,0,0,0,1
"401",0,1,0,0,0,0,0,0,0,0,5
"402",0,1,0,0,0,0,0,0,0,0,3
"403",0,1,0,0,0,0,0,0,0,0,2
"404",0,1,0,0,0,0,0,0,0,0,2
"405",0,1,0,0,0,0,0,0,0,0,2
"406",0,1,0,0,0,0,0,0,0,0,3
"407",0,1,0,0,0,0,0,0,0,0,7
"408",0,1,0,0,0,0,0,0,0,0,71
"409",0,1,0,0,0,0,0,0,0,0,2
"410",0,1,0,0,0,0,0,0,0,0,9
"411",0,1,0,0,0,0,0,0,0,0,1
"412",0,1,0,0,0,0,0,0,0,0,3
"413",0,1,0,0,0,0,0,0,0,0,3
"414",0,1,0,0,0,0,0,0,0,0,10
"415",0,1,0,0,0,0,0,0,0,0,2
"416",0,1,0,0,0,0,0,0,0,0,7
"417",0,1,0,0,0,0,0,0,0,0,3
"418",0,1,0,0,0,0,0,0,0,0,3
"419",0,1,0,0,0,0,0,0,0,0,4
"420",0,1,0,0,0,0,0,0,0,0,4
"421",0,1,0,0,0,0,0,0,0,0,2
"422",0,1,0,0,0,0,0,0,0,0,4
"423",0,1,0,0,0,0,0,0,0,0,1
"424",0,1,0,0,0,0,0,0,0,0,1
"425",0,1,0,0,0,0,0,0,0,0,3
"426",0,1,0,0,0,0,0,0,0,0,3
"427",0,1,0,0,0,0,0,0,0,0,10
"428",0,1,0,0,0,0,0,0,0,0,12
"429",0,1,0,0,0,0,0,0,0,0,70
"430",0,0,1,0,0,0,0,0,0,0,18
"431",0,0,1,0,0,0,0,0,0,0,28
"432",0,0,1,0,0,0,0,0,0,0,13
"433",0,0,1,0,0,0,0,0,0,0,96
"434",0,0,1,0,0,0,0,0,0,0,1
"435",0,0,1,0,0,0,0,0,0,0,1
"436",0,0,1,0,0,0,0,0,0,0,2
"437",0,0,1,0,0,0,0,0,0,0,2
"438",0,0,1,0,0,0,0,0,0,0,4
"439",0,0,1,0,0,0,0,0,0,0,4
"440",0,0,1,0,0,0,0,0,0,0,7
"441",0,0,1,0,0,0,0,0,0,0,16
"442",0,0,1,0,0,0,0,0,0,0,5
"443",0,0,1,0,0,0,0,0,0,0,4
"444",0,0,1,0,0,0,0,0,0,0,2
"445",0,0,1,0,0,0,0,0,0,0,7
"446",0,0,1,0,0,0,0,0,0,0,9
"447",0,0,1,0,0,0,0,0,0,0,10
"448",0,0,1,0,0,0,0,0,0,0,6
"449",0,0,1,0,0,0,0,0,0,0,16
"450",0,0,1,0,0,0,0,0,0,0,2
"451",0,0,1,0,0,0,0,0,0,0,10
"452",0,0,1,0,0,0,0,0,0,0,3
"453",0,0,1,0,0,0,0,0,0,0,18
"454",0,0,1,0,0,0,0,0,0,0,20
"455",0,0,1,0,0,0,0,0,0,0,13
"456",0,0,1,0,0,0,0,0,0,0,4
"457",0,0,1,0,0,0,0,0,0,0,3
"458",0,0,1,0,0,0,0,0,0,0,4
"459",0,0,1,0,0,0,0,0,0,0,22
"460",0,0,1,0,0,0,0,0,0,0,3
"461",0,0,1,0,0,0,0,0,0,0,33
"462",0,0,1,0,0,0,0,0,0,0,2
"463",0,0,1,0,0,0,0,0,0,0,35
"464",0,0,1,0,0,0,0,0,0,0,4
"465",0,0,1,0,0,0,0,0,0,0,1
"466",0,0,1,0,0,0,0,0,0,0,20
"467",0,0,1,0,0,0,0,0,0,0,14
"468",0,0,1,0,0,0,0,0,0,0,5
"469",0,0,1,0,0,0,0,0,0,0,8
"470",0,0,1,0,0,0,0,0,0,0,6
"471",0,0,1,0,0,0,0,0,0,0,10
"472",0,0,1,0,0,0,0,0,0,0,5
"473",0,0,1,0,0,0,0,0,0,0,21
"474",0,0,1,0,0,0,0,0,0,0,10
"475",0,0,1,0,0,0,0,0,0,0,4
"476",0,0,1,0,0,0,0,0,0,0,2
"477",0,0,1,0,0,0,0,0,0,0,8
"478",0,0,1,0,0,0,0,0,0,0,7
"479",0,0,1,0,0,0,0,0,0,0,19
"480",0,0,1,0,0,0,0,0,0,0,6
"481",0,0,1,0,0,0,0,0,0,0,5
"482",0,0,1,0,0,0,0,0,0,0,4
"483",0,0,1,0,0,0,0,0,0,0,4
"484",0,0,1,0,0,0,0,0,0,0,7
"485",0,0,1,0,0,0,0,0,0,0,16
"486",0,0,1,0,0,0,0,0,0,0,5
"487",0,0,1,0,0,0,0,0,0,0,4
"488",0,0,1,0,0,0,0,0,0,0,2
"489",0,0,1,0,0,0,0,0,0,0,7
"490",0,0,1,0,0,0,0,0,0,0,6
"491",0,0,1,0,0,0,0,0,0,0,3
"492",0,0,1,0,0,0,0,0,0,0,6
"493",0,0,1,0,0,0,0,0,0,0,18
"494",0,0,1,0,0,0,0,0,0,0,23
"495",0,0,1,0,0,0,0,0,0,0,30
"496",0,0,1,0,0,0,0,0,0,0,1
"497",0,0,1,0,0,0,0,0,0,0,10
"498",0,0,1,0,0,0,0,0,0,0,10
"499",0,0,1,0,0,0,0,0,0,0,12
"500",0,0,1,0,0,0,0,0,0,0,20
"501",0,0,1,0,0,0,0,0,0,0,13
"502",0,0,1,0,0,0,0,0,0,0,6
"503",0,0,1,0,0,0,0,0,0,0,1
"504",0,0,1,0,0,0,0,0,0,0,180
"505",0,0,1,0,0,0,0,0,0,0,4
"506",0,0,1,0,0,0,0,0,0,0,3
"507",0,0,1,0,0,0,0,0,0,0,4
"508",0,0,1,0,0,0,0,0,0,0,5
"509",0,0,1,0,0,0,0,0,0,0,5
"510",0,0,1,0,0,0,0,0,0,0,22
"511",0,0,1,0,0,0,0,0,0,0,3
"512",0,0,1,0,0,0,0,0,0,0,5
"513",0,0,1,0,0,0,0,0,0,0,5
"514",0,0,1,0,0,0,0,0,0,0,10
"515",0,0,1,0,0,0,0,0,0,0,5
"516",0,0,1,0,0,0,0,0,0,0,6
"517",0,0,1,0,0,0,0,0,0,0,15
"518",0,0,1,0,0,0,0,0,0,0,5
"519",0,0,1,0,0,0,0,0,0,0,3
"520",0,0,1,0,0,0,0,0,0,0,2
"521",0,0,1,0,0,0,0,0,0,0,5
"522",0,0,1,0,0,0,0,0,0,0,4
"523",0,0,1,0,0,0,0,0,0,0,4
"524",0,0,1,0,0,0,0,0,0,0,33
"525",0,0,1,0,0,0,0,0,0,0,14
"526",0,0,1,0,0,0,0,0,0,0,2
"527",0,0,1,0,0,0,0,0,0,0,64
"528",0,0,1,0,0,0,0,0,0,0,15
"529",0,0,1,0,0,0,0,0,0,0,7
"530",0,0,1,0,0,0,0,0,0,0,10
"531",0,0,1,0,0,0,0,0,0,0,35
"532",0,0,1,0,0,0,0,0,0,0,3
"533",0,0,1,0,0,0,0,0,0,0,10
"534",0,0,1,0,0,0,0,0,0,0,4
"535",0,0,1,0,0,0,0,0,0,0,3
"536",0,0,1,0,0,0,0,0,0,0,1
"537",0,0,1,0,0,0,0,0,0,0,5
"538",0,0,1,0,0,0,0,0,0,0,2
"539",0,0,1,0,0,0,0,0,0,0,6
"540",0,0,1,0,0,0,0,0,0,0,6
"541",0,0,1,0,0,0,0,0,0,0,5
"542",0,0,1,0,0,0,0,0,0,0,20
"543",0,0,1,0,0,0,0,0,0,0,14
"544",0,0,1,0,0,0,0,0,0,0,5
"545",0,0,1,0,0,0,0,0,0,0,1
"546",0,0,1,0,0,0,0,0,0,0,4
"547",0,0,1,0,0,0,0,0,0,0,8
"548",0,0,1,0,0,0,0,0,0,0,6
"549",0,0,1,0,0,0,0,0,0,0,10
"550",0,0,1,0,0,0,0,0,0,0,5
"551",0,0,1,0,0,0,0,0,0,0,15
"552",0,0,1,0,0,0,0,0,0,0,21
"553",0,0,1,0,0,0,0,0,0,0,10
"554",0,0,1,0,0,0,0,0,0,0,2
"555",0,0,1,0,0,0,0,0,0,0,4
"556",0,0,1,0,0,0,0,0,0,0,6
"557",0,0,1,0,0,0,0,0,0,0,27
"558",0,0,1,0,0,0,0,0,0,0,180
"559",0,0,1,0,0,0,0,0,0,0,16
"560",0,0,1,0,0,0,0,0,0,0,150
"561",0,0,1,0,0,0,0,0,0,0,7
"562",0,0,1,0,0,0,0,0,0,0,9
"563",0,0,1,0,0,0,0,0,0,0,18
"564",0,0,1,0,0,0,0,0,0,0,5
"565",0,0,1,0,0,0,0,0,0,0,30
"566",0,0,1,0,0,0,0,0,0,0,5
"567",0,0,1,0,0,0,0,0,0,0,4
"568",0,0,1,0,0,0,0,0,0,0,4
"569",0,0,1,0,0,0,0,0,0,0,4
"570",0,0,1,0,0,0,0,0,0,0,1
"571",0,0,1,0,0,0,0,0,0,0,1
"572",0,0,1,0,0,0,0,0,0,0,8
"573",0,0,1,0,0,0,0,0,0,0,20
"574",0,0,1,0,0,0,0,0,0,0,4
"575",0,0,1,0,0,0,0,0,0,0,3
"576",0,0,1,0,0,0,0,0,0,0,8
"577",0,0,1,0,0,0,0,0,0,0,7
"578",0,0,1,0,0,0,0,0,0,0,19
"579",0,0,1,0,0,0,0,0,0,0,6
"580",0,0,1,0,0,0,0,0,0,0,5
"581",0,0,1,0,0,0,0,0,0,0,8
"582",0,0,1,0,0,0,0,0,0,0,45
"583",0,0,1,0,0,0,0,0,0,0,2
"584",0,0,1,0,0,0,0,0,0,0,7
"585",0,0,1,0,0,0,0,0,0,0,18
"586",0,0,1,0,0,0,0,0,0,0,55
"587",0,0,1,0,0,0,0,0,0,0,4
"588",0,0,1,0,0,0,0,0,0,0,4
"589",0,0,1,0,0,0,0,0,0,0,7
"590",0,0,1,0,0,0,0,0,0,0,16
"591",0,0,1,0,0,0,0,0,0,0,5
"592",0,0,1,0,0,0,0,0,0,0,2
"593",0,0,1,0,0,0,0,0,0,0,8
"594",0,0,1,0,0,0,0,0,0,0,27
"595",0,0,1,0,0,0,0,0,0,0,2
"596",0,0,1,0,0,0,0,0,0,0,21
"597",0,0,1,0,0,0,0,0,0,0,3
"598",0,0,1,0,0,0,0,0,0,0,2
"599",0,0,1,0,0,0,0,0,0,0,5
"600",0,0,1,0,0,0,0,0,0,0,119
"601",0,0,1,0,0,0,0,0,0,0,10
"602",0,0,1,0,0,0,0,0,0,0,3
"603",0,0,1,0,0,0,0,0,0,0,11
"604",0,0,1,0,0,0,0,0,0,0,8
"605",0,0,1,0,0,0,0,0,0,0,10
"606",0,0,1,0,0,0,0,0,0,0,3
"607",0,0,1,0,0,0,0,0,0,0,10
"608",0,0,1,0,0,0,0,0,0,0,2
"609",0,0,1,0,0,0,0,0,0,0,4
"610",0,0,1,0,0,0,0,0,0,0,2
"611",0,0,1,0,0,0,0,0,0,0,5
"612",0,0,1,0,0,0,0,0,0,0,70
"613",0,0,1,0,0,0,0,0,0,0,7
"614",0,0,1,0,0,0,0,0,0,0,25
"615",0,0,1,0,0,0,0,0,0,0,2
"616",0,0,1,0,0,0,0,0,0,0,6
"617",0,0,1,0,0,0,0,0,0,0,3
"618",0,0,1,0,0,0,0,0,0,0,6
"619",0,0,1,0,0,0,0,0,0,0,4
"620",0,0,1,0,0,0,0,0,0,0,10
"621",0,0,1,0,0,0,0,0,0,0,3
"622",0,0,1,0,0,0,0,0,0,0,5
"623",0,0,1,0,0,0,0,0,0,0,1
"624",0,0,1,0,0,0,0,0,0,0,4
"625",0,0,1,0,0,0,0,0,0,0,36
"626",0,0,1,0,0,0,0,0,0,0,40
"627",0,0,1,0,0,0,0,0,0,0,38
"628",0,0,1,0,0,0,0,0,0,0,2
"629",0,0,1,0,0,0,0,0,0,0,10
"630",0,0,1,0,0,0,0,0,0,0,3
"631",0,0,1,0,0,0,0,0,0,0,3
"632",0,0,1,0,0,0,0,0,0,0,2
"633",0,0,1,0,0,0,0,0,0,0,42
"634",0,0,1,0,0,0,0,0,0,0,4
"635",0,0,1,0,0,0,0,0,0,0,37
"636",0,0,1,0,0,0,0,0,0,0,4
"637",0,0,1,0,0,0,0,0,0,0,2
"638",0,0,1,0,0,0,0,0,0,0,14
"639",0,0,1,0,0,0,0,0,0,0,5
"640",0,0,1,0,0,0,0,0,0,0,4
"641",0,0,1,0,0,0,0,0,0,0,14
"642",0,0,1,0,0,0,0,0,0,0,5
"643",0,0,1,0,0,0,0,0,0,0,82
"644",0,0,1,0,0,0,0,0,0,0,78
"645",0,0,1,0,0,0,0,0,0,0,3
"646",0,0,1,0,0,0,0,0,0,0,7
"647",0,0,1,0,0,0,0,0,0,0,3
"648",0,0,1,0,0,0,0,0,0,0,4
"649",0,0,1,0,0,0,0,0,0,0,3
"650",0,0,1,0,0,0,0,0,0,0,8
"651",0,0,1,0,0,0,0,0,0,0,3
"652",0,0,1,0,0,0,0,0,0,0,16
"653",0,0,1,0,0,0,0,0,0,0,4
"654",0,0,1,0,0,0,0,0,0,0,4
"655",0,0,1,0,0,0,0,0,0,0,1
"656",0,0,1,0,0,0,0,0,0,0,6
"657",0,0,1,0,0,0,0,0,0,0,3
"658",0,0,1,0,0,0,0,0,0,0,18
"659",0,0,1,0,0,0,0,0,0,0,7
"660",0,0,1,0,0,0,0,0,0,0,3
"661",0,0,1,0,0,0,0,0,0,0,7
"662",0,0,1,0,0,0,0,0,0,0,6
"663",0,0,1,0,0,0,0,0,0,0,1
"664",0,0,1,0,0,0,0,0,0,0,21
"665",0,0,1,0,0,0,0,0,0,0,59
"666",0,0,1,0,0,0,0,0,0,0,5
"667",0,0,1,0,0,0,0,0,0,0,3
"668",0,0,1,0,0,0,0,0,0,0,7
"669",0,0,1,0,0,0,0,0,0,0,5
"670",0,0,1,0,0,0,0,0,0,0,22
"671",0,0,1,0,0,0,0,0,0,0,5
"672",0,0,1,0,0,0,0,0,0,0,2
"673",0,0,1,0,0,0,0,0,0,0,6
"674",0,0,1,0,0,0,0,0,0,0,1
"675",0,0,1,0,0,0,0,0,0,0,1
"676",0,0,1,0,0,0,0,0,0,0,21
"677",0,0,1,0,0,0,0,0,0,0,1
"678",0,0,1,0,0,0,0,0,0,0,18
"679",0,0,1,0,0,0,0,0,0,0,6
"680",0,0,1,0,0,0,0,0,0,0,59
"681",0,0,1,0,0,0,0,0,0,0,2
"682",0,0,1,0,0,0,0,0,0,0,10
"683",0,0,1,0,0,0,0,0,0,0,32
"684",0,0,1,0,0,0,0,0,0,0,5
"685",0,0,1,0,0,0,0,0,0,0,2
"686",0,0,1,0,0,0,0,0,0,0,24
"687",0,0,1,0,0,0,0,0,0,0,35
"688",0,0,1,0,0,0,0,0,0,0,1
"689",0,0,1,0,0,0,0,0,0,0,2
"690",0,0,1,0,0,0,0,0,0,0,13
"691",0,0,1,0,0,0,0,0,0,0,7
"692",0,0,1,0,0,0,0,0,0,0,37
"693",0,0,1,0,0,0,0,0,0,0,1
"694",0,0,1,0,0,0,0,0,0,0,3
"695",0,0,1,0,0,0,0,0,0,0,3
"696",0,0,1,0,0,0,0,0,0,0,12
"697",0,0,1,0,0,0,0,0,0,0,4
"698",0,0,1,0,0,0,0,0,0,0,2
"699",0,0,1,0,0,0,0,0,0,0,9
"700",0,0,1,0,0,0,0,0,0,0,3
"701",0,0,1,0,0,0,0,0,0,0,6
"702",0,0,1,0,0,0,0,0,0,0,4
"703",0,0,1,0,0,0,0,0,0,0,6
"704",0,0,1,0,0,0,0,0,0,0,3
"705",0,0,1,0,0,0,0,0,0,0,19
"706",0,0,1,0,0,0,0,0,0,0,5
"707",0,0,1,0,0,0,0,0,0,0,2
"708",0,0,1,0,0,0,0,0,0,0,2
"709",0,0,1,0,0,0,0,0,0,0,4
"710",0,0,1,0,0,0,0,0,0,0,4
"711",0,0,1,0,0,0,0,0,0,0,14
"712",0,0,1,0,0,0,0,0,0,0,7
"713",0,0,1,0,0,0,0,0,0,0,2
"714",0,0,1,0,0,0,0,0,0,0,3
"715",0,0,1,0,0,0,0,0,0,0,10
"716",0,0,1,0,0,0,0,0,0,0,1
"717",0,0,1,0,0,0,0,0,0,0,1
"718",0,0,1,0,0,0,0,0,0,0,7
"719",0,0,1,0,0,0,0,0,0,0,10
"720",0,0,1,0,0,0,0,0,0,0,10
"721",0,0,1,0,0,0,0,0,0,0,73
"722",0,0,1,0,0,0,0,0,0,0,13
"723",0,0,1,0,0,0,0,0,0,0,11
"724",0,0,1,0,0,0,0,0,0,0,4
"725",0,0,1,0,0,0,0,0,0,0,5
"726",0,0,1,0,0,0,0,0,0,0,3
"727",0,0,1,0,0,0,0,0,0,0,2
"728",0,0,1,0,0,0,0,0,0,0,6
"729",0,0,1,0,0,0,0,0,0,0,89
"730",0,0,1,0,0,0,0,0,0,0,20
"731",0,0,1,0,0,0,0,0,0,0,7
"732",0,0,1,0,0,0,0,0,0,0,4
"733",0,0,1,0,0,0,0,0,0,0,7
"734",0,0,1,0,0,0,0,0,0,0,30
"735",0,0,1,0,0,0,0,0,0,0,7
"736",0,0,1,0,0,0,0,0,0,0,5
"737",0,0,1,0,0,0,0,0,0,0,4
"738",0,0,1,0,0,0,0,0,0,0,3
"739",0,0,1,0,0,0,0,0,0,0,1
"740",0,0,1,0,0,0,0,0,0,0,2
"741",0,0,1,0,0,0,0,0,0,0,1
"742",0,0,1,0,0,0,0,0,0,0,14
"743",0,0,1,0,0,0,0,0,0,0,3
"744",0,0,1,0,0,0,0,0,0,0,9
"745",0,0,1,0,0,0,0,0,0,0,3
"746",0,0,1,0,0,0,0,0,0,0,4
"747",0,0,1,0,0,0,0,0,0,0,1
"748",0,0,1,0,0,0,0,0,0,0,4
"749",0,0,1,0,0,0,0,0,0,0,8
"750",0,0,1,0,0,0,0,0,0,0,7
"751",0,0,1,0,0,0,0,0,0,0,8
"752",0,0,1,0,0,0,0,0,0,0,14
"753",0,0,1,0,0,0,0,0,0,0,4
"754",0,0,1,0,0,0,0,0,0,0,9
"755",0,0,1,0,0,0,0,0,0,0,22
"756",0,0,1,0,0,0,0,0,0,0,5
"757",0,0,1,0,0,0,0,0,0,0,5
"758",0,0,1,0,0,0,0,0,0,0,2
"759",0,0,1,0,0,0,0,0,0,0,5
"760",0,0,1,0,0,0,0,0,0,0,3
"761",0,0,1,0,0,0,0,0,0,0,1
"762",0,0,1,0,0,0,0,0,0,0,2
"763",0,0,1,0,0,0,0,0,0,0,3
"764",0,0,1,0,0,0,0,0,0,0,3
"765",0,0,1,0,0,0,0,0,0,0,5
"766",0,0,1,0,0,0,0,0,0,0,5
"767",0,0,1,0,0,0,0,0,0,0,10
"768",0,0,1,0,0,0,0,0,0,0,14
"769",0,0,1,0,0,0,0,0,0,0,15
"770",0,0,1,0,0,0,0,0,0,0,10
"771",0,0,1,0,0,0,0,0,0,0,14
"772",0,0,1,0,0,0,0,0,0,0,3
"773",0,0,1,0,0,0,0,0,0,0,2
"774",0,0,1,0,0,0,0,0,0,0,1
"775",0,0,1,0,0,0,0,0,0,0,2
"776",0,0,1,0,0,0,0,0,0,0,13
"777",0,0,1,0,0,0,0,0,0,0,5
"778",0,0,1,0,0,0,0,0,0,0,1
"779",0,0,1,0,0,0,0,0,0,0,36
"780",0,0,1,0,0,0,0,0,0,0,14
"781",0,0,1,0,0,0,0,0,0,0,3
"782",0,0,1,0,0,0,0,0,0,0,2
"783",0,0,1,0,0,0,0,0,0,0,1
"784",0,0,1,0,0,0,0,0,0,0,4
"785",0,0,1,0,0,0,0,0,0,0,5
"786",0,0,1,0,0,0,0,0,0,0,2
"787",0,0,1,0,0,0,0,0,0,0,3
"788",0,0,1,0,0,0,0,0,0,0,78
"789",0,0,1,0,0,0,0,0,0,0,1
"790",0,0,1,0,0,0,0,0,0,0,4
"791",0,0,1,0,0,0,0,0,0,0,2
"792",0,0,1,0,0,0,0,0,0,0,4
"793",0,0,1,0,0,0,0,0,0,0,24
"794",0,0,1,0,0,0,0,0,0,0,37
"795",0,0,1,0,0,0,0,0,0,0,17
"796",0,0,1,0,0,0,0,0,0,0,38
"797",0,0,1,0,0,0,0,0,0,0,42
"798",0,0,1,0,0,0,0,0,0,0,25
"799",0,0,1,0,0,0,0,0,0,0,3
"800",0,0,1,0,0,0,0,0,0,0,2
"801",0,0,1,0,0,0,0,0,0,0,15
"802",0,0,1,0,0,0,0,0,0,0,4
"803",0,0,1,0,0,0,0,0,0,0,1
"804",0,0,1,0,0,0,0,0,0,0,5
"805",0,0,1,0,0,0,0,0,0,0,6
"806",0,0,1,0,0,0,0,0,0,0,14
"807",0,0,1,0,0,0,0,0,0,0,7
"808",0,0,1,0,0,0,0,0,0,0,7
"809",0,0,1,0,0,0,0,0,0,0,3
"810",0,0,1,0,0,0,0,0,0,0,8
"811",0,0,1,0,0,0,0,0,0,0,3
"812",0,0,1,0,0,0,0,0,0,0,4
"813",0,0,1,0,0,0,0,0,0,0,1
"814",0,0,1,0,0,0,0,0,0,0,1
"815",0,0,1,0,0,0,0,0,0,0,180
"816",0,0,1,0,0,0,0,0,0,0,5
"817",0,0,1,0,0,0,0,0,0,0,5
"818",0,0,1,0,0,0,0,0,0,0,20
"819",0,0,1,0,0,0,0,0,0,0,7
"820",0,0,1,0,0,0,0,0,0,0,11
"821",0,0,1,0,0,0,0,0,0,0,5
"822",0,0,1,0,0,0,0,0,0,0,5
"823",0,0,1,0,0,0,0,0,0,0,2
"824",0,0,1,0,0,0,0,0,0,0,1
"825",0,0,1,0,0,0,0,0,0,0,2
"826",0,0,1,0,0,0,0,0,0,0,35
"827",0,0,1,0,0,0,0,0,0,0,5
"828",0,0,1,0,0,0,0,0,0,0,8
"829",0,0,1,0,0,0,0,0,0,0,10
"830",0,0,1,0,0,0,0,0,0,0,7
"831",0,0,1,0,0,0,0,0,0,0,7
"832",0,0,1,0,0,0,0,0,0,0,5
"833",0,0,1,0,0,0,0,0,0,0,3
"834",0,0,1,0,0,0,0,0,0,0,10
"835",0,0,1,0,0,0,0,0,0,0,13
"836",0,0,1,0,0,0,0,0,0,0,102
"837",0,0,1,0,0,0,0,0,0,0,1
"838",0,0,1,0,0,0,0,0,0,0,21
"839",0,0,1,0,0,0,0,0,0,0,3
"840",0,0,1,0,0,0,0,0,0,0,3
"841",0,0,1,0,0,0,0,0,0,0,3
"842",0,0,1,0,0,0,0,0,0,0,7
"843",0,0,1,0,0,0,0,0,0,0,6
"844",0,0,1,0,0,0,0,0,0,0,134
"845",0,0,1,0,0,0,0,0,0,0,1
"846",0,0,1,0,0,0,0,0,0,0,3
"847",0,0,1,0,0,0,0,0,0,0,28
"848",0,0,1,0,0,0,0,0,0,0,1
"849",0,0,1,0,0,0,0,0,0,0,4
"850",0,0,1,0,0,0,0,0,0,0,3
"851",0,0,1,0,0,0,0,0,0,0,5
"852",0,0,1,0,0,0,0,0,0,0,42
"853",0,0,1,0,0,0,0,0,0,0,2
"854",0,0,1,0,0,0,0,0,0,0,18
"855",0,0,1,0,0,0,0,0,0,0,15
"856",0,0,1,0,0,0,0,0,0,0,1
"857",0,0,1,0,0,0,0,0,0,0,2
"858",0,0,1,0,0,0,0,0,0,0,10
"859",0,0,1,0,0,0,0,0,0,0,2
"860",0,0,1,0,0,0,0,0,0,0,2
"861",0,0,1,0,0,0,0,0,0,0,5
"862",0,0,1,0,0,0,0,0,0,0,7
"863",0,0,1,0,0,0,0,0,0,0,40
"864",0,0,1,0,0,0,0,0,0,0,14
"865",0,0,1,0,0,0,0,0,0,0,2
"866",0,0,1,0,0,0,0,0,0,0,53
"867",0,0,1,0,0,0,0,0,0,0,9
"868",0,0,1,0,0,0,0,0,0,0,3
"869",0,0,1,0,0,0,0,0,0,0,4
"870",0,0,1,0,0,0,0,0,0,0,1
"871",0,0,0,1,0,0,0,0,0,0,4
"872",0,0,0,1,0,0,0,0,0,0,7
"873",0,0,0,1,0,0,0,0,0,0,6
"874",0,0,0,1,0,0,0,0,0,0,13
"875",0,0,0,1,0,0,0,0,0,0,10
"876",0,0,0,1,0,0,0,0,0,0,6
"877",0,0,0,1,0,0,0,0,0,0,15
"878",0,0,0,1,0,0,0,0,0,0,16
"879",0,0,0,1,0,0,0,0,0,0,4
"880",0,0,0,1,0,0,0,0,0,0,5
"881",0,0,0,1,0,0,0,0,0,0,3
"882",0,0,0,1,0,0,0,0,0,0,7
"883",0,0,0,1,0,0,0,0,0,0,3
"884",0,0,0,1,0,0,0,0,0,0,4
"885",0,0,0,1,0,0,0,0,0,0,6
"886",0,0,0,1,0,0,0,0,0,0,7
"887",0,0,0,1,0,0,0,0,0,0,6
"888",0,0,0,1,0,0,0,0,0,0,2
"889",0,0,0,1,0,0,0,0,0,0,4
"890",0,0,0,1,0,0,0,0,0,0,2
"891",0,0,0,1,0,0,0,0,0,0,13
"892",0,0,0,1,0,0,0,0,0,0,120
"893",0,0,0,1,0,0,0,0,0,0,2
"894",0,0,0,1,0,0,0,0,0,0,3
"895",0,0,0,1,0,0,0,0,0,0,7
"896",0,0,0,1,0,0,0,0,0,0,68
"897",0,0,0,1,0,0,0,0,0,0,3
"898",0,0,0,1,0,0,0,0,0,0,6
"899",0,0,0,1,0,0,0,0,0,0,7
"900",0,0,0,1,0,0,0,0,0,0,5
"901",0,0,0,1,0,0,0,0,0,0,5
"902",0,0,0,1,0,0,0,0,0,0,10
"903",0,0,0,1,0,0,0,0,0,0,15
"904",0,0,0,1,0,0,0,0,0,0,14
"905",0,0,0,1,0,0,0,0,0,0,4
"906",0,0,0,1,0,0,0,0,0,0,44
"907",0,0,0,1,0,0,0,0,0,0,8
"908",0,0,0,1,0,0,0,0,0,0,39
"909",0,0,0,1,0,0,0,0,0,0,42
"910",0,0,0,1,0,0,0,0,0,0,7
"911",0,0,0,1,0,0,0,0,0,0,4
"912",0,0,0,1,0,0,0,0,0,0,7
"913",0,0,0,1,0,0,0,0,0,0,6
"914",0,0,0,1,0,0,0,0,0,0,10
"915",0,0,0,1,0,0,0,0,0,0,10
"916",0,0,0,1,0,0,0,0,0,0,6
"917",0,0,0,1,0,0,0,0,0,0,6
"918",0,0,0,1,0,0,0,0,0,0,4
"919",0,0,0,1,0,0,0,0,0,0,23
"920",0,0,0,1,0,0,0,0,0,0,7
"921",0,0,0,1,0,0,0,0,0,0,20
"922",0,0,0,1,0,0,0,0,0,0,20
"923",0,0,0,1,0,0,0,0,0,0,6
"924",0,0,0,1,0,0,0,0,0,0,15
"925",0,0,0,1,0,0,0,0,0,0,15
"926",0,0,0,1,0,0,0,0,0,0,4
"927",0,0,0,1,0,0,0,0,0,0,5
"928",0,0,0,1,0,0,0,0,0,0,3
"929",0,0,0,1,0,0,0,0,0,0,7
"930",0,0,0,1,0,0,0,0,0,0,3
"931",0,0,0,1,0,0,0,0,0,0,4
"932",0,0,0,1,0,0,0,0,0,0,3
"933",0,0,0,1,0,0,0,0,0,0,7
"934",0,0,0,1,0,0,0,0,0,0,7
"935",0,0,0,1,0,0,0,0,0,0,7
"936",0,0,0,1,0,0,0,0,0,0,1
"937",0,0,0,1,0,0,0,0,0,0,9
"938",0,0,0,1,0,0,0,0,0,0,5
"939",0,0,0,1,0,0,0,0,0,0,5
"940",0,0,0,1,0,0,0,0,0,0,5
"941",0,0,0,1,0,0,0,0,0,0,5
"942",0,0,0,1,0,0,0,0,0,0,9
"943",0,0,0,1,0,0,0,0,0,0,11
"944",0,0,0,1,0,0,0,0,0,0,4
"945",0,0,0,1,0,0,0,0,0,0,51
"946",0,0,0,1,0,0,0,0,0,0,44
"947",0,0,0,1,0,0,0,0,0,0,41
"948",0,0,0,1,0,0,0,0,0,0,36
"949",0,0,0,1,0,0,0,0,0,0,7
"950",0,0,0,1,0,0,0,0,0,0,7
"951",0,0,0,1,0,0,0,0,0,0,9
"952",0,0,0,1,0,0,0,0,0,0,12
"953",0,0,0,1,0,0,0,0,0,0,2
"954",0,0,0,1,0,0,0,0,0,0,4
"955",0,0,0,1,0,0,0,0,0,0,2
"956",0,0,0,1,0,0,0,0,0,0,13
"957",0,0,0,1,0,0,0,0,0,0,120
"958",0,0,0,1,0,0,0,0,0,0,4
"959",0,0,0,1,0,0,0,0,0,0,3
"960",0,0,0,1,0,0,0,0,0,0,2
"961",0,0,0,1,0,0,0,0,0,0,3
"962",0,0,0,1,0,0,0,0,0,0,7
"963",0,0,0,1,0,0,0,0,0,0,68
"964",0,0,0,1,0,0,0,0,0,0,5
"965",0,0,0,1,0,0,0,0,0,0,60
"966",0,0,0,1,0,0,0,0,0,0,3
"967",0,0,0,1,0,0,0,0,0,0,7
"968",0,0,0,1,0,0,0,0,0,0,3
"969",0,0,0,1,0,0,0,0,0,0,5
"970",0,0,0,1,0,0,0,0,0,0,3
"971",0,0,0,1,0,0,0,0,0,0,3
"972",0,0,0,1,0,0,0,0,0,0,4
"973",0,0,0,1,0,0,0,0,0,0,7
"974",0,0,0,1,0,0,0,0,0,0,3
"975",0,0,0,1,0,0,0,0,0,0,4
"976",0,0,0,1,0,0,0,0,0,0,4
"977",0,0,0,1,0,0,0,0,0,0,5
"978",0,0,0,1,0,0,0,0,0,0,10
"979",0,0,0,1,0,0,0,0,0,0,7
"980",0,0,0,1,0,0,0,0,0,0,6
"981",0,0,0,1,0,0,0,0,0,0,7
"982",0,0,0,1,0,0,0,0,0,0,10
"983",0,0,0,1,0,0,0,0,0,0,7
"984",0,0,0,1,0,0,0,0,0,0,6
"985",0,0,0,1,0,0,0,0,0,0,5
"986",0,0,0,1,0,0,0,0,0,0,3
"987",0,0,0,1,0,0,0,0,0,0,12
"988",0,0,0,1,0,0,0,0,0,0,6
"989",0,0,0,1,0,0,0,0,0,0,6
"990",0,0,0,1,0,0,0,0,0,0,4
"991",0,0,0,1,0,0,0,0,0,0,6
"992",0,0,0,1,0,0,0,0,0,0,7
"993",0,0,0,1,0,0,0,0,0,0,23
"994",0,0,0,1,0,0,0,0,0,0,7
"995",0,0,0,1,0,0,0,0,0,0,20
"996",0,0,0,1,0,0,0,0,0,0,20
"997",0,0,0,1,0,0,0,0,0,0,8
"998",0,0,0,1,0,0,0,0,0,0,10
"999",0,0,0,1,0,0,0,0,0,0,7
"1000",0,0,0,1,0,0,0,0,0,0,9
"1001",0,0,0,1,0,0,0,0,0,0,8
"1002",0,0,0,1,0,0,0,0,0,0,5
"1003",0,0,0,1,0,0,0,0,0,0,12
"1004",0,0,0,1,0,0,0,0,0,0,2
"1005",0,0,0,1,0,0,0,0,0,0,4
"1006",0,0,0,1,0,0,0,0,0,0,35
"1007",0,0,0,1,0,0,0,0,0,0,28
"1008",0,0,0,1,0,0,0,0,0,0,7
"1009",0,0,0,1,0,0,0,0,0,0,21
"1010",0,0,0,1,0,0,0,0,0,0,2
"1011",0,0,0,1,0,0,0,0,0,0,1
"1012",0,0,0,1,0,0,0,0,0,0,4
"1013",0,0,0,1,0,0,0,0,0,0,2
"1014",0,0,0,1,0,0,0,0,0,0,4
"1015",0,0,0,1,0,0,0,0,0,0,6
"1016",0,0,0,1,0,0,0,0,0,0,15
"1017",0,0,0,1,0,0,0,0,0,0,5
"1018",0,0,0,1,0,0,0,0,0,0,15
"1019",0,0,0,1,0,0,0,0,0,0,4
"1020",0,0,0,1,0,0,0,0,0,0,6
"1021",0,0,0,1,0,0,0,0,0,0,3
"1022",0,0,0,1,0,0,0,0,0,0,7
"1023",0,0,0,1,0,0,0,0,0,0,3
"1024",0,0,0,1,0,0,0,0,0,0,4
"1025",0,0,0,1,0,0,0,0,0,0,3
"1026",0,0,0,1,0,0,0,0,0,0,2
"1027",0,0,0,1,0,0,0,0,0,0,5
"1028",0,0,0,1,0,0,0,0,0,0,14
"1029",0,0,0,1,0,0,0,0,0,0,7
"1030",0,0,0,1,0,0,0,0,0,0,8
"1031",0,0,0,1,0,0,0,0,0,0,7
"1032",0,0,0,1,0,0,0,0,0,0,7
"1033",0,0,0,1,0,0,0,0,0,0,2
"1034",0,0,0,1,0,0,0,0,0,0,12
"1035",0,0,0,1,0,0,0,0,0,0,3
"1036",0,0,0,1,0,0,0,0,0,0,7
"1037",0,0,0,1,0,0,0,0,0,0,8
"1038",0,0,0,1,0,0,0,0,0,0,15
"1039",0,0,0,1,0,0,0,0,0,0,6
"1040",0,0,0,1,0,0,0,0,0,0,5
"1041",0,0,0,1,0,0,0,0,0,0,5
"1042",0,0,0,1,0,0,0,0,0,0,3
"1043",0,0,0,1,0,0,0,0,0,0,2
"1044",0,0,0,1,0,0,0,0,0,0,7
"1045",0,0,0,1,0,0,0,0,0,0,1
"1046",0,0,0,1,0,0,0,0,0,0,9
"1047",0,0,0,1,0,0,0,0,0,0,5
"1048",0,0,0,1,0,0,0,0,0,0,5
"1049",0,0,0,1,0,0,0,0,0,0,9
"1050",0,0,0,1,0,0,0,0,0,0,4
"1051",0,0,0,1,0,0,0,0,0,0,4
"1052",0,0,0,1,0,0,0,0,0,0,5
"1053",0,0,0,1,0,0,0,0,0,0,5
"1054",0,0,0,1,0,0,0,0,0,0,9
"1055",0,0,0,1,0,0,0,0,0,0,12
"1056",0,0,0,1,0,0,0,0,0,0,14
"1057",0,0,0,1,0,0,0,0,0,0,4
"1058",0,0,0,1,0,0,0,0,0,0,51
"1059",0,0,0,1,0,0,0,0,0,0,2
"1060",0,0,0,1,0,0,0,0,0,0,44
"1061",0,0,0,1,0,0,0,0,0,0,42
"1062",0,0,0,1,0,0,0,0,0,0,25
"1063",0,0,0,1,0,0,0,0,0,0,5
"1064",0,0,0,1,0,0,0,0,0,0,19
"1065",0,0,0,1,0,0,0,0,0,0,115
"1066",0,0,0,1,0,0,0,0,0,0,13
"1067",0,0,0,1,0,0,0,0,0,0,12
"1068",0,0,0,1,0,0,0,0,0,0,9
"1069",0,0,0,1,0,0,0,0,0,0,11
"1070",0,0,0,1,0,0,0,0,0,0,31
"1071",0,0,0,1,0,0,0,0,0,0,5
"1072",0,0,0,1,0,0,0,0,0,0,5
"1073",0,0,0,1,0,0,0,0,0,0,3
"1074",0,0,0,1,0,0,0,0,0,0,8
"1075",0,0,0,1,0,0,0,0,0,0,5
"1076",0,0,0,1,0,0,0,0,0,0,4
"1077",0,0,0,1,0,0,0,0,0,0,3
"1078",0,0,0,1,0,0,0,0,0,0,3
"1079",0,0,0,1,0,0,0,0,0,0,3
"1080",0,0,0,1,0,0,0,0,0,0,6
"1081",0,0,0,1,0,0,0,0,0,0,5
"1082",0,0,0,1,0,0,0,0,0,0,6
"1083",0,0,0,1,0,0,0,0,0,0,10
"1084",0,0,0,1,0,0,0,0,0,0,20
"1085",0,0,0,1,0,0,0,0,0,0,36
"1086",0,0,0,1,0,0,0,0,0,0,7
"1087",0,0,0,1,0,0,0,0,0,0,7
"1088",0,0,0,1,0,0,0,0,0,0,9
"1089",0,0,0,1,0,0,0,0,0,0,12
"1090",0,0,0,1,0,0,0,0,0,0,3
"1091",0,0,0,1,0,0,0,0,0,0,2
"1092",0,0,0,1,0,0,0,0,0,0,3
"1093",0,0,0,1,0,0,0,0,0,0,60
"1094",0,0,0,1,0,0,0,0,0,0,3
"1095",0,0,0,1,0,0,0,0,0,0,3
"1096",0,0,0,1,0,0,0,0,0,0,3
"1097",0,0,0,1,0,0,0,0,0,0,25
"1098",0,0,0,1,0,0,0,0,0,0,2
"1099",0,0,0,1,0,0,0,0,0,0,4
"1100",0,0,0,1,0,0,0,0,0,0,2
"1101",0,0,0,1,0,0,0,0,0,0,8
"1102",0,0,0,1,0,0,0,0,0,0,120
"1103",0,0,0,1,0,0,0,0,0,0,7
"1104",0,0,0,1,0,0,0,0,0,0,4
"1105",0,0,0,1,0,0,0,0,0,0,14
"1106",0,0,0,1,0,0,0,0,0,0,3
"1107",0,0,0,1,0,0,0,0,0,0,12
"1108",0,0,0,1,0,0,0,0,0,0,5
"1109",0,0,0,1,0,0,0,0,0,0,10
"1110",0,0,0,1,0,0,0,0,0,0,11
"1111",0,0,0,1,0,0,0,0,0,0,4
"1112",0,0,0,1,0,0,0,0,0,0,14
"1113",0,0,0,1,0,0,0,0,0,0,3
"1114",0,0,0,1,0,0,0,0,0,0,5
"1115",0,0,0,1,0,0,0,0,0,0,3
"1116",0,0,0,1,0,0,0,0,0,0,10
"1117",0,0,0,1,0,0,0,0,0,0,5
"1118",0,0,0,1,0,0,0,0,0,0,4
"1119",0,0,0,1,0,0,0,0,0,0,2
"1120",0,0,0,1,0,0,0,0,0,0,2
"1121",0,0,0,1,0,0,0,0,0,0,6
"1122",0,0,0,1,0,0,0,0,0,0,7
"1123",0,0,0,1,0,0,0,0,0,0,10
"1124",0,0,0,1,0,0,0,0,0,0,4
"1125",0,0,0,1,0,0,0,0,0,0,4
"1126",0,0,0,1,0,0,0,0,0,0,4
"1127",0,0,0,1,0,0,0,0,0,0,3
"1128",0,0,0,1,0,0,0,0,0,0,2
"1129",0,0,0,1,0,0,0,0,0,0,4
"1130",0,0,0,1,0,0,0,0,0,0,7
"1131",0,0,0,1,0,0,0,0,0,0,10
"1132",0,0,0,1,0,0,0,0,0,0,68
"1133",0,0,0,1,0,0,0,0,0,0,3
"1134",0,0,0,1,0,0,0,0,0,0,5
"1135",0,0,0,1,0,0,0,0,0,0,40
"1136",0,0,0,1,0,0,0,0,0,0,16
"1137",0,0,0,1,0,0,0,0,0,0,4
"1138",0,0,0,1,0,0,0,0,0,0,3
"1139",0,0,0,1,0,0,0,0,0,0,7
"1140",0,0,0,1,0,0,0,0,0,0,3
"1141",0,0,0,1,0,0,0,0,0,0,5
"1142",0,0,0,1,0,0,0,0,0,0,3
"1143",0,0,0,1,0,0,0,0,0,0,2
"1144",0,0,0,1,0,0,0,0,0,0,4
"1145",0,0,0,1,0,0,0,0,0,0,4
"1146",0,0,0,1,0,0,0,0,0,0,14
"1147",0,0,0,1,0,0,0,0,0,0,21
"1148",0,0,0,1,0,0,0,0,0,0,2
"1149",0,0,0,1,0,0,0,0,0,0,1
"1150",0,0,0,1,0,0,0,0,0,0,10
"1151",0,0,0,1,0,0,0,0,0,0,7
"1152",0,0,0,1,0,0,0,0,0,0,4
"1153",0,0,0,1,0,0,0,0,0,0,2
"1154",0,0,0,1,0,0,0,0,0,0,6
"1155",0,0,0,1,0,0,0,0,0,0,3
"1156",0,0,0,1,0,0,0,0,0,0,4
"1157",0,0,0,1,0,0,0,0,0,0,10
"1158",0,0,0,1,0,0,0,0,0,0,6
"1159",0,0,0,1,0,0,0,0,0,0,10
"1160",0,0,0,1,0,0,0,0,0,0,10
"1161",0,0,0,1,0,0,0,0,0,0,23
"1162",0,0,0,1,0,0,0,0,0,0,21
"1163",0,0,0,1,0,0,0,0,0,0,29
"1164",0,0,0,1,0,0,0,0,0,0,5
"1165",0,0,0,1,0,0,0,0,0,0,2
"1166",0,0,0,1,0,0,0,0,0,0,3
"1167",0,0,0,1,0,0,0,0,0,0,5
"1168",0,0,0,1,0,0,0,0,0,0,2
"1169",0,0,0,1,0,0,0,0,0,0,2
"1170",0,0,0,1,0,0,0,0,0,0,7
"1171",0,0,0,1,0,0,0,0,0,0,60
"1172",0,0,0,1,0,0,0,0,0,0,5
"1173",0,0,0,1,0,0,0,0,0,0,19
"1174",0,0,0,1,0,0,0,0,0,0,5
"1175",0,0,0,1,0,0,0,0,0,0,36
"1176",0,0,0,1,0,0,0,0,0,0,7
"1177",0,0,0,1,0,0,0,0,0,0,3
"1178",0,0,0,1,0,0,0,0,0,0,3
"1179",0,0,0,1,0,0,0,0,0,0,2
"1180",0,0,0,1,0,0,0,0,0,0,2
"1181",0,0,0,1,0,0,0,0,0,0,5
"1182",0,0,0,1,0,0,0,0,0,0,53
"1183",0,0,0,1,0,0,0,0,0,0,30
"1184",0,0,0,1,0,0,0,0,0,0,111
"1185",0,0,0,1,0,0,0,0,0,0,7
"1186",0,0,0,1,0,0,0,0,0,0,2
"1187",0,0,0,1,0,0,0,0,0,0,10
"1188",0,0,0,1,0,0,0,0,0,0,5
"1189",0,0,0,1,0,0,0,0,0,0,2
"1190",0,0,0,1,0,0,0,0,0,0,3
"1191",0,0,0,1,0,0,0,0,0,0,3
"1192",0,0,0,1,0,0,0,0,0,0,3
"1193",0,0,0,1,0,0,0,0,0,0,10
"1194",0,0,0,1,0,0,0,0,0,0,3
"1195",0,0,0,1,0,0,0,0,0,0,10
"1196",0,0,0,1,0,0,0,0,0,0,4
"1197",0,0,0,1,0,0,0,0,0,0,5
"1198",0,0,0,1,0,0,0,0,0,0,2
"1199",0,0,0,1,0,0,0,0,0,0,18
"1200",0,0,0,1,0,0,0,0,0,0,2
"1201",0,0,0,1,0,0,0,0,0,0,7
"1202",0,0,0,1,0,0,0,0,0,0,2
"1203",0,0,0,1,0,0,0,0,0,0,3
"1204",0,0,0,1,0,0,0,0,0,0,6
"1205",0,0,0,1,0,0,0,0,0,0,12
"1206",0,0,0,1,0,0,0,0,0,0,7
"1207",0,0,0,1,0,0,0,0,0,0,4
"1208",0,0,0,1,0,0,0,0,0,0,9
"1209",0,0,0,1,0,0,0,0,0,0,7
"1210",0,0,0,1,0,0,0,0,0,0,1
"1211",0,0,0,1,0,0,0,0,0,0,11
"1212",0,0,0,1,0,0,0,0,0,0,4
"1213",0,0,0,1,0,0,0,0,0,0,2
"1214",0,0,0,1,0,0,0,0,0,0,2
"1215",0,0,0,1,0,0,0,0,0,0,2
"1216",0,0,0,1,0,0,0,0,0,0,30
"1217",0,0,0,1,0,0,0,0,0,0,2
"1218",0,0,0,1,0,0,0,0,0,0,1
"1219",0,0,0,1,0,0,0,0,0,0,10
"1220",0,0,0,1,0,0,0,0,0,0,6
"1221",0,0,0,1,0,0,0,0,0,0,10
"1222",0,0,0,1,0,0,0,0,0,0,3
"1223",0,0,0,1,0,0,0,0,0,0,6
"1224",0,0,0,1,0,0,0,0,0,0,5
"1225",0,0,0,1,0,0,0,0,0,0,3
"1226",0,0,0,1,0,0,0,0,0,0,15
"1227",0,0,0,1,0,0,0,0,0,0,3
"1228",0,0,0,1,0,0,0,0,0,0,3
"1229",0,0,0,1,0,0,0,0,0,0,2
"1230",0,0,0,1,0,0,0,0,0,0,3
"1231",0,0,0,1,0,0,0,0,0,0,14
"1232",0,0,0,1,0,0,0,0,0,0,2
"1233",0,0,0,1,0,0,0,0,0,0,1
"1234",0,0,0,1,0,0,0,0,0,0,3
"1235",0,0,0,1,0,0,0,0,0,0,4
"1236",0,0,0,1,0,0,0,0,0,0,20
"1237",0,0,0,1,0,0,0,0,0,0,15
"1238",0,0,0,1,0,0,0,0,0,0,5
"1239",0,0,0,1,0,0,0,0,0,0,1
"1240",0,0,0,1,0,0,0,0,0,0,5
"1241",0,0,0,1,0,0,0,0,0,0,3
"1242",0,0,0,1,0,0,0,0,0,0,5
"1243",0,0,0,1,0,0,0,0,0,0,5
"1244",0,0,0,1,0,0,0,0,0,0,2
"1245",0,0,0,1,0,0,0,0,0,0,5
"1246",0,0,0,1,0,0,0,0,0,0,4
"1247",0,0,0,1,0,0,0,0,0,0,77
"1248",0,0,0,1,0,0,0,0,0,0,16
"1249",0,0,0,1,0,0,0,0,0,0,5
"1250",0,0,0,1,0,0,0,0,0,0,10
"1251",0,0,0,1,0,0,0,0,0,0,6
"1252",0,0,0,1,0,0,0,0,0,0,3
"1253",0,0,0,1,0,0,0,0,0,0,3
"1254",0,0,0,1,0,0,0,0,0,0,5
"1255",0,0,0,1,0,0,0,0,0,0,10
"1256",0,0,0,1,0,0,0,0,0,0,4
"1257",0,0,0,1,0,0,0,0,0,0,13
"1258",0,0,0,1,0,0,0,0,0,0,3
"1259",0,0,0,1,0,0,0,0,0,0,3
"1260",0,0,0,1,0,0,0,0,0,0,4
"1261",0,0,0,1,0,0,0,0,0,0,5
"1262",0,0,0,1,0,0,0,0,0,0,7
"1263",0,0,0,1,0,0,0,0,0,0,10
"1264",0,0,0,1,0,0,0,0,0,0,50
"1265",0,0,0,1,0,0,0,0,0,0,4
"1266",0,0,0,1,0,0,0,0,0,0,8
"1267",0,0,0,1,0,0,0,0,0,0,6
"1268",0,0,0,1,0,0,0,0,0,0,3
"1269",0,0,0,1,0,0,0,0,0,0,9
"1270",0,0,0,1,0,0,0,0,0,0,3
"1271",0,0,0,1,0,0,0,0,0,0,9
"1272",0,0,0,1,0,0,0,0,0,0,13
"1273",0,0,0,1,0,0,0,0,0,0,2
"1274",0,0,0,1,0,0,0,0,0,0,3
"1275",0,0,0,1,0,0,0,0,0,0,3
"1276",0,0,0,1,0,0,0,0,0,0,8
"1277",0,0,0,1,0,0,0,0,0,0,3
"1278",0,0,0,1,0,0,0,0,0,0,4
"1279",0,0,0,1,0,0,0,0,0,0,5
"1280",0,0,0,1,0,0,0,0,0,0,3
"1281",0,0,0,1,0,0,0,0,0,0,29
"1282",0,0,0,1,0,0,0,0,0,0,16
"1283",0,0,0,1,0,0,0,0,0,0,10
"1284",0,0,0,1,0,0,0,0,0,0,5
"1285",0,0,0,1,0,0,0,0,0,0,5
"1286",0,0,0,1,0,0,0,0,0,0,4
"1287",0,0,0,1,0,0,0,0,0,0,7
"1288",0,0,0,1,0,0,0,0,0,0,8
"1289",0,0,0,1,0,0,0,0,0,0,5
"1290",0,0,0,1,0,0,0,0,0,0,7
"1291",0,0,0,1,0,0,0,0,0,0,4
"1292",0,0,0,1,0,0,0,0,0,0,11
"1293",0,0,0,1,0,0,0,0,0,0,15
"1294",0,0,0,1,0,0,0,0,0,0,4
"1295",0,0,0,1,0,0,0,0,0,0,15
"1296",0,0,0,1,0,0,0,0,0,0,4
"1297",0,0,0,1,0,0,0,0,0,0,4
"1298",0,0,0,1,0,0,0,0,0,0,2
"1299",0,0,0,1,0,0,0,0,0,0,8
"1300",0,0,0,1,0,0,0,0,0,0,2
"1301",0,0,0,1,0,0,0,0,0,0,2
"1302",0,0,0,1,0,0,0,0,0,0,2
"1303",0,0,0,1,0,0,0,0,0,0,3
"1304",0,0,0,1,0,0,0,0,0,0,2
"1305",0,0,0,1,0,0,0,0,0,0,6
"1306",0,0,0,1,0,0,0,0,0,0,6
"1307",0,0,0,1,0,0,0,0,0,0,6
"1308",0,0,0,1,0,0,0,0,0,0,3
"1309",0,0,0,1,0,0,0,0,0,0,3
"1310",0,0,0,1,0,0,0,0,0,0,7
"1311",0,0,0,1,0,0,0,0,0,0,3
"1312",0,0,0,1,0,0,0,0,0,0,12
"1313",0,0,0,1,0,0,0,0,0,0,4
"1314",0,0,0,1,0,0,0,0,0,0,3
"1315",0,0,0,1,0,0,0,0,0,0,2
"1316",0,0,0,1,0,0,0,0,0,0,23
"1317",0,0,0,1,0,0,0,0,0,0,2
"1318",0,0,0,1,0,0,0,0,0,0,20
"1319",0,0,0,1,0,0,0,0,0,0,6
"1320",0,0,0,1,0,0,0,0,0,0,6
"1321",0,0,0,1,0,0,0,0,0,0,21
"1322",0,0,0,1,0,0,0,0,0,0,2
"1323",0,0,0,1,0,0,0,0,0,0,2
"1324",0,0,0,1,0,0,0,0,0,0,5
"1325",0,0,0,1,0,0,0,0,0,0,4
"1326",0,0,0,1,0,0,0,0,0,0,10
"1327",0,0,0,1,0,0,0,0,0,0,4
"1328",0,0,0,1,0,0,0,0,0,0,7
"1329",0,0,0,1,0,0,0,0,0,0,13
"1330",0,0,0,1,0,0,0,0,0,0,2
"1331",0,0,0,1,0,0,0,0,0,0,10
"1332",0,0,0,1,0,0,0,0,0,0,5
"1333",0,0,0,1,0,0,0,0,0,0,4
"1334",0,0,0,1,0,0,0,0,0,0,20
"1335",0,0,0,1,0,0,0,0,0,0,15
"1336",0,0,0,1,0,0,0,0,0,0,4
"1337",0,0,0,1,0,0,0,0,0,0,12
"1338",0,0,0,1,0,0,0,0,0,0,1
"1339",0,0,0,1,0,0,0,0,0,0,3
"1340",0,0,0,1,0,0,0,0,0,0,2
"1341",0,0,0,1,0,0,0,0,0,0,7
"1342",0,0,0,1,0,0,0,0,0,0,7
"1343",0,0,0,1,0,0,0,0,0,0,14
"1344",0,0,0,1,0,0,0,0,0,0,15
"1345",0,0,0,1,0,0,0,0,0,0,3
"1346",0,0,0,1,0,0,0,0,0,0,5
"1347",0,0,0,1,0,0,0,0,0,0,10
"1348",0,0,0,1,0,0,0,0,0,0,5
"1349",0,0,0,1,0,0,0,0,0,0,14
"1350",0,0,0,1,0,0,0,0,0,0,3
"1351",0,0,0,1,0,0,0,0,0,0,3
"1352",0,0,0,1,0,0,0,0,0,0,2
"1353",0,0,0,1,0,0,0,0,0,0,4
"1354",0,0,0,1,0,0,0,0,0,0,4
"1355",0,0,0,1,0,0,0,0,0,0,1
"1356",0,0,0,1,0,0,0,0,0,0,1
"1357",0,0,0,1,0,0,0,0,0,0,5
"1358",0,0,0,1,0,0,0,0,0,0,2
"1359",0,0,0,1,0,0,0,0,0,0,7
"1360",0,0,0,1,0,0,0,0,0,0,5
"1361",0,0,0,1,0,0,0,0,0,0,5
"1362",0,0,0,1,0,0,0,0,0,0,2
"1363",0,0,0,1,0,0,0,0,0,0,2
"1364",0,0,0,1,0,0,0,0,0,0,5
"1365",0,0,0,1,0,0,0,0,0,0,3
"1366",0,0,0,1,0,0,0,0,0,0,5
"1367",0,0,0,1,0,0,0,0,0,0,13
"1368",0,0,0,1,0,0,0,0,0,0,7
"1369",0,0,0,1,0,0,0,0,0,0,14
"1370",0,0,0,1,0,0,0,0,0,0,8
"1371",0,0,0,1,0,0,0,0,0,0,4
"1372",0,0,0,1,0,0,0,0,0,0,4
"1373",0,0,0,1,0,0,0,0,0,0,5
"1374",0,0,0,1,0,0,0,0,0,0,3
"1375",0,0,0,1,0,0,0,0,0,0,3
"1376",0,0,0,1,0,0,0,0,0,0,4
"1377",0,0,0,1,0,0,0,0,0,0,6
"1378",0,0,0,1,0,0,0,0,0,0,8
"1379",0,0,0,1,0,0,0,0,0,0,7
"1380",0,0,0,1,0,0,0,0,0,0,15
"1381",0,0,0,1,0,0,0,0,0,0,2
"1382",0,0,0,1,0,0,0,0,0,0,5
"1383",0,0,0,1,0,0,0,0,0,0,6
"1384",0,0,0,1,0,0,0,0,0,0,9
"1385",0,0,0,1,0,0,0,0,0,0,5
"1386",0,0,0,1,0,0,0,0,0,0,5
"1387",0,0,0,1,0,0,0,0,0,0,3
"1388",0,0,0,1,0,0,0,0,0,0,3
"1389",0,0,0,1,0,0,0,0,0,0,4
"1390",0,0,0,1,0,0,0,0,0,0,8
"1391",0,0,0,1,0,0,0,0,0,0,2
"1392",0,0,0,1,0,0,0,0,0,0,18
"1393",0,0,0,1,0,0,0,0,0,0,3
"1394",0,0,0,1,0,0,0,0,0,0,3
"1395",0,0,0,1,0,0,0,0,0,0,15
"1396",0,0,0,1,0,0,0,0,0,0,19
"1397",0,0,0,1,0,0,0,0,0,0,5
"1398",0,0,0,1,0,0,0,0,0,0,2
"1399",0,0,0,1,0,0,0,0,0,0,37
"1400",0,0,0,1,0,0,0,0,0,0,7
"1401",0,0,0,1,0,0,0,0,0,0,10
"1402",0,0,0,1,0,0,0,0,0,0,8
"1403",0,0,0,1,0,0,0,0,0,0,7
"1404",0,0,0,1,0,0,0,0,0,0,3
"1405",0,0,0,1,0,0,0,0,0,0,2
"1406",0,0,0,1,0,0,0,0,0,0,5
"1407",0,0,0,1,0,0,0,0,0,0,3
"1408",0,0,0,1,0,0,0,0,0,0,4
"1409",0,0,0,1,0,0,0,0,0,0,12
"1410",0,0,0,1,0,0,0,0,0,0,3
"1411",0,0,0,1,0,0,0,0,0,0,2
"1412",0,0,0,1,0,0,0,0,0,0,3
"1413",0,0,0,1,0,0,0,0,0,0,11
"1414",0,0,0,1,0,0,0,0,0,0,7
"1415",0,0,0,1,0,0,0,0,0,0,3
"1416",0,0,0,1,0,0,0,0,0,0,3
"1417",0,0,0,1,0,0,0,0,0,0,4
"1418",0,0,0,1,0,0,0,0,0,0,6
"1419",0,0,0,1,0,0,0,0,0,0,3
"1420",0,0,0,1,0,0,0,0,0,0,12
"1421",0,0,0,1,0,0,0,0,0,0,1
"1422",0,0,0,1,0,0,0,0,0,0,2
"1423",0,0,0,1,0,0,0,0,0,0,2
"1424",0,0,0,1,0,0,0,0,0,0,4
"1425",0,0,0,1,0,0,0,0,0,0,5
"1426",0,0,0,1,0,0,0,0,0,0,3
"1427",0,0,0,1,0,0,0,0,0,0,3
"1428",0,0,0,1,0,0,0,0,0,0,4
"1429",0,0,0,1,0,0,0,0,0,0,3
"1430",0,0,0,1,0,0,0,0,0,0,14
"1431",0,0,0,1,0,0,0,0,0,0,8
"1432",0,0,0,1,0,0,0,0,0,0,3
"1433",0,0,0,1,0,0,0,0,0,0,4
"1434",0,0,0,1,0,0,0,0,0,0,2
"1435",0,0,0,1,0,0,0,0,0,0,2
"1436",0,0,0,1,0,0,0,0,0,0,3
"1437",0,0,0,1,0,0,0,0,0,0,34
"1438",0,0,0,1,0,0,0,0,0,0,3
"1439",0,0,0,1,0,0,0,0,0,0,2
"1440",0,0,0,1,0,0,0,0,0,0,1
"1441",0,0,0,1,0,0,0,0,0,0,13
"1442",0,0,0,1,0,0,0,0,0,0,16
"1443",0,0,0,1,0,0,0,0,0,0,9
"1444",0,0,0,1,0,0,0,0,0,0,2
"1445",0,0,0,1,0,0,0,0,0,0,7
"1446",0,0,0,1,0,0,0,0,0,0,3
"1447",0,0,0,1,0,0,0,0,0,0,4
"1448",0,0,0,1,0,0,0,0,0,0,5
"1449",0,0,0,1,0,0,0,0,0,0,5
"1450",0,0,0,1,0,0,0,0,0,0,2
"1451",0,0,0,1,0,0,0,0,0,0,4
"1452",0,0,0,0,1,0,0,0,0,0,7
"1453",0,0,0,0,1,0,0,0,0,0,4
"1454",0,0,0,0,1,0,0,0,0,0,7
"1455",0,0,0,0,1,0,0,0,0,0,29
"1456",0,0,0,0,1,0,0,0,0,0,16
"1457",0,0,0,0,1,0,0,0,0,0,5
"1458",0,0,0,0,1,0,0,0,0,0,7
"1459",0,0,0,0,1,0,0,0,0,0,1
"1460",0,0,0,0,1,0,0,0,0,0,4
"1461",0,0,0,0,1,0,0,0,0,0,15
"1462",0,0,0,0,1,0,0,0,0,0,9
"1463",0,0,0,0,1,0,0,0,0,0,3
"1464",0,0,0,0,1,0,0,0,0,0,5
"1465",0,0,0,0,1,0,0,0,0,0,7
"1466",0,0,0,0,1,0,0,0,0,0,3
"1467",0,0,0,0,1,0,0,0,0,0,1
"1468",0,0,0,0,1,0,0,0,0,0,4
"1469",0,0,0,0,1,0,0,0,0,0,3
"1470",0,0,0,0,1,0,0,0,0,0,5
"1471",0,0,0,0,1,0,0,0,0,0,3
"1472",0,0,0,0,1,0,0,0,0,0,5
"1473",0,0,0,0,1,0,0,0,0,0,6
"1474",0,0,0,0,1,0,0,0,0,0,14
"1475",0,0,0,0,1,0,0,0,0,0,22
"1476",0,0,0,0,1,0,0,0,0,0,11
"1477",0,0,0,0,1,0,0,0,0,0,8
"1478",0,0,0,0,1,0,0,0,0,0,8
"1479",0,0,0,0,1,0,0,0,0,0,10
"1480",0,0,0,0,1,0,0,0,0,0,15
"1481",0,0,0,0,1,0,0,0,0,0,10
"1482",0,0,0,0,1,0,0,0,0,0,18
"1483",0,0,0,0,1,0,0,0,0,0,3
"1484",0,0,0,0,1,0,0,0,0,0,14
"1485",0,0,0,0,1,0,0,0,0,0,29
"1486",0,0,0,0,1,0,0,0,0,0,20
"1487",0,0,0,0,1,0,0,0,0,0,4
"1488",0,0,0,0,1,0,0,0,0,0,3
"1489",0,0,0,0,1,0,0,0,0,0,7
"1490",0,0,0,0,1,0,0,0,0,0,4
"1491",0,0,0,0,1,0,0,0,0,0,7
"1492",0,0,0,0,1,0,0,0,0,0,45
"1493",0,0,0,0,1,0,0,0,0,0,28
"1494",0,0,0,0,1,0,0,0,0,0,16
"1495",0,0,0,0,1,0,0,0,0,0,6
"1496",0,0,0,0,1,0,0,0,0,0,6
"1497",0,0,0,0,1,0,0,0,0,0,6
"1498",0,0,0,0,1,0,0,0,0,0,4
"1499",0,0,0,0,1,0,0,0,0,0,7
"1500",0,0,0,0,1,0,0,0,0,0,5
"1501",0,0,0,0,1,0,0,0,0,0,16
"1502",0,0,0,0,1,0,0,0,0,0,5
"1503",0,0,0,0,1,0,0,0,0,0,4
"1504",0,0,0,0,1,0,0,0,0,0,7
"1505",0,0,0,0,1,0,0,0,0,0,1
"1506",0,0,0,0,1,0,0,0,0,0,4
"1507",0,0,0,0,1,0,0,0,0,0,3
"1508",0,0,0,0,1,0,0,0,0,0,10
"1509",0,0,0,0,1,0,0,0,0,0,8
"1510",0,0,0,0,1,0,0,0,0,0,5
"1511",0,0,0,0,1,0,0,0,0,0,11
"1512",0,0,0,0,1,0,0,0,0,0,51
"1513",0,0,0,0,1,0,0,0,0,0,4
"1514",0,0,0,0,1,0,0,0,0,0,14
"1515",0,0,0,0,1,0,0,0,0,0,7
"1516",0,0,0,0,1,0,0,0,0,0,8
"1517",0,0,0,0,1,0,0,0,0,0,8
"1518",0,0,0,0,1,0,0,0,0,0,8
"1519",0,0,0,0,1,0,0,0,0,0,14
"1520",0,0,0,0,1,0,0,0,0,0,5
"1521",0,0,0,0,1,0,0,0,0,0,10
"1522",0,0,0,0,1,0,0,0,0,0,4
"1523",0,0,0,0,1,0,0,0,0,0,5
"1524",0,0,0,0,1,0,0,0,0,0,20
"1525",0,0,0,0,1,0,0,0,0,0,8
"1526",0,0,0,0,1,0,0,0,0,0,5
"1527",0,0,0,0,1,0,0,0,0,0,10
"1528",0,0,0,0,1,0,0,0,0,0,8
"1529",0,0,0,0,1,0,0,0,0,0,7
"1530",0,0,0,0,1,0,0,0,0,0,3
"1531",0,0,0,0,1,0,0,0,0,0,1
"1532",0,0,0,0,1,0,0,0,0,0,4
"1533",0,0,0,0,1,0,0,0,0,0,3
"1534",0,0,0,0,1,0,0,0,0,0,4
"1535",0,0,0,0,1,0,0,0,0,0,3
"1536",0,0,0,0,1,0,0,0,0,0,5
"1537",0,0,0,0,1,0,0,0,0,0,3
"1538",0,0,0,0,1,0,0,0,0,0,5
"1539",0,0,0,0,1,0,0,0,0,0,6
"1540",0,0,0,0,1,0,0,0,0,0,33
"1541",0,0,0,0,1,0,0,0,0,0,12
"1542",0,0,0,0,1,0,0,0,0,0,9
"1543",0,0,0,0,1,0,0,0,0,0,4
"1544",0,0,0,0,1,0,0,0,0,0,6
"1545",0,0,0,0,1,0,0,0,0,0,3
"1546",0,0,0,0,1,0,0,0,0,0,4
"1547",0,0,0,0,1,0,0,0,0,0,5
"1548",0,0,0,0,1,0,0,0,0,0,2
"1549",0,0,0,0,1,0,0,0,0,0,10
"1550",0,0,0,0,1,0,0,0,0,0,7
"1551",0,0,0,0,1,0,0,0,0,0,4
"1552",0,0,0,0,1,0,0,0,0,0,4
"1553",0,0,0,0,1,0,0,0,0,0,2
"1554",0,0,0,0,1,0,0,0,0,0,15
"1555",0,0,0,0,1,0,0,0,0,0,7
"1556",0,0,0,0,1,0,0,0,0,0,45
"1557",0,0,0,0,1,0,0,0,0,0,59
"1558",0,0,0,0,1,0,0,0,0,0,14
"1559",0,0,0,0,1,0,0,0,0,0,19
"1560",0,0,0,0,1,0,0,0,0,0,29
"1561",0,0,0,0,1,0,0,0,0,0,16
"1562",0,0,0,0,1,0,0,0,0,0,9
"1563",0,0,0,0,1,0,0,0,0,0,1
"1564",0,0,0,0,1,0,0,0,0,0,7
"1565",0,0,0,0,1,0,0,0,0,0,6
"1566",0,0,0,0,1,0,0,0,0,0,6
"1567",0,0,0,0,1,0,0,0,0,0,6
"1568",0,0,0,0,1,0,0,0,0,0,9
"1569",0,0,0,0,1,0,0,0,0,0,6
"1570",0,0,0,0,1,0,0,0,0,0,4
"1571",0,0,0,0,1,0,0,0,0,0,7
"1572",0,0,0,0,1,0,0,0,0,0,5
"1573",0,0,0,0,1,0,0,0,0,0,16
"1574",0,0,0,0,1,0,0,0,0,0,7
"1575",0,0,0,0,1,0,0,0,0,0,6
"1576",0,0,0,0,1,0,0,0,0,0,7
"1577",0,0,0,0,1,0,0,0,0,0,8
"1578",0,0,0,0,1,0,0,0,0,0,8
"1579",0,0,0,0,1,0,0,0,0,0,14
"1580",0,0,0,0,1,0,0,0,0,0,13
"1581",0,0,0,0,1,0,0,0,0,0,8
"1582",0,0,0,0,1,0,0,0,0,0,10
"1583",0,0,0,0,1,0,0,0,0,0,16
"1584",0,0,0,0,1,0,0,0,0,0,1
"1585",0,0,0,0,1,0,0,0,0,0,2
"1586",0,0,0,0,1,0,0,0,0,0,4
"1587",0,0,0,0,1,0,0,0,0,0,4
"1588",0,0,0,0,1,0,0,0,0,0,6
"1589",0,0,0,0,1,0,0,0,0,0,3
"1590",0,0,0,0,1,0,0,0,0,0,2
"1591",0,0,0,0,1,0,0,0,0,0,5
"1592",0,0,0,0,1,0,0,0,0,0,6
"1593",0,0,0,0,1,0,0,0,0,0,4
"1594",0,0,0,0,1,0,0,0,0,0,7
"1595",0,0,0,0,1,0,0,0,0,0,1
"1596",0,0,0,0,1,0,0,0,0,0,4
"1597",0,0,0,0,1,0,0,0,0,0,3
"1598",0,0,0,0,1,0,0,0,0,0,10
"1599",0,0,0,0,1,0,0,0,0,0,5
"1600",0,0,0,0,1,0,0,0,0,0,2
"1601",0,0,0,0,1,0,0,0,0,0,3
"1602",0,0,0,0,1,0,0,0,0,0,9
"1603",0,0,0,0,1,0,0,0,0,0,4
"1604",0,0,0,0,1,0,0,0,0,0,8
"1605",0,0,0,0,1,0,0,0,0,0,5
"1606",0,0,0,0,1,0,0,0,0,0,5
"1607",0,0,0,0,1,0,0,0,0,0,3
"1608",0,0,0,0,1,0,0,0,0,0,12
"1609",0,0,0,0,1,0,0,0,0,0,11
"1610",0,0,0,0,1,0,0,0,0,0,4
"1611",0,0,0,0,1,0,0,0,0,0,2
"1612",0,0,0,0,1,0,0,0,0,0,2
"1613",0,0,0,0,1,0,0,0,0,0,3
"1614",0,0,0,0,1,0,0,0,0,0,4
"1615",0,0,0,0,1,0,0,0,0,0,2
"1616",0,0,0,0,1,0,0,0,0,0,15
"1617",0,0,0,0,1,0,0,0,0,0,12
"1618",0,0,0,0,1,0,0,0,0,0,1
"1619",0,0,0,0,1,0,0,0,0,0,4
"1620",0,0,0,0,1,0,0,0,0,0,14
"1621",0,0,0,0,1,0,0,0,0,0,7
"1622",0,0,0,0,1,0,0,0,0,0,3
"1623",0,0,0,0,1,0,0,0,0,0,4
"1624",0,0,0,0,1,0,0,0,0,0,26
"1625",0,0,0,0,1,0,0,0,0,0,8
"1626",0,0,0,0,1,0,0,0,0,0,8
"1627",0,0,0,0,1,0,0,0,0,0,8
"1628",0,0,0,0,1,0,0,0,0,0,14
"1629",0,0,0,0,1,0,0,0,0,0,10
"1630",0,0,0,0,1,0,0,0,0,0,5
"1631",0,0,0,0,1,0,0,0,0,0,10
"1632",0,0,0,0,1,0,0,0,0,0,4
"1633",0,0,0,0,1,0,0,0,0,0,4
"1634",0,0,0,0,1,0,0,0,0,0,5
"1635",0,0,0,0,1,0,0,0,0,0,9
"1636",0,0,0,0,1,0,0,0,0,0,5
"1637",0,0,0,0,1,0,0,0,0,0,10
"1638",0,0,0,0,1,0,0,0,0,0,16
"1639",0,0,0,0,1,0,0,0,0,0,10
"1640",0,0,0,0,1,0,0,0,0,0,5
"1641",0,0,0,0,1,0,0,0,0,0,10
"1642",0,0,0,0,1,0,0,0,0,0,31
"1643",0,0,0,0,1,0,0,0,0,0,12
"1644",0,0,0,0,1,0,0,0,0,0,5
"1645",0,0,0,0,1,0,0,0,0,0,4
"1646",0,0,0,0,1,0,0,0,0,0,4
"1647",0,0,0,0,1,0,0,0,0,0,1
"1648",0,0,0,0,1,0,0,0,0,0,17
"1649",0,0,0,0,1,0,0,0,0,0,8
"1650",0,0,0,0,1,0,0,0,0,0,10
"1651",0,0,0,0,1,0,0,0,0,0,3
"1652",0,0,0,0,1,0,0,0,0,0,3
"1653",0,0,0,0,1,0,0,0,0,0,3
"1654",0,0,0,0,1,0,0,0,0,0,10
"1655",0,0,0,0,1,0,0,0,0,0,10
"1656",0,0,0,0,1,0,0,0,0,0,3
"1657",0,0,0,0,1,0,0,0,0,0,5
"1658",0,0,0,0,1,0,0,0,0,0,20
"1659",0,0,0,0,1,0,0,0,0,0,8
"1660",0,0,0,0,1,0,0,0,0,0,5
"1661",0,0,0,0,1,0,0,0,0,0,10
"1662",0,0,0,0,1,0,0,0,0,0,8
"1663",0,0,0,0,1,0,0,0,0,0,5
"1664",0,0,0,0,1,0,0,0,0,0,8
"1665",0,0,0,0,1,0,0,0,0,0,1
"1666",0,0,0,0,1,0,0,0,0,0,10
"1667",0,0,0,0,1,0,0,0,0,0,2
"1668",0,0,0,0,1,0,0,0,0,0,7
"1669",0,0,0,0,1,0,0,0,0,0,96
"1670",0,0,0,0,1,0,0,0,0,0,5
"1671",0,0,0,0,1,0,0,0,0,0,7
"1672",0,0,0,0,1,0,0,0,0,0,13
"1673",0,0,0,0,1,0,0,0,0,0,1
"1674",0,0,0,0,1,0,0,0,0,0,4
"1675",0,0,0,0,1,0,0,0,0,0,3
"1676",0,0,0,0,1,0,0,0,0,0,30
"1677",0,0,0,0,1,0,0,0,0,0,10
"1678",0,0,0,0,1,0,0,0,0,0,5
"1679",0,0,0,0,1,0,0,0,0,0,20
"1680",0,0,0,0,1,0,0,0,0,0,6
"1681",0,0,0,0,1,0,0,0,0,0,11
"1682",0,0,0,0,1,0,0,0,0,0,9
"1683",0,0,0,0,1,0,0,0,0,0,10
"1684",0,0,0,0,1,0,0,0,0,0,5
"1685",0,0,0,0,1,0,0,0,0,0,7
"1686",0,0,0,0,1,0,0,0,0,0,5
"1687",0,0,0,0,1,0,0,0,0,0,5
"1688",0,0,0,0,1,0,0,0,0,0,5
"1689",0,0,0,0,1,0,0,0,0,0,4
"1690",0,0,0,0,1,0,0,0,0,0,5
"1691",0,0,0,0,1,0,0,0,0,0,3
"1692",0,0,0,0,1,0,0,0,0,0,10
"1693",0,0,0,0,1,0,0,0,0,0,10
"1694",0,0,0,0,1,0,0,0,0,0,25
"1695",0,0,0,0,1,0,0,0,0,0,4
"1696",0,0,0,0,1,0,0,0,0,0,5
"1697",0,0,0,0,1,0,0,0,0,0,128
"1698",0,0,0,0,1,0,0,0,0,0,3
"1699",0,0,0,0,1,0,0,0,0,0,4
"1700",0,0,0,0,1,0,0,0,0,0,3
"1701",0,0,0,0,1,0,0,0,0,0,5
"1702",0,0,0,0,1,0,0,0,0,0,3
"1703",0,0,0,0,1,0,0,0,0,0,5
"1704",0,0,0,0,1,0,0,0,0,0,14
"1705",0,0,0,0,1,0,0,0,0,0,6
"1706",0,0,0,0,1,0,0,0,0,0,4
"1707",0,0,0,0,1,0,0,0,0,0,33
"1708",0,0,0,0,1,0,0,0,0,0,15
"1709",0,0,0,0,1,0,0,0,0,0,28
"1710",0,0,0,0,1,0,0,0,0,0,9
"1711",0,0,0,0,1,0,0,0,0,0,4
"1712",0,0,0,0,1,0,0,0,0,0,6
"1713",0,0,0,0,1,0,0,0,0,0,3
"1714",0,0,0,0,1,0,0,0,0,0,4
"1715",0,0,0,0,1,0,0,0,0,0,5
"1716",0,0,0,0,1,0,0,0,0,0,3
"1717",0,0,0,0,1,0,0,0,0,0,6
"1718",0,0,0,0,1,0,0,0,0,0,4
"1719",0,0,0,0,1,0,0,0,0,0,4
"1720",0,0,0,0,1,0,0,0,0,0,40
"1721",0,0,0,0,1,0,0,0,0,0,2
"1722",0,0,0,0,1,0,0,0,0,0,6
"1723",0,0,0,0,1,0,0,0,0,0,22
"1724",0,0,0,0,1,0,0,0,0,0,5
"1725",0,0,0,0,1,0,0,0,0,0,5
"1726",0,0,0,0,1,0,0,0,0,0,5
"1727",0,0,0,0,1,0,0,0,0,0,4
"1728",0,0,0,0,1,0,0,0,0,0,6
"1729",0,0,0,0,1,0,0,0,0,0,2
"1730",0,0,0,0,1,0,0,0,0,0,6
"1731",0,0,0,0,1,0,0,0,0,0,10
"1732",0,0,0,0,1,0,0,0,0,0,3
"1733",0,0,0,0,1,0,0,0,0,0,2
"1734",0,0,0,0,1,0,0,0,0,0,90
"1735",0,0,0,0,1,0,0,0,0,0,12
"1736",0,0,0,0,1,0,0,0,0,0,1
"1737",0,0,0,0,1,0,0,0,0,0,2
"1738",0,0,0,0,1,0,0,0,0,0,2
"1739",0,0,0,0,1,0,0,0,0,0,2
"1740",0,0,0,0,1,0,0,0,0,0,13
"1741",0,0,0,0,1,0,0,0,0,0,10
"1742",0,0,0,0,1,0,0,0,0,0,2
"1743",0,0,0,0,1,0,0,0,0,0,3
"1744",0,0,0,0,1,0,0,0,0,0,6
"1745",0,0,0,0,1,0,0,0,0,0,8
"1746",0,0,0,0,1,0,0,0,0,0,15
"1747",0,0,0,0,1,0,0,0,0,0,5
"1748",0,0,0,0,1,0,0,0,0,0,60
"1749",0,0,0,0,1,0,0,0,0,0,4
"1750",0,0,0,0,1,0,0,0,0,0,1
"1751",0,0,0,0,1,0,0,0,0,0,14
"1752",0,0,0,0,1,0,0,0,0,0,3
"1753",0,0,0,0,1,0,0,0,0,0,8
"1754",0,0,0,0,1,0,0,0,0,0,19
"1755",0,0,0,0,1,0,0,0,0,0,3
"1756",0,0,0,0,1,0,0,0,0,0,5
"1757",0,0,0,0,1,0,0,0,0,0,17
"1758",0,0,0,0,1,0,0,0,0,0,6
"1759",0,0,0,0,1,0,0,0,0,0,18
"1760",0,0,0,0,1,0,0,0,0,0,6
"1761",0,0,0,0,1,0,0,0,0,0,10
"1762",0,0,0,0,1,0,0,0,0,0,2
"1763",0,0,0,0,1,0,0,0,0,0,5
"1764",0,0,0,0,1,0,0,0,0,0,70
"1765",0,0,0,0,1,0,0,0,0,0,2
"1766",0,0,0,0,1,0,0,0,0,0,42
"1767",0,0,0,0,1,0,0,0,0,0,3
"1768",0,0,0,0,1,0,0,0,0,0,5
"1769",0,0,0,0,1,0,0,0,0,0,21
"1770",0,0,0,0,1,0,0,0,0,0,2
"1771",0,0,0,0,1,0,0,0,0,0,9
"1772",0,0,0,0,1,0,0,0,0,0,2
"1773",0,0,0,0,1,0,0,0,0,0,6
"1774",0,0,0,0,1,0,0,0,0,0,9
"1775",0,0,0,0,1,0,0,0,0,0,21
"1776",0,0,0,0,1,0,0,0,0,0,3
"1777",0,0,0,0,1,0,0,0,0,0,4
"1778",0,0,0,0,1,0,0,0,0,0,7
"1779",0,0,0,0,1,0,0,0,0,0,2
"1780",0,0,0,0,1,0,0,0,0,0,5
"1781",0,0,0,0,1,0,0,0,0,0,2
"1782",0,0,0,0,1,0,0,0,0,0,2
"1783",0,0,0,0,1,0,0,0,0,0,3
"1784",0,0,0,0,1,0,0,0,0,0,3
"1785",0,0,0,0,1,0,0,0,0,0,3
"1786",0,0,0,0,1,0,0,0,0,0,5
"1787",0,0,0,0,1,0,0,0,0,0,8
"1788",0,0,0,0,1,0,0,0,0,0,3
"1789",0,0,0,0,1,0,0,0,0,0,42
"1790",0,0,0,0,1,0,0,0,0,0,3
"1791",0,0,0,0,1,0,0,0,0,0,3
"1792",0,0,0,0,1,0,0,0,0,0,8
"1793",0,0,0,0,1,0,0,0,0,0,2
"1794",0,0,0,0,1,0,0,0,0,0,5
"1795",0,0,0,0,1,0,0,0,0,0,2
"1796",0,0,0,0,1,0,0,0,0,0,2
"1797",0,0,0,0,1,0,0,0,0,0,4
"1798",0,0,0,0,1,0,0,0,0,0,4
"1799",0,0,0,0,1,0,0,0,0,0,3
"1800",0,0,0,0,1,0,0,0,0,0,7
"1801",0,0,0,0,1,0,0,0,0,0,6
"1802",0,0,0,0,1,0,0,0,0,0,7
"1803",0,0,0,0,1,0,0,0,0,0,5
"1804",0,0,0,0,1,0,0,0,0,0,4
"1805",0,0,0,0,1,0,0,0,0,0,8
"1806",0,0,0,0,1,0,0,0,0,0,14
"1807",0,0,0,0,1,0,0,0,0,0,11
"1808",0,0,0,0,1,0,0,0,0,0,35
"1809",0,0,0,0,1,0,0,0,0,0,2
"1810",0,0,0,0,1,0,0,0,0,0,2
"1811",0,0,0,0,1,0,0,0,0,0,2
"1812",0,0,0,0,1,0,0,0,0,0,6
"1813",0,0,0,0,1,0,0,0,0,0,7
"1814",0,0,0,0,1,0,0,0,0,0,30
"1815",0,0,0,0,1,0,0,0,0,0,4
"1816",0,0,0,0,1,0,0,0,0,0,4
"1817",0,0,0,0,1,0,0,0,0,0,2
"1818",0,0,0,0,1,0,0,0,0,0,5
"1819",0,0,0,0,1,0,0,0,0,0,3
"1820",0,0,0,0,1,0,0,0,0,0,3
"1821",0,0,0,0,1,0,0,0,0,0,5
"1822",0,0,0,0,1,0,0,0,0,0,2
"1823",0,0,0,0,1,0,0,0,0,0,5
"1824",0,0,0,0,1,0,0,0,0,0,10
"1825",0,0,0,0,1,0,0,0,0,0,11
"1826",0,0,0,0,1,0,0,0,0,0,7
"1827",0,0,0,0,1,0,0,0,0,0,6
"1828",0,0,0,0,1,0,0,0,0,0,6
"1829",0,0,0,0,1,0,0,0,0,0,3
"1830",0,0,0,0,1,0,0,0,0,0,5
"1831",0,0,0,0,1,0,0,0,0,0,14
"1832",0,0,0,0,1,0,0,0,0,0,2
"1833",0,0,0,0,1,0,0,0,0,0,2
"1834",0,0,0,0,1,0,0,0,0,0,10
"1835",0,0,0,0,1,0,0,0,0,0,4
"1836",0,0,0,0,1,0,0,0,0,0,2
"1837",0,0,0,0,1,0,0,0,0,0,6
"1838",0,0,0,0,1,0,0,0,0,0,3
"1839",0,0,0,0,1,0,0,0,0,0,3
"1840",0,0,0,0,1,0,0,0,0,0,14
"1841",0,0,0,0,1,0,0,0,0,0,3
"1842",0,0,0,0,1,0,0,0,0,0,3
"1843",0,0,0,0,1,0,0,0,0,0,2
"1844",0,0,0,0,1,0,0,0,0,0,7
"1845",0,0,0,0,1,0,0,0,0,0,12
"1846",0,0,0,0,1,0,0,0,0,0,7
"1847",0,0,0,0,1,0,0,0,0,0,4
"1848",0,0,0,0,1,0,0,0,0,0,13
"1849",0,0,0,0,1,0,0,0,0,0,4
"1850",0,0,0,0,1,0,0,0,0,0,6
"1851",0,0,0,0,1,0,0,0,0,0,7
"1852",0,0,0,0,1,0,0,0,0,0,6
"1853",0,0,0,0,1,0,0,0,0,0,7
"1854",0,0,0,0,1,0,0,0,0,0,6
"1855",0,0,0,0,1,0,0,0,0,0,10
"1856",0,0,0,0,1,0,0,0,0,0,7
"1857",0,0,0,0,1,0,0,0,0,0,5
"1858",0,0,0,0,1,0,0,0,0,0,5
"1859",0,0,0,0,1,0,0,0,0,0,5
"1860",0,0,0,0,1,0,0,0,0,0,3
"1861",0,0,0,0,1,0,0,0,0,0,3
"1862",0,0,0,0,1,0,0,0,0,0,5
"1863",0,0,0,0,1,0,0,0,0,0,177
"1864",0,0,0,0,1,0,0,0,0,0,3
"1865",0,0,0,0,1,0,0,0,0,0,4
"1866",0,0,0,0,1,0,0,0,0,0,3
"1867",0,0,0,0,1,0,0,0,0,0,1
"1868",0,0,0,0,1,0,0,0,0,0,3
"1869",0,0,0,0,1,0,0,0,0,0,2
"1870",0,0,0,0,1,0,0,0,0,0,14
"1871",0,0,0,0,1,0,0,0,0,0,4
"1872",0,0,0,0,1,0,0,0,0,0,5
"1873",0,0,0,0,1,0,0,0,0,0,3
"1874",0,0,0,0,1,0,0,0,0,0,3
"1875",0,0,0,0,1,0,0,0,0,0,16
"1876",0,0,0,0,1,0,0,0,0,0,7
"1877",0,0,0,0,1,0,0,0,0,0,14
"1878",0,0,0,0,1,0,0,0,0,0,4
"1879",0,0,0,0,1,0,0,0,0,0,2
"1880",0,0,0,0,1,0,0,0,0,0,7
"1881",0,0,0,0,1,0,0,0,0,0,4
"1882",0,0,0,0,1,0,0,0,0,0,4
"1883",0,0,0,0,1,0,0,0,0,0,14
"1884",0,0,0,0,1,0,0,0,0,0,42
"1885",0,0,0,0,1,0,0,0,0,0,40
"1886",0,0,0,0,1,0,0,0,0,0,19
"1887",0,0,0,0,1,0,0,0,0,0,7
"1888",0,0,0,0,1,0,0,0,0,0,3
"1889",0,0,0,0,1,0,0,0,0,0,6
"1890",0,0,0,0,1,0,0,0,0,0,4
"1891",0,0,0,0,1,0,0,0,0,0,2
"1892",0,0,0,0,1,0,0,0,0,0,23
"1893",0,0,0,0,1,0,0,0,0,0,7
"1894",0,0,0,0,1,0,0,0,0,0,10
"1895",0,0,0,0,1,0,0,0,0,0,21
"1896",0,0,0,0,1,0,0,0,0,0,5
"1897",0,0,0,0,1,0,0,0,0,0,7
"1898",0,0,0,0,1,0,0,0,0,0,7
"1899",0,0,0,0,1,0,0,0,0,0,5
"1900",0,0,0,0,1,0,0,0,0,0,35
"1901",0,0,0,0,1,0,0,0,0,0,13
"1902",0,0,0,0,1,0,0,0,0,0,4
"1903",0,0,0,0,1,0,0,0,0,0,4
"1904",0,0,0,0,1,0,0,0,0,0,2
"1905",0,0,0,0,1,0,0,0,0,0,3
"1906",0,0,0,0,1,0,0,0,0,0,5
"1907",0,0,0,0,1,0,0,0,0,0,5
"1908",0,0,0,0,1,0,0,0,0,0,21
"1909",0,0,0,0,1,0,0,0,0,0,2
"1910",0,0,0,0,1,0,0,0,0,0,5
"1911",0,0,0,0,1,0,0,0,0,0,5
"1912",0,0,0,0,1,0,0,0,0,0,4
"1913",0,0,0,0,1,0,0,0,0,0,10
"1914",0,0,0,0,1,0,0,0,0,0,4
"1915",0,0,0,0,1,0,0,0,0,0,3
"1916",0,0,0,0,1,0,0,0,0,0,2
"1917",0,0,0,0,1,0,0,0,0,0,3
"1918",0,0,0,0,1,0,0,0,0,0,2
"1919",0,0,0,0,1,0,0,0,0,0,4
"1920",0,0,0,0,1,0,0,0,0,0,25
"1921",0,0,0,0,1,0,0,0,0,0,16
"1922",0,0,0,0,1,0,0,0,0,0,3
"1923",0,0,0,0,1,0,0,0,0,0,6
"1924",0,0,0,0,1,0,0,0,0,0,9
"1925",0,0,0,0,1,0,0,0,0,0,32
"1926",0,0,0,0,1,0,0,0,0,0,4
"1927",0,0,0,0,1,0,0,0,0,0,4
"1928",0,0,0,0,1,0,0,0,0,0,8
"1929",0,0,0,0,1,0,0,0,0,0,14
"1930",0,0,0,0,1,0,0,0,0,0,6
"1931",0,0,0,0,1,0,0,0,0,0,7
"1932",0,0,0,0,1,0,0,0,0,0,12
"1933",0,0,0,0,1,0,0,0,0,0,4
"1934",0,0,0,0,1,0,0,0,0,0,17
"1935",0,0,0,0,1,0,0,0,0,0,4
"1936",0,0,0,0,1,0,0,0,0,0,4
"1937",0,0,0,0,1,0,0,0,0,0,5
"1938",0,0,0,0,1,0,0,0,0,0,7
"1939",0,0,0,0,1,0,0,0,0,0,120
"1940",0,0,0,0,1,0,0,0,0,0,10
"1941",0,0,0,0,1,0,0,0,0,0,5
"1942",0,0,0,0,1,0,0,0,0,0,5
"1943",0,0,0,0,1,0,0,0,0,0,4
"1944",0,0,0,0,1,0,0,0,0,0,7
"1945",0,0,0,0,1,0,0,0,0,0,11
"1946",0,0,0,0,1,0,0,0,0,0,2
"1947",0,0,0,0,1,0,0,0,0,0,3
"1948",0,0,0,0,1,0,0,0,0,0,13
"1949",0,0,0,0,1,0,0,0,0,0,5
"1950",0,0,0,0,1,0,0,0,0,0,6
"1951",0,0,0,0,1,0,0,0,0,0,2
"1952",0,0,0,0,1,0,0,0,0,0,2
"1953",0,0,0,0,1,0,0,0,0,0,2
"1954",0,0,0,0,1,0,0,0,0,0,85
"1955",0,0,0,0,1,0,0,0,0,0,22
"1956",0,0,0,0,1,0,0,0,0,0,2
"1957",0,0,0,0,1,0,0,0,0,0,5
"1958",0,0,0,0,1,0,0,0,0,0,8
"1959",0,0,0,0,1,0,0,0,0,0,2
"1960",0,0,0,0,1,0,0,0,0,0,62
"1961",0,0,0,0,1,0,0,0,0,0,35
"1962",0,0,0,0,1,0,0,0,0,0,2
"1963",0,0,0,0,1,0,0,0,0,0,24
"1964",0,0,0,0,1,0,0,0,0,0,7
"1965",0,0,0,0,1,0,0,0,0,0,5
"1966",0,0,0,0,1,0,0,0,0,0,7
"1967",0,0,0,0,1,0,0,0,0,0,7
"1968",0,0,0,0,1,0,0,0,0,0,10
"1969",0,0,0,0,1,0,0,0,0,0,3
"1970",0,0,0,0,1,0,0,0,0,0,56
"1971",0,0,0,0,1,0,0,0,0,0,7
"1972",0,0,0,0,1,0,0,0,0,0,6
"1973",0,0,0,0,1,0,0,0,0,0,10
"1974",0,0,0,0,1,0,0,0,0,0,5
"1975",0,0,0,0,1,0,0,0,0,0,2
"1976",0,0,0,0,1,0,0,0,0,0,8
"1977",0,0,0,0,1,0,0,0,0,0,2
"1978",0,0,0,0,1,0,0,0,0,0,4
"1979",0,0,0,0,1,0,0,0,0,0,5
"1980",0,0,0,0,1,0,0,0,0,0,7
"1981",0,0,0,0,1,0,0,0,0,0,4
"1982",0,0,0,0,1,0,0,0,0,0,1
"1983",0,0,0,0,1,0,0,0,0,0,45
"1984",0,0,0,0,1,0,0,0,0,0,3
"1985",0,0,0,0,1,0,0,0,0,0,20
"1986",0,0,0,0,1,0,0,0,0,0,7
"1987",0,0,0,0,1,0,0,0,0,0,3
"1988",0,0,0,0,1,0,0,0,0,0,14
"1989",0,0,0,0,1,0,0,0,0,0,3
"1990",0,0,0,0,1,0,0,0,0,0,8
"1991",0,0,0,0,1,0,0,0,0,0,2
"1992",0,0,0,0,1,0,0,0,0,0,4
"1993",0,0,0,0,1,0,0,0,0,0,6
"1994",0,0,0,0,1,0,0,0,0,0,10
"1995",0,0,0,0,1,0,0,0,0,0,2
"1996",0,0,0,0,1,0,0,0,0,0,10
"1997",0,0,0,0,1,0,0,0,0,0,30
"1998",0,0,0,0,1,0,0,0,0,0,3
"1999",0,0,0,0,1,0,0,0,0,0,7
"2000",0,0,0,0,1,0,0,0,0,0,9
"2001",0,0,0,0,1,0,0,0,0,0,4
"2002",0,0,0,0,1,0,0,0,0,0,3
"2003",0,0,0,0,1,0,0,0,0,0,5
"2004",0,0,0,0,1,0,0,0,0,0,2
"2005",0,0,0,0,1,0,0,0,0,0,38
"2006",0,0,0,0,1,0,0,0,0,0,20
"2007",0,0,0,0,1,0,0,0,0,0,12
"2008",0,0,0,0,1,0,0,0,0,0,3
"2009",0,0,0,0,1,0,0,0,0,0,5
"2010",0,0,0,0,0,1,0,0,0,0,4
"2011",0,0,0,0,0,1,0,0,0,0,19
"2012",0,0,0,0,0,1,0,0,0,0,5
"2013",0,0,0,0,0,1,0,0,0,0,26
"2014",0,0,0,0,0,1,0,0,0,0,4
"2015",0,0,0,0,0,1,0,0,0,0,6
"2016",0,0,0,0,0,1,0,0,0,0,6
"2017",0,0,0,0,0,1,0,0,0,0,3
"2018",0,0,0,0,0,1,0,0,0,0,8
"2019",0,0,0,0,0,1,0,0,0,0,2
"2020",0,0,0,0,0,1,0,0,0,0,6
"2021",0,0,0,0,0,1,0,0,0,0,14
"2022",0,0,0,0,0,1,0,0,0,0,90
"2023",0,0,0,0,0,1,0,0,0,0,9
"2024",0,0,0,0,0,1,0,0,0,0,12
"2025",0,0,0,0,0,1,0,0,0,0,5
"2026",0,0,0,0,0,1,0,0,0,0,14
"2027",0,0,0,0,0,1,0,0,0,0,150
"2028",0,0,0,0,0,1,0,0,0,0,9
"2029",0,0,0,0,0,1,0,0,0,0,5
"2030",0,0,0,0,0,1,0,0,0,0,18
"2031",0,0,0,0,0,1,0,0,0,0,5
"2032",0,0,0,0,0,1,0,0,0,0,20
"2033",0,0,0,0,0,1,0,0,0,0,4
"2034",0,0,0,0,0,1,0,0,0,0,10
"2035",0,0,0,0,0,1,0,0,0,0,10
"2036",0,0,0,0,0,1,0,0,0,0,10
"2037",0,0,0,0,0,1,0,0,0,0,14
"2038",0,0,0,0,0,1,0,0,0,0,13
"2039",0,0,0,0,0,1,0,0,0,0,5
"2040",0,0,0,0,0,1,0,0,0,0,25
"2041",0,0,0,0,0,1,0,0,0,0,14
"2042",0,0,0,0,0,1,0,0,0,0,27
"2043",0,0,0,0,0,1,0,0,0,0,4
"2044",0,0,0,0,0,1,0,0,0,0,15
"2045",0,0,0,0,0,1,0,0,0,0,5
"2046",0,0,0,0,0,1,0,0,0,0,8
"2047",0,0,0,0,0,1,0,0,0,0,6
"2048",0,0,0,0,0,1,0,0,0,0,6
"2049",0,0,0,0,0,1,0,0,0,0,6
"2050",0,0,0,0,0,1,0,0,0,0,3
"2051",0,0,0,0,0,1,0,0,0,0,4
"2052",0,0,0,0,0,1,0,0,0,0,3
"2053",0,0,0,0,0,1,0,0,0,0,20
"2054",0,0,0,0,0,1,0,0,0,0,26
"2055",0,0,0,0,0,1,0,0,0,0,4
"2056",0,0,0,0,0,1,0,0,0,0,5
"2057",0,0,0,0,0,1,0,0,0,0,2
"2058",0,0,0,0,0,1,0,0,0,0,6
"2059",0,0,0,0,0,1,0,0,0,0,1
"2060",0,0,0,0,0,1,0,0,0,0,5
"2061",0,0,0,0,0,1,0,0,0,0,11
"2062",0,0,0,0,0,1,0,0,0,0,20
"2063",0,0,0,0,0,1,0,0,0,0,5
"2064",0,0,0,0,0,1,0,0,0,0,13
"2065",0,0,0,0,0,1,0,0,0,0,2
"2066",0,0,0,0,0,1,0,0,0,0,2
"2067",0,0,0,0,0,1,0,0,0,0,3
"2068",0,0,0,0,0,1,0,0,0,0,10
"2069",0,0,0,0,0,1,0,0,0,0,10
"2070",0,0,0,0,0,1,0,0,0,0,10
"2071",0,0,0,0,0,1,0,0,0,0,13
"2072",0,0,0,0,0,1,0,0,0,0,7
"2073",0,0,0,0,0,1,0,0,0,0,18
"2074",0,0,0,0,0,1,0,0,0,0,9
"2075",0,0,0,0,0,1,0,0,0,0,24
"2076",0,0,0,0,0,1,0,0,0,0,8
"2077",0,0,0,0,0,1,0,0,0,0,11
"2078",0,0,0,0,0,1,0,0,0,0,15
"2079",0,0,0,0,0,1,0,0,0,0,23
"2080",0,0,0,0,0,1,0,0,0,0,14
"2081",0,0,0,0,0,1,0,0,0,0,90
"2082",0,0,0,0,0,1,0,0,0,0,9
"2083",0,0,0,0,0,1,0,0,0,0,12
"2084",0,0,0,0,0,1,0,0,0,0,5
"2085",0,0,0,0,0,1,0,0,0,0,14
"2086",0,0,0,0,0,1,0,0,0,0,150
"2087",0,0,0,0,0,1,0,0,0,0,9
"2088",0,0,0,0,0,1,0,0,0,0,5
"2089",0,0,0,0,0,1,0,0,0,0,18
"2090",0,0,0,0,0,1,0,0,0,0,5
"2091",0,0,0,0,0,1,0,0,0,0,7
"2092",0,0,0,0,0,1,0,0,0,0,6
"2093",0,0,0,0,0,1,0,0,0,0,7
"2094",0,0,0,0,0,1,0,0,0,0,4
"2095",0,0,0,0,0,1,0,0,0,0,3
"2096",0,0,0,0,0,1,0,0,0,0,7
"2097",0,0,0,0,0,1,0,0,0,0,5
"2098",0,0,0,0,0,1,0,0,0,0,4
"2099",0,0,0,0,0,1,0,0,0,0,6
"2100",0,0,0,0,0,1,0,0,0,0,10
"2101",0,0,0,0,0,1,0,0,0,0,5
"2102",0,0,0,0,0,1,0,0,0,0,7
"2103",0,0,0,0,0,1,0,0,0,0,29
"2104",0,0,0,0,0,1,0,0,0,0,4
"2105",0,0,0,0,0,1,0,0,0,0,19
"2106",0,0,0,0,0,1,0,0,0,0,5
"2107",0,0,0,0,0,1,0,0,0,0,41
"2108",0,0,0,0,0,1,0,0,0,0,1
"2109",0,0,0,0,0,1,0,0,0,0,6
"2110",0,0,0,0,0,1,0,0,0,0,8
"2111",0,0,0,0,0,1,0,0,0,0,8
"2112",0,0,0,0,0,1,0,0,0,0,6
"2113",0,0,0,0,0,1,0,0,0,0,6
"2114",0,0,0,0,0,1,0,0,0,0,4
"2115",0,0,0,0,0,1,0,0,0,0,7
"2116",0,0,0,0,0,1,0,0,0,0,6
"2117",0,0,0,0,0,1,0,0,0,0,3
"2118",0,0,0,0,0,1,0,0,0,0,4
"2119",0,0,0,0,0,1,0,0,0,0,3
"2120",0,0,0,0,0,1,0,0,0,0,7
"2121",0,0,0,0,0,1,0,0,0,0,6
"2122",0,0,0,0,0,1,0,0,0,0,8
"2123",0,0,0,0,0,1,0,0,0,0,11
"2124",0,0,0,0,0,1,0,0,0,0,11
"2125",0,0,0,0,0,1,0,0,0,0,4
"2126",0,0,0,0,0,1,0,0,0,0,8
"2127",0,0,0,0,0,1,0,0,0,0,180
"2128",0,0,0,0,0,1,0,0,0,0,30
"2129",0,0,0,0,0,1,0,0,0,0,11
"2130",0,0,0,0,0,1,0,0,0,0,3
"2131",0,0,0,0,0,1,0,0,0,0,7
"2132",0,0,0,0,0,1,0,0,0,0,2
"2133",0,0,0,0,0,1,0,0,0,0,25
"2134",0,0,0,0,0,1,0,0,0,0,2
"2135",0,0,0,0,0,1,0,0,0,0,10
"2136",0,0,0,0,0,1,0,0,0,0,20
"2137",0,0,0,0,0,1,0,0,0,0,26
"2138",0,0,0,0,0,1,0,0,0,0,5
"2139",0,0,0,0,0,1,0,0,0,0,3
"2140",0,0,0,0,0,1,0,0,0,0,5
"2141",0,0,0,0,0,1,0,0,0,0,2
"2142",0,0,0,0,0,1,0,0,0,0,6
"2143",0,0,0,0,0,1,0,0,0,0,1
"2144",0,0,0,0,0,1,0,0,0,0,6
"2145",0,0,0,0,0,1,0,0,0,0,53
"2146",0,0,0,0,0,1,0,0,0,0,2
"2147",0,0,0,0,0,1,0,0,0,0,6
"2148",0,0,0,0,0,1,0,0,0,0,10
"2149",0,0,0,0,0,1,0,0,0,0,5
"2150",0,0,0,0,0,1,0,0,0,0,11
"2151",0,0,0,0,0,1,0,0,0,0,4
"2152",0,0,0,0,0,1,0,0,0,0,5
"2153",0,0,0,0,0,1,0,0,0,0,1
"2154",0,0,0,0,0,1,0,0,0,0,5
"2155",0,0,0,0,0,1,0,0,0,0,9
"2156",0,0,0,0,0,1,0,0,0,0,8
"2157",0,0,0,0,0,1,0,0,0,0,4
"2158",0,0,0,0,0,1,0,0,0,0,5
"2159",0,0,0,0,0,1,0,0,0,0,5
"2160",0,0,0,0,0,1,0,0,0,0,3
"2161",0,0,0,0,0,1,0,0,0,0,13
"2162",0,0,0,0,0,1,0,0,0,0,2
"2163",0,0,0,0,0,1,0,0,0,0,2
"2164",0,0,0,0,0,1,0,0,0,0,3
"2165",0,0,0,0,0,1,0,0,0,0,4
"2166",0,0,0,0,0,1,0,0,0,0,10
"2167",0,0,0,0,0,1,0,0,0,0,10
"2168",0,0,0,0,0,1,0,0,0,0,10
"2169",0,0,0,0,0,1,0,0,0,0,28
"2170",0,0,0,0,0,1,0,0,0,0,13
"2171",0,0,0,0,0,1,0,0,0,0,7
"2172",0,0,0,0,0,1,0,0,0,0,17
"2173",0,0,0,0,0,1,0,0,0,0,18
"2174",0,0,0,0,0,1,0,0,0,0,9
"2175",0,0,0,0,0,1,0,0,0,0,60
"2176",0,0,0,0,0,1,0,0,0,0,10
"2177",0,0,0,0,0,1,0,0,0,0,41
"2178",0,0,0,0,0,1,0,0,0,0,14
"2179",0,0,0,0,0,1,0,0,0,0,6
"2180",0,0,0,0,0,1,0,0,0,0,16
"2181",0,0,0,0,0,1,0,0,0,0,26
"2182",0,0,0,0,0,1,0,0,0,0,11
"2183",0,0,0,0,0,1,0,0,0,0,15
"2184",0,0,0,0,0,1,0,0,0,0,5
"2185",0,0,0,0,0,1,0,0,0,0,50
"2186",0,0,0,0,0,1,0,0,0,0,27
"2187",0,0,0,0,0,1,0,0,0,0,19
"2188",0,0,0,0,0,1,0,0,0,0,1
"2189",0,0,0,0,0,1,0,0,0,0,1
"2190",0,0,0,0,0,1,0,0,0,0,3
"2191",0,0,0,0,0,1,0,0,0,0,13
"2192",0,0,0,0,0,1,0,0,0,0,10
"2193",0,0,0,0,0,1,0,0,0,0,3
"2194",0,0,0,0,0,1,0,0,0,0,2
"2195",0,0,0,0,0,1,0,0,0,0,3
"2196",0,0,0,0,0,1,0,0,0,0,30
"2197",0,0,0,0,0,1,0,0,0,0,2
"2198",0,0,0,0,0,1,0,0,0,0,14
"2199",0,0,0,0,0,1,0,0,0,0,24
"2200",0,0,0,0,0,1,0,0,0,0,8
"2201",0,0,0,0,0,1,0,0,0,0,11
"2202",0,0,0,0,0,1,0,0,0,0,15
"2203",0,0,0,0,0,1,0,0,0,0,23
"2204",0,0,0,0,0,1,0,0,0,0,2
"2205",0,0,0,0,0,1,0,0,0,0,4
"2206",0,0,0,0,0,1,0,0,0,0,5
"2207",0,0,0,0,0,1,0,0,0,0,8
"2208",0,0,0,0,0,1,0,0,0,0,1
"2209",0,0,0,0,0,1,0,0,0,0,3
"2210",0,0,0,0,0,1,0,0,0,0,14
"2211",0,0,0,0,0,1,0,0,0,0,90
"2212",0,0,0,0,0,1,0,0,0,0,9
"2213",0,0,0,0,0,1,0,0,0,0,12
"2214",0,0,0,0,0,1,0,0,0,0,5
"2215",0,0,0,0,0,1,0,0,0,0,6
"2216",0,0,0,0,0,1,0,0,0,0,17
"2217",0,0,0,0,0,1,0,0,0,0,28
"2218",0,0,0,0,0,1,0,0,0,0,10
"2219",0,0,0,0,0,1,0,0,0,0,5
"2220",0,0,0,0,0,1,0,0,0,0,6
"2221",0,0,0,0,0,1,0,0,0,0,4
"2222",0,0,0,0,0,1,0,0,0,0,30
"2223",0,0,0,0,0,1,0,0,0,0,5
"2224",0,0,0,0,0,1,0,0,0,0,3
"2225",0,0,0,0,0,1,0,0,0,0,3
"2226",0,0,0,0,0,1,0,0,0,0,10
"2227",0,0,0,0,0,1,0,0,0,0,6
"2228",0,0,0,0,0,1,0,0,0,0,36
"2229",0,0,0,0,0,1,0,0,0,0,10
"2230",0,0,0,0,0,1,0,0,0,0,7
"2231",0,0,0,0,0,1,0,0,0,0,30
"2232",0,0,0,0,0,1,0,0,0,0,3
"2233",0,0,0,0,0,1,0,0,0,0,7
"2234",0,0,0,0,0,1,0,0,0,0,14
"2235",0,0,0,0,0,1,0,0,0,0,7
"2236",0,0,0,0,0,1,0,0,0,0,150
"2237",0,0,0,0,0,1,0,0,0,0,10
"2238",0,0,0,0,0,1,0,0,0,0,5
"2239",0,0,0,0,0,1,0,0,0,0,1
"2240",0,0,0,0,0,1,0,0,0,0,18
"2241",0,0,0,0,0,1,0,0,0,0,4
"2242",0,0,0,0,0,1,0,0,0,0,5
"2243",0,0,0,0,0,1,0,0,0,0,12
"2244",0,0,0,0,0,1,0,0,0,0,7
"2245",0,0,0,0,0,1,0,0,0,0,6
"2246",0,0,0,0,0,1,0,0,0,0,7
"2247",0,0,0,0,0,1,0,0,0,0,4
"2248",0,0,0,0,0,1,0,0,0,0,3
"2249",0,0,0,0,0,1,0,0,0,0,7
"2250",0,0,0,0,0,1,0,0,0,0,50
"2251",0,0,0,0,0,1,0,0,0,0,3
"2252",0,0,0,0,0,1,0,0,0,0,7
"2253",0,0,0,0,0,1,0,0,0,0,7
"2254",0,0,0,0,0,1,0,0,0,0,80
"2255",0,0,0,0,0,1,0,0,0,0,33
"2256",0,0,0,0,0,1,0,0,0,0,2
"2257",0,0,0,0,0,1,0,0,0,0,11
"2258",0,0,0,0,0,1,0,0,0,0,4
"2259",0,0,0,0,0,1,0,0,0,0,27
"2260",0,0,0,0,0,1,0,0,0,0,7
"2261",0,0,0,0,0,1,0,0,0,0,49
"2262",0,0,0,0,0,1,0,0,0,0,7
"2263",0,0,0,0,0,1,0,0,0,0,10
"2264",0,0,0,0,0,1,0,0,0,0,3
"2265",0,0,0,0,0,1,0,0,0,0,4
"2266",0,0,0,0,0,1,0,0,0,0,14
"2267",0,0,0,0,0,1,0,0,0,0,9
"2268",0,0,0,0,0,1,0,0,0,0,30
"2269",0,0,0,0,0,1,0,0,0,0,5
"2270",0,0,0,0,0,1,0,0,0,0,60
"2271",0,0,0,0,0,1,0,0,0,0,1
"2272",0,0,0,0,0,1,0,0,0,0,5
"2273",0,0,0,0,0,1,0,0,0,0,10
"2274",0,0,0,0,0,1,0,0,0,0,1
"2275",0,0,0,0,0,1,0,0,0,0,19
"2276",0,0,0,0,0,1,0,0,0,0,3
"2277",0,0,0,0,0,1,0,0,0,0,6
"2278",0,0,0,0,0,1,0,0,0,0,2
"2279",0,0,0,0,0,1,0,0,0,0,3
"2280",0,0,0,0,0,1,0,0,0,0,5
"2281",0,0,0,0,0,1,0,0,0,0,7
"2282",0,0,0,0,0,1,0,0,0,0,2
"2283",0,0,0,0,0,1,0,0,0,0,47
"2284",0,0,0,0,0,1,0,0,0,0,2
"2285",0,0,0,0,0,1,0,0,0,0,11
"2286",0,0,0,0,0,1,0,0,0,0,1
"2287",0,0,0,0,0,1,0,0,0,0,2
"2288",0,0,0,0,0,1,0,0,0,0,4
"2289",0,0,0,0,0,1,0,0,0,0,12
"2290",0,0,0,0,0,1,0,0,0,0,30
"2291",0,0,0,0,0,1,0,0,0,0,1
"2292",0,0,0,0,0,1,0,0,0,0,3
"2293",0,0,0,0,0,1,0,0,0,0,2
"2294",0,0,0,0,0,1,0,0,0,0,1
"2295",0,0,0,0,0,1,0,0,0,0,7
"2296",0,0,0,0,0,1,0,0,0,0,12
"2297",0,0,0,0,0,1,0,0,0,0,2
"2298",0,0,0,0,0,1,0,0,0,0,1
"2299",0,0,0,0,0,1,0,0,0,0,124
"2300",0,0,0,0,0,1,0,0,0,0,8
"2301",0,0,0,0,0,1,0,0,0,0,3
"2302",0,0,0,0,0,1,0,0,0,0,14
"2303",0,0,0,0,0,1,0,0,0,0,1
"2304",0,0,0,0,0,1,0,0,0,0,2
"2305",0,0,0,0,0,1,0,0,0,0,2
"2306",0,0,0,0,0,1,0,0,0,0,2
"2307",0,0,0,0,0,1,0,0,0,0,2
"2308",0,0,0,0,0,1,0,0,0,0,5
"2309",0,0,0,0,0,1,0,0,0,0,10
"2310",0,0,0,0,0,1,0,0,0,0,11
"2311",0,0,0,0,0,1,0,0,0,0,8
"2312",0,0,0,0,0,1,0,0,0,0,45
"2313",0,0,0,0,0,1,0,0,0,0,34
"2314",0,0,0,0,0,1,0,0,0,0,7
"2315",0,0,0,0,0,1,0,0,0,0,33
"2316",0,0,0,0,0,1,0,0,0,0,7
"2317",0,0,0,0,0,1,0,0,0,0,5
"2318",0,0,0,0,0,1,0,0,0,0,3
"2319",0,0,0,0,0,1,0,0,0,0,3
"2320",0,0,0,0,0,1,0,0,0,0,35
"2321",0,0,0,0,0,1,0,0,0,0,3
"2322",0,0,0,0,0,1,0,0,0,0,4
"2323",0,0,0,0,0,1,0,0,0,0,4
"2324",0,0,0,0,0,1,0,0,0,0,1
"2325",0,0,0,0,0,1,0,0,0,0,8
"2326",0,0,0,0,0,1,0,0,0,0,14
"2327",0,0,0,0,0,1,0,0,0,0,12
"2328",0,0,0,0,0,1,0,0,0,0,1
"2329",0,0,0,0,0,1,0,0,0,0,4
"2330",0,0,0,0,0,1,0,0,0,0,20
"2331",0,0,0,0,0,1,0,0,0,0,5
"2332",0,0,0,0,0,1,0,0,0,0,7
"2333",0,0,0,0,0,1,0,0,0,0,7
"2334",0,0,0,0,0,1,0,0,0,0,8
"2335",0,0,0,0,0,1,0,0,0,0,4
"2336",0,0,0,0,0,1,0,0,0,0,4
"2337",0,0,0,0,0,1,0,0,0,0,3
"2338",0,0,0,0,0,1,0,0,0,0,4
"2339",0,0,0,0,0,1,0,0,0,0,50
"2340",0,0,0,0,0,1,0,0,0,0,3
"2341",0,0,0,0,0,1,0,0,0,0,2
"2342",0,0,0,0,0,1,0,0,0,0,2
"2343",0,0,0,0,0,1,0,0,0,0,3
"2344",0,0,0,0,0,1,0,0,0,0,42
"2345",0,0,0,0,0,1,0,0,0,0,3
"2346",0,0,0,0,0,1,0,0,0,0,2
"2347",0,0,0,0,0,1,0,0,0,0,50
"2348",0,0,0,0,0,1,0,0,0,0,9
"2349",0,0,0,0,0,1,0,0,0,0,5
"2350",0,0,0,0,0,1,0,0,0,0,10
"2351",0,0,0,0,0,1,0,0,0,0,4
"2352",0,0,0,0,0,1,0,0,0,0,1
"2353",0,0,0,0,0,1,0,0,0,0,9
"2354",0,0,0,0,0,1,0,0,0,0,4
"2355",0,0,0,0,0,1,0,0,0,0,4
"2356",0,0,0,0,0,1,0,0,0,0,20
"2357",0,0,0,0,0,1,0,0,0,0,10
"2358",0,0,0,0,0,1,0,0,0,0,12
"2359",0,0,0,0,0,1,0,0,0,0,3
"2360",0,0,0,0,0,1,0,0,0,0,5
"2361",0,0,0,0,0,1,0,0,0,0,41
"2362",0,0,0,0,0,1,0,0,0,0,15
"2363",0,0,0,0,0,1,0,0,0,0,25
"2364",0,0,0,0,0,1,0,0,0,0,4
"2365",0,0,0,0,0,1,0,0,0,0,1
"2366",0,0,0,0,0,1,0,0,0,0,2
"2367",0,0,0,0,0,1,0,0,0,0,1
"2368",0,0,0,0,0,1,0,0,0,0,5
"2369",0,0,0,0,0,1,0,0,0,0,3
"2370",0,0,0,0,0,1,0,0,0,0,2
"2371",0,0,0,0,0,1,0,0,0,0,2
"2372",0,0,0,0,0,1,0,0,0,0,55
"2373",0,0,0,0,0,1,0,0,0,0,4
"2374",0,0,0,0,0,1,0,0,0,0,46
"2375",0,0,0,0,0,1,0,0,0,0,3
"2376",0,0,0,0,0,1,0,0,0,0,26
"2377",0,0,0,0,0,1,0,0,0,0,14
"2378",0,0,0,0,0,1,0,0,0,0,2
"2379",0,0,0,0,0,1,0,0,0,0,11
"2380",0,0,0,0,0,1,0,0,0,0,3
"2381",0,0,0,0,0,1,0,0,0,0,3
"2382",0,0,0,0,0,1,0,0,0,0,4
"2383",0,0,0,0,0,1,0,0,0,0,4
"2384",0,0,0,0,0,1,0,0,0,0,3
"2385",0,0,0,0,0,1,0,0,0,0,124
"2386",0,0,0,0,0,1,0,0,0,0,9
"2387",0,0,0,0,0,1,0,0,0,0,5
"2388",0,0,0,0,0,1,0,0,0,0,5
"2389",0,0,0,0,0,1,0,0,0,0,8
"2390",0,0,0,0,0,1,0,0,0,0,2
"2391",0,0,0,0,0,1,0,0,0,0,3
"2392",0,0,0,0,0,1,0,0,0,0,8
"2393",0,0,0,0,0,1,0,0,0,0,75
"2394",0,0,0,0,0,1,0,0,0,0,56
"2395",0,0,0,0,0,1,0,0,0,0,3
"2396",0,0,0,0,0,1,0,0,0,0,4
"2397",0,0,0,0,0,1,0,0,0,0,22
"2398",0,0,0,0,0,1,0,0,0,0,8
"2399",0,0,0,0,0,1,0,0,0,0,11
"2400",0,0,0,0,0,1,0,0,0,0,24
"2401",0,0,0,0,0,1,0,0,0,0,12
"2402",0,0,0,0,0,1,0,0,0,0,12
"2403",0,0,0,0,0,1,0,0,0,0,3
"2404",0,0,0,0,0,1,0,0,0,0,7
"2405",0,0,0,0,0,1,0,0,0,0,5
"2406",0,0,0,0,0,1,0,0,0,0,5
"2407",0,0,0,0,0,1,0,0,0,0,3
"2408",0,0,0,0,0,1,0,0,0,0,7
"2409",0,0,0,0,0,1,0,0,0,0,2
"2410",0,0,0,0,0,1,0,0,0,0,30
"2411",0,0,0,0,0,1,0,0,0,0,4
"2412",0,0,0,0,0,1,0,0,0,0,2
"2413",0,0,0,0,0,1,0,0,0,0,13
"2414",0,0,0,0,0,1,0,0,0,0,19
"2415",0,0,0,0,0,1,0,0,0,0,6
"2416",0,0,0,0,0,1,0,0,0,0,8
"2417",0,0,0,0,0,1,0,0,0,0,3
"2418",0,0,0,0,0,1,0,0,0,0,58
"2419",0,0,0,0,0,1,0,0,0,0,1
"2420",0,0,0,0,0,1,0,0,0,0,30
"2421",0,0,0,0,0,1,0,0,0,0,5
"2422",0,0,0,0,0,1,0,0,0,0,45
"2423",0,0,0,0,0,1,0,0,0,0,23
"2424",0,0,0,0,0,1,0,0,0,0,52
"2425",0,0,0,0,0,1,0,0,0,0,7
"2426",0,0,0,0,0,1,0,0,0,0,1
"2427",0,0,0,0,0,1,0,0,0,0,11
"2428",0,0,0,0,0,1,0,0,0,0,9
"2429",0,0,0,0,0,1,0,0,0,0,3
"2430",0,0,0,0,0,1,0,0,0,0,6
"2431",0,0,0,0,0,1,0,0,0,0,4
"2432",0,0,0,0,0,1,0,0,0,0,13
"2433",0,0,0,0,0,1,0,0,0,0,21
"2434",0,0,0,0,0,1,0,0,0,0,4
"2435",0,0,0,0,0,1,0,0,0,0,12
"2436",0,0,0,0,0,1,0,0,0,0,22
"2437",0,0,0,0,0,1,0,0,0,0,5
"2438",0,0,0,0,0,1,0,0,0,0,75
"2439",0,0,0,0,0,1,0,0,0,0,59
"2440",0,0,0,0,0,1,0,0,0,0,3
"2441",0,0,0,0,0,1,0,0,0,0,12
"2442",0,0,0,0,0,1,0,0,0,0,94
"2443",0,0,0,0,0,1,0,0,0,0,3
"2444",0,0,0,0,0,1,0,0,0,0,2
"2445",0,0,0,0,0,1,0,0,0,0,5
"2446",0,0,0,0,0,1,0,0,0,0,1
"2447",0,0,0,0,0,1,0,0,0,0,26
"2448",0,0,0,0,0,1,0,0,0,0,30
"2449",0,0,0,0,0,1,0,0,0,0,2
"2450",0,0,0,0,0,1,0,0,0,0,2
"2451",0,0,0,0,0,1,0,0,0,0,3
"2452",0,0,0,0,0,1,0,0,0,0,19
"2453",0,0,0,0,0,1,0,0,0,0,4
"2454",0,0,0,0,0,1,0,0,0,0,29
"2455",0,0,0,0,0,1,0,0,0,0,10
"2456",0,0,0,0,0,1,0,0,0,0,9
"2457",0,0,0,0,0,1,0,0,0,0,8
"2458",0,0,0,0,0,1,0,0,0,0,10
"2459",0,0,0,0,0,1,0,0,0,0,1
"2460",0,0,0,0,0,1,0,0,0,0,8
"2461",0,0,0,0,0,1,0,0,0,0,3
"2462",0,0,0,0,0,1,0,0,0,0,3
"2463",0,0,0,0,0,1,0,0,0,0,4
"2464",0,0,0,0,0,1,0,0,0,0,4
"2465",0,0,0,0,0,1,0,0,0,0,2
"2466",0,0,0,0,0,1,0,0,0,0,1
"2467",0,0,0,0,0,1,0,0,0,0,4
"2468",0,0,0,0,0,1,0,0,0,0,3
"2469",0,0,0,0,0,1,0,0,0,0,7
"2470",0,0,0,0,0,1,0,0,0,0,10
"2471",0,0,0,0,0,1,0,0,0,0,6
"2472",0,0,0,0,0,1,0,0,0,0,20
"2473",0,0,0,0,0,1,0,0,0,0,90
"2474",0,0,0,0,0,1,0,0,0,0,6
"2475",0,0,0,0,0,1,0,0,0,0,3
"2476",0,0,0,0,0,1,0,0,0,0,2
"2477",0,0,0,0,0,1,0,0,0,0,2
"2478",0,0,0,0,0,1,0,0,0,0,4
"2479",0,0,0,0,0,1,0,0,0,0,4
"2480",0,0,0,0,0,1,0,0,0,0,2
"2481",0,0,0,0,0,1,0,0,0,0,2
"2482",0,0,0,0,0,1,0,0,0,0,22
"2483",0,0,0,0,0,1,0,0,0,0,3
"2484",0,0,0,0,0,1,0,0,0,0,2
"2485",0,0,0,0,0,1,0,0,0,0,4
"2486",0,0,0,0,0,1,0,0,0,0,5
"2487",0,0,0,0,0,1,0,0,0,0,9
"2488",0,0,0,0,0,1,0,0,0,0,1
"2489",0,0,0,0,0,1,0,0,0,0,5
"2490",0,0,0,0,0,1,0,0,0,0,2
"2491",0,0,0,0,0,1,0,0,0,0,5
"2492",0,0,0,0,0,1,0,0,0,0,9
"2493",0,0,0,0,0,0,1,0,0,0,17
"2494",0,0,0,0,0,0,1,0,0,0,38
"2495",0,0,0,0,0,0,1,0,0,0,15
"2496",0,0,0,0,0,0,1,0,0,0,9
"2497",0,0,0,0,0,0,1,0,0,0,9
"2498",0,0,0,0,0,0,1,0,0,0,4
"2499",0,0,0,0,0,0,1,0,0,0,1
"2500",0,0,0,0,0,0,1,0,0,0,2
"2501",0,0,0,0,0,0,1,0,0,0,13
"2502",0,0,0,0,0,0,1,0,0,0,5
"2503",0,0,0,0,0,0,1,0,0,0,38
"2504",0,0,0,0,0,0,1,0,0,0,39
"2505",0,0,0,0,0,0,1,0,0,0,4
"2506",0,0,0,0,0,0,1,0,0,0,17
"2507",0,0,0,0,0,0,1,0,0,0,38
"2508",0,0,0,0,0,0,1,0,0,0,13
"2509",0,0,0,0,0,0,1,0,0,0,7
"2510",0,0,0,0,0,0,1,0,0,0,4
"2511",0,0,0,0,0,0,1,0,0,0,3
"2512",0,0,0,0,0,0,1,0,0,0,1
"2513",0,0,0,0,0,0,1,0,0,0,4
"2514",0,0,0,0,0,0,1,0,0,0,6
"2515",0,0,0,0,0,0,1,0,0,0,97
"2516",0,0,0,0,0,0,1,0,0,0,15
"2517",0,0,0,0,0,0,1,0,0,0,55
"2518",0,0,0,0,0,0,1,0,0,0,13
"2519",0,0,0,0,0,0,1,0,0,0,5
"2520",0,0,0,0,0,0,1,0,0,0,11
"2521",0,0,0,0,0,0,1,0,0,0,39
"2522",0,0,0,0,0,0,1,0,0,0,11
"2523",0,0,0,0,0,0,1,0,0,0,11
"2524",0,0,0,0,0,0,1,0,0,0,6
"2525",0,0,0,0,0,0,1,0,0,0,40
"2526",0,0,0,0,0,0,1,0,0,0,7
"2527",0,0,0,0,0,0,1,0,0,0,31
"2528",0,0,0,0,0,0,1,0,0,0,14
"2529",0,0,0,0,0,0,1,0,0,0,13
"2530",0,0,0,0,0,0,1,0,0,0,9
"2531",0,0,0,0,0,0,1,0,0,0,9
"2532",0,0,0,0,0,0,1,0,0,0,4
"2533",0,0,0,0,0,0,1,0,0,0,1
"2534",0,0,0,0,0,0,1,0,0,0,2
"2535",0,0,0,0,0,0,1,0,0,0,2
"2536",0,0,0,0,0,0,1,0,0,0,13
"2537",0,0,0,0,0,0,1,0,0,0,4
"2538",0,0,0,0,0,0,1,0,0,0,9
"2539",0,0,0,0,0,0,1,0,0,0,3
"2540",0,0,0,0,0,0,1,0,0,0,16
"2541",0,0,0,0,0,0,1,0,0,0,21
"2542",0,0,0,0,0,0,1,0,0,0,21
"2543",0,0,0,0,0,0,1,0,0,0,17
"2544",0,0,0,0,0,0,1,0,0,0,38
"2545",0,0,0,0,0,0,1,0,0,0,3
"2546",0,0,0,0,0,0,1,0,0,0,13
"2547",0,0,0,0,0,0,1,0,0,0,7
"2548",0,0,0,0,0,0,1,0,0,0,4
"2549",0,0,0,0,0,0,1,0,0,0,3
"2550",0,0,0,0,0,0,1,0,0,0,1
"2551",0,0,0,0,0,0,1,0,0,0,6
"2552",0,0,0,0,0,0,1,0,0,0,8
"2553",0,0,0,0,0,0,1,0,0,0,7
"2554",0,0,0,0,0,0,1,0,0,0,5
"2555",0,0,0,0,0,0,1,0,0,0,12
"2556",0,0,0,0,0,0,1,0,0,0,10
"2557",0,0,0,0,0,0,1,0,0,0,3
"2558",0,0,0,0,0,0,1,0,0,0,4
"2559",0,0,0,0,0,0,1,0,0,0,1
"2560",0,0,0,0,0,0,1,0,0,0,5
"2561",0,0,0,0,0,0,1,0,0,0,4
"2562",0,0,0,0,0,0,1,0,0,0,5
"2563",0,0,0,0,0,0,1,0,0,0,56
"2564",0,0,0,0,0,0,1,0,0,0,7
"2565",0,0,0,0,0,0,1,0,0,0,7
"2566",0,0,0,0,0,0,1,0,0,0,6
"2567",0,0,0,0,0,0,1,0,0,0,97
"2568",0,0,0,0,0,0,1,0,0,0,30
"2569",0,0,0,0,0,0,1,0,0,0,7
"2570",0,0,0,0,0,0,1,0,0,0,15
"2571",0,0,0,0,0,0,1,0,0,0,20
"2572",0,0,0,0,0,0,1,0,0,0,2
"2573",0,0,0,0,0,0,1,0,0,0,3
"2574",0,0,0,0,0,0,1,0,0,0,19
"2575",0,0,0,0,0,0,1,0,0,0,55
"2576",0,0,0,0,0,0,1,0,0,0,13
"2577",0,0,0,0,0,0,1,0,0,0,5
"2578",0,0,0,0,0,0,1,0,0,0,11
"2579",0,0,0,0,0,0,1,0,0,0,39
"2580",0,0,0,0,0,0,1,0,0,0,4
"2581",0,0,0,0,0,0,1,0,0,0,11
"2582",0,0,0,0,0,0,1,0,0,0,2
"2583",0,0,0,0,0,0,1,0,0,0,11
"2584",0,0,0,0,0,0,1,0,0,0,6
"2585",0,0,0,0,0,0,1,0,0,0,7
"2586",0,0,0,0,0,0,1,0,0,0,5
"2587",0,0,0,0,0,0,1,0,0,0,43
"2588",0,0,0,0,0,0,1,0,0,0,5
"2589",0,0,0,0,0,0,1,0,0,0,6
"2590",0,0,0,0,0,0,1,0,0,0,14
"2591",0,0,0,0,0,0,1,0,0,0,2
"2592",0,0,0,0,0,0,1,0,0,0,2
"2593",0,0,0,0,0,0,1,0,0,0,6
"2594",0,0,0,0,0,0,1,0,0,0,5
"2595",0,0,0,0,0,0,1,0,0,0,40
"2596",0,0,0,0,0,0,1,0,0,0,7
"2597",0,0,0,0,0,0,1,0,0,0,31
"2598",0,0,0,0,0,0,1,0,0,0,14
"2599",0,0,0,0,0,0,1,0,0,0,13
"2600",0,0,0,0,0,0,1,0,0,0,9
"2601",0,0,0,0,0,0,1,0,0,0,9
"2602",0,0,0,0,0,0,1,0,0,0,4
"2603",0,0,0,0,0,0,1,0,0,0,1
"2604",0,0,0,0,0,0,1,0,0,0,1
"2605",0,0,0,0,0,0,1,0,0,0,5
"2606",0,0,0,0,0,0,1,0,0,0,1
"2607",0,0,0,0,0,0,1,0,0,0,3
"2608",0,0,0,0,0,0,1,0,0,0,6
"2609",0,0,0,0,0,0,1,0,0,0,3
"2610",0,0,0,0,0,0,1,0,0,0,84
"2611",0,0,0,0,0,0,1,0,0,0,7
"2612",0,0,0,0,0,0,1,0,0,0,9
"2613",0,0,0,0,0,0,1,0,0,0,2
"2614",0,0,0,0,0,0,1,0,0,0,4
"2615",0,0,0,0,0,0,1,0,0,0,2
"2616",0,0,0,0,0,0,1,0,0,0,13
"2617",0,0,0,0,0,0,1,0,0,0,4
"2618",0,0,0,0,0,0,1,0,0,0,38
"2619",0,0,0,0,0,0,1,0,0,0,86
"2620",0,0,0,0,0,0,1,0,0,0,2
"2621",0,0,0,0,0,0,1,0,0,0,9
"2622",0,0,0,0,0,0,1,0,0,0,2
"2623",0,0,0,0,0,0,1,0,0,0,1
"2624",0,0,0,0,0,0,1,0,0,0,2
"2625",0,0,0,0,0,0,1,0,0,0,27
"2626",0,0,0,0,0,0,1,0,0,0,37
"2627",0,0,0,0,0,0,1,0,0,0,4
"2628",0,0,0,0,0,0,1,0,0,0,5
"2629",0,0,0,0,0,0,1,0,0,0,1
"2630",0,0,0,0,0,0,1,0,0,0,53
"2631",0,0,0,0,0,0,1,0,0,0,85
"2632",0,0,0,0,0,0,1,0,0,0,19
"2633",0,0,0,0,0,0,1,0,0,0,36
"2634",0,0,0,0,0,0,1,0,0,0,4
"2635",0,0,0,0,0,0,1,0,0,0,5
"2636",0,0,0,0,0,0,1,0,0,0,20
"2637",0,0,0,0,0,0,1,0,0,0,8
"2638",0,0,0,0,0,0,1,0,0,0,27
"2639",0,0,0,0,0,0,1,0,0,0,19
"2640",0,0,0,0,0,0,1,0,0,0,4
"2641",0,0,0,0,0,0,1,0,0,0,65
"2642",0,0,0,0,0,0,1,0,0,0,2
"2643",0,0,0,0,0,0,1,0,0,0,85
"2644",0,0,0,0,0,0,1,0,0,0,5
"2645",0,0,0,0,0,0,1,0,0,0,36
"2646",0,0,0,0,0,0,1,0,0,0,4
"2647",0,0,0,0,0,0,1,0,0,0,1
"2648",0,0,0,0,0,0,1,0,0,0,21
"2649",0,0,0,0,0,0,1,0,0,0,3
"2650",0,0,0,0,0,0,1,0,0,0,4
"2651",0,0,0,0,0,0,1,0,0,0,65
"2652",0,0,0,0,0,0,1,0,0,0,2
"2653",0,0,0,0,0,0,1,0,0,0,4
"2654",0,0,0,0,0,0,1,0,0,0,95
"2655",0,0,0,0,0,0,1,0,0,0,1
"2656",0,0,0,0,0,0,1,0,0,0,25
"2657",0,0,0,0,0,0,1,0,0,0,2
"2658",0,0,0,0,0,0,1,0,0,0,11
"2659",0,0,0,0,0,0,1,0,0,0,2
"2660",0,0,0,0,0,0,1,0,0,0,153
"2661",0,0,0,0,0,0,1,0,0,0,6
"2662",0,0,0,0,0,0,1,0,0,0,49
"2663",0,0,0,0,0,0,1,0,0,0,39
"2664",0,0,0,0,0,0,1,0,0,0,40
"2665",0,0,0,0,0,0,1,0,0,0,85
"2666",0,0,0,0,0,0,1,0,0,0,5
"2667",0,0,0,0,0,0,1,0,0,0,2
"2668",0,0,0,0,0,0,1,0,0,0,3
"2669",0,0,0,0,0,0,1,0,0,0,7
"2670",0,0,0,0,0,0,1,0,0,0,3
"2671",0,0,0,0,0,0,1,0,0,0,4
"2672",0,0,0,0,0,0,1,0,0,0,4
"2673",0,0,0,0,0,0,1,0,0,0,1
"2674",0,0,0,0,0,0,1,0,0,0,155
"2675",0,0,0,0,0,0,1,0,0,0,57
"2676",0,0,0,0,0,0,1,0,0,0,2
"2677",0,0,0,0,0,0,1,0,0,0,8
"2678",0,0,0,0,0,0,1,0,0,0,108
"2679",0,0,0,0,0,0,1,0,0,0,17
"2680",0,0,0,0,0,0,1,0,0,0,3
"2681",0,0,0,0,0,0,1,0,0,0,53
"2682",0,0,0,0,0,0,1,0,0,0,3
"2683",0,0,0,0,0,0,1,0,0,0,3
"2684",0,0,0,0,0,0,1,0,0,0,36
"2685",0,0,0,0,0,0,1,0,0,0,4
"2686",0,0,0,0,0,0,1,0,0,0,1
"2687",0,0,0,0,0,0,1,0,0,0,3
"2688",0,0,0,0,0,0,1,0,0,0,2
"2689",0,0,0,0,0,0,1,0,0,0,3
"2690",0,0,0,0,0,0,1,0,0,0,180
"2691",0,0,0,0,0,0,1,0,0,0,27
"2692",0,0,0,0,0,0,1,0,0,0,10
"2693",0,0,0,0,0,0,1,0,0,0,38
"2694",0,0,0,0,0,0,1,0,0,0,1
"2695",0,0,0,0,0,0,1,0,0,0,5
"2696",0,0,0,0,0,0,1,0,0,0,15
"2697",0,0,0,0,0,0,1,0,0,0,2
"2698",0,0,0,0,0,0,1,0,0,0,3
"2699",0,0,0,0,0,0,1,0,0,0,95
"2700",0,0,0,0,0,0,1,0,0,0,5
"2701",0,0,0,0,0,0,1,0,0,0,24
"2702",0,0,0,0,0,0,1,0,0,0,7
"2703",0,0,0,0,0,0,1,0,0,0,25
"2704",0,0,0,0,0,0,1,0,0,0,21
"2705",0,0,0,0,0,0,1,0,0,0,15
"2706",0,0,0,0,0,0,1,0,0,0,86
"2707",0,0,0,0,0,0,1,0,0,0,7
"2708",0,0,0,0,0,0,1,0,0,0,3
"2709",0,0,0,0,0,0,1,0,0,0,4
"2710",0,0,0,0,0,0,1,0,0,0,180
"2711",0,0,0,0,0,0,1,0,0,0,3
"2712",0,0,0,0,0,0,1,0,0,0,1
"2713",0,0,0,0,0,0,1,0,0,0,10
"2714",0,0,0,0,0,0,1,0,0,0,37
"2715",0,0,0,0,0,0,1,0,0,0,99
"2716",0,0,0,0,0,0,1,0,0,0,10
"2717",0,0,0,0,0,0,1,0,0,0,2
"2718",0,0,0,0,0,0,1,0,0,0,6
"2719",0,0,0,0,0,0,1,0,0,0,3
"2720",0,0,0,0,0,0,1,0,0,0,7
"2721",0,0,0,0,0,0,1,0,0,0,2
"2722",0,0,0,0,0,0,1,0,0,0,1
"2723",0,0,0,0,0,0,1,0,0,0,8
"2724",0,0,0,0,0,0,1,0,0,0,9
"2725",0,0,0,0,0,0,1,0,0,0,2
"2726",0,0,0,0,0,0,1,0,0,0,180
"2727",0,0,0,0,0,0,1,0,0,0,4
"2728",0,0,0,0,0,0,1,0,0,0,2
"2729",0,0,0,0,0,0,1,0,0,0,5
"2730",0,0,0,0,0,0,1,0,0,0,1
"2731",0,0,0,0,0,0,1,0,0,0,90
"2732",0,0,0,0,0,0,1,0,0,0,2
"2733",0,0,0,0,0,0,1,0,0,0,7
"2734",0,0,0,0,0,0,1,0,0,0,10
"2735",0,0,0,0,0,0,1,0,0,0,10
"2736",0,0,0,0,0,0,1,0,0,0,7
"2737",0,0,0,0,0,0,1,0,0,0,5
"2738",0,0,0,0,0,0,1,0,0,0,17
"2739",0,0,0,0,0,0,1,0,0,0,15
"2740",0,0,0,0,0,0,1,0,0,0,1
"2741",0,0,0,0,0,0,1,0,0,0,65
"2742",0,0,0,0,0,0,1,0,0,0,2
"2743",0,0,0,0,0,0,1,0,0,0,30
"2744",0,0,0,0,0,0,1,0,0,0,21
"2745",0,0,0,0,0,0,1,0,0,0,15
"2746",0,0,0,0,0,0,1,0,0,0,1
"2747",0,0,0,0,0,0,1,0,0,0,1
"2748",0,0,0,0,0,0,1,0,0,0,4
"2749",0,0,0,0,0,0,1,0,0,0,4
"2750",0,0,0,0,0,0,1,0,0,0,2
"2751",0,0,0,0,0,0,1,0,0,0,6
"2752",0,0,0,0,0,0,0,1,0,0,2
"2753",0,0,0,0,0,0,0,1,0,0,2
"2754",0,0,0,0,0,0,0,1,0,0,1
"2755",0,0,0,0,0,0,0,1,0,0,2
"2756",0,0,0,0,0,0,0,1,0,0,2
"2757",0,0,0,0,0,0,0,1,0,0,19
"2758",0,0,0,0,0,0,0,1,0,0,65
"2759",0,0,0,0,0,0,0,1,0,0,17
"2760",0,0,0,0,0,0,0,1,0,0,11
"2761",0,0,0,0,0,0,0,1,0,0,60
"2762",0,0,0,0,0,0,0,1,0,0,16
"2763",0,0,0,0,0,0,0,1,0,0,13
"2764",0,0,0,0,0,0,0,1,0,0,5
"2765",0,0,0,0,0,0,0,1,0,0,3
"2766",0,0,0,0,0,0,0,1,0,0,18
"2767",0,0,0,0,0,0,0,1,0,0,74
"2768",0,0,0,0,0,0,0,1,0,0,5
"2769",0,0,0,0,0,0,0,1,0,0,46
"2770",0,0,0,0,0,0,0,1,0,0,3
"2771",0,0,0,0,0,0,0,1,0,0,62
"2772",0,0,0,0,0,0,0,1,0,0,1
"2773",0,0,0,0,0,0,0,1,0,0,6
"2774",0,0,0,0,0,0,0,1,0,0,13
"2775",0,0,0,0,0,0,0,1,0,0,180
"2776",0,0,0,0,0,0,0,1,0,0,24
"2777",0,0,0,0,0,0,0,0,1,0,8
"2778",0,0,0,0,0,0,0,0,1,0,7
"2779",0,0,0,0,0,0,0,0,1,0,8
"2780",0,0,0,0,0,0,0,0,1,0,7
"2781",0,0,0,0,0,0,0,0,1,0,4
"2782",0,0,0,0,0,0,0,0,1,0,8
"2783",0,0,0,0,0,0,0,0,1,0,7
"2784",0,0,0,0,0,0,0,0,1,0,26
"2785",0,0,0,0,0,0,0,0,1,0,1
"2786",0,0,0,0,0,0,0,0,1,0,2
"2787",0,0,0,0,0,0,0,0,1,0,8
"2788",0,0,0,0,0,0,0,0,1,0,180
"2789",0,0,0,0,0,0,0,0,1,0,180
"2790",0,0,0,0,0,0,0,0,1,0,17
"2791",0,0,0,0,0,0,0,0,1,0,180
"2792",0,0,0,0,0,0,0,0,1,0,32
"2793",0,0,0,0,0,0,0,0,1,0,23
"2794",0,0,0,0,0,0,0,0,1,0,112
"2795",0,0,0,0,0,0,0,0,1,0,8
"2796",0,0,0,0,0,0,0,0,1,0,60
"2797",0,0,0,0,0,0,0,0,1,0,55
"2798",0,0,0,0,0,0,0,0,1,0,9
"2799",0,0,0,0,0,0,0,0,1,0,7
"2800",0,0,0,0,0,0,0,0,1,0,42
"2801",0,0,0,0,0,0,0,0,1,0,5
"2802",0,0,0,0,0,0,0,0,1,0,2
"2803",0,0,0,0,0,0,0,0,0,1,8
