"","<3 mos.","3-11 mos.","1-5 yrs.","5 yrs.","Not reported","value"
"1",1,0,0,0,0,3
"2",1,0,0,0,0,38
"3",1,0,0,0,0,2
"4",1,0,0,0,0,3
"5",1,0,0,0,0,12
"6",1,0,0,0,0,11
"7",1,0,0,0,0,2
"8",1,0,0,0,0,2
"9",1,0,0,0,0,3
"10",1,0,0,0,0,8
"11",1,0,0,0,0,18
"12",1,0,0,0,0,1
"13",1,0,0,0,0,1
"14",1,0,0,0,0,7
"15",1,0,0,0,0,6
"16",1,0,0,0,0,1
"17",1,0,0,0,0,3
"18",1,0,0,0,0,2
"19",1,0,0,0,0,3
"20",1,0,0,0,0,2
"21",1,0,0,0,0,2
"22",1,0,0,0,0,18
"23",1,0,0,0,0,7
"24",1,0,0,0,0,4
"25",1,0,0,0,0,8
"26",1,0,0,0,0,8
"27",1,0,0,0,0,10
"28",1,0,0,0,0,1
"29",1,0,0,0,0,2
"30",1,0,0,0,0,3
"31",1,0,0,0,0,38
"32",1,0,0,0,0,2
"33",1,0,0,0,0,3
"34",1,0,0,0,0,12
"35",1,0,0,0,0,11
"36",1,0,0,0,0,22
"37",1,0,0,0,0,9
"38",1,0,0,0,0,8
"39",1,0,0,0,0,3
"40",1,0,0,0,0,2
"41",1,0,0,0,0,7
"42",1,0,0,0,0,2
"43",1,0,0,0,0,3
"44",1,0,0,0,0,8
"45",1,0,0,0,0,1
"46",1,0,0,0,0,4
"47",1,0,0,0,0,6
"48",1,0,0,0,0,7
"49",1,0,0,0,0,18
"50",1,0,0,0,0,51
"51",1,0,0,0,0,2
"52",1,0,0,0,0,12
"53",1,0,0,0,0,7
"54",1,0,0,0,0,3
"55",1,0,0,0,0,7
"56",1,0,0,0,0,3
"57",1,0,0,0,0,8
"58",1,0,0,0,0,4
"59",1,0,0,0,0,40
"60",1,0,0,0,0,10
"61",1,0,0,0,0,2
"62",1,0,0,0,0,6
"63",1,0,0,0,0,21
"64",1,0,0,0,0,7
"65",1,0,0,0,0,6
"66",1,0,0,0,0,1
"67",1,0,0,0,0,3
"68",1,0,0,0,0,2
"69",1,0,0,0,0,14
"70",1,0,0,0,0,8
"71",1,0,0,0,0,3
"72",1,0,0,0,0,2
"73",1,0,0,0,0,2
"74",1,0,0,0,0,18
"75",1,0,0,0,0,3
"76",1,0,0,0,0,21
"77",1,0,0,0,0,5
"78",1,0,0,0,0,1
"79",1,0,0,0,0,2
"80",1,0,0,0,0,5
"81",1,0,0,0,0,1
"82",1,0,0,0,0,3
"83",1,0,0,0,0,3
"84",1,0,0,0,0,38
"85",1,0,0,0,0,3
"86",1,0,0,0,0,7
"87",1,0,0,0,0,30
"88",1,0,0,0,0,6
"89",1,0,0,0,0,1
"90",1,0,0,0,0,4
"91",1,0,0,0,0,40
"92",1,0,0,0,0,7
"93",1,0,0,0,0,22
"94",1,0,0,0,0,11
"95",1,0,0,0,0,11
"96",1,0,0,0,0,1
"97",1,0,0,0,0,5
"98",1,0,0,0,0,7
"99",1,0,0,0,0,22
"100",1,0,0,0,0,9
"101",1,0,0,0,0,8
"102",1,0,0,0,0,3
"103",1,0,0,0,0,7
"104",1,0,0,0,0,8
"105",1,0,0,0,0,5
"106",1,0,0,0,0,58
"107",1,0,0,0,0,3
"108",1,0,0,0,0,4
"109",1,0,0,0,0,1
"110",1,0,0,0,0,3
"111",1,0,0,0,0,31
"112",1,0,0,0,0,2
"113",1,0,0,0,0,21
"114",1,0,0,0,0,2
"115",1,0,0,0,0,42
"116",1,0,0,0,0,2
"117",1,0,0,0,0,4
"118",1,0,0,0,0,2
"119",1,0,0,0,0,3
"120",1,0,0,0,0,2
"121",1,0,0,0,0,7
"122",1,0,0,0,0,2
"123",1,0,0,0,0,2
"124",1,0,0,0,0,8
"125",1,0,0,0,0,2
"126",1,0,0,0,0,1
"127",1,0,0,0,0,4
"128",1,0,0,0,0,18
"129",1,0,0,0,0,2
"130",1,0,0,0,0,4
"131",1,0,0,0,0,60
"132",1,0,0,0,0,4
"133",1,0,0,0,0,6
"134",1,0,0,0,0,3
"135",1,0,0,0,0,4
"136",1,0,0,0,0,4
"137",1,0,0,0,0,2
"138",1,0,0,0,0,5
"139",1,0,0,0,0,5
"140",1,0,0,0,0,2
"141",1,0,0,0,0,11
"142",1,0,0,0,0,6
"143",1,0,0,0,0,39
"144",1,0,0,0,0,38
"145",1,0,0,0,0,3
"146",1,0,0,0,0,2
"147",1,0,0,0,0,12
"148",1,0,0,0,0,7
"149",1,0,0,0,0,3
"150",1,0,0,0,0,5
"151",1,0,0,0,0,4
"152",1,0,0,0,0,80
"153",1,0,0,0,0,7
"154",1,0,0,0,0,7
"155",1,0,0,0,0,3
"156",1,0,0,0,0,8
"157",1,0,0,0,0,4
"158",1,0,0,0,0,10
"159",1,0,0,0,0,40
"160",1,0,0,0,0,10
"161",1,0,0,0,0,2
"162",1,0,0,0,0,6
"163",1,0,0,0,0,60
"164",1,0,0,0,0,5
"165",1,0,0,0,0,15
"166",1,0,0,0,0,10
"167",1,0,0,0,0,6
"168",1,0,0,0,0,6
"169",1,0,0,0,0,5
"170",1,0,0,0,0,7
"171",1,0,0,0,0,16
"172",1,0,0,0,0,5
"173",1,0,0,0,0,2
"174",1,0,0,0,0,1
"175",1,0,0,0,0,3
"176",1,0,0,0,0,5
"177",1,0,0,0,0,5
"178",1,0,0,0,0,13
"179",1,0,0,0,0,2
"180",1,0,0,0,0,84
"181",1,0,0,0,0,11
"182",1,0,0,0,0,36
"183",1,0,0,0,0,2
"184",1,0,0,0,0,3
"185",1,0,0,0,0,4
"186",1,0,0,0,0,21
"187",1,0,0,0,0,16
"188",1,0,0,0,0,11
"189",1,0,0,0,0,2
"190",1,0,0,0,0,2
"191",1,0,0,0,0,5
"192",1,0,0,0,0,2
"193",1,0,0,0,0,7
"194",1,0,0,0,0,21
"195",1,0,0,0,0,1
"196",1,0,0,0,0,3
"197",1,0,0,0,0,2
"198",1,0,0,0,0,5
"199",1,0,0,0,0,3
"200",1,0,0,0,0,20
"201",1,0,0,0,0,9
"202",1,0,0,0,0,9
"203",1,0,0,0,0,4
"204",1,0,0,0,0,6
"205",1,0,0,0,0,4
"206",1,0,0,0,0,4
"207",1,0,0,0,0,12
"208",1,0,0,0,0,3
"209",1,0,0,0,0,2
"210",1,0,0,0,0,4
"211",1,0,0,0,0,5
"212",1,0,0,0,0,7
"213",1,0,0,0,0,20
"214",1,0,0,0,0,3
"215",1,0,0,0,0,10
"216",1,0,0,0,0,6
"217",1,0,0,0,0,4
"218",1,0,0,0,0,14
"219",1,0,0,0,0,2
"220",1,0,0,0,0,4
"221",1,0,0,0,0,2
"222",1,0,0,0,0,2
"223",1,0,0,0,0,2
"224",1,0,0,0,0,24
"225",1,0,0,0,0,4
"226",1,0,0,0,0,2
"227",1,0,0,0,0,10
"228",1,0,0,0,0,14
"229",1,0,0,0,0,4
"230",1,0,0,0,0,1
"231",1,0,0,0,0,2
"232",1,0,0,0,0,5
"233",1,0,0,0,0,7
"234",1,0,0,0,0,2
"235",1,0,0,0,0,10
"236",1,0,0,0,0,5
"237",1,0,0,0,0,2
"238",1,0,0,0,0,1
"239",1,0,0,0,0,5
"240",1,0,0,0,0,6
"241",1,0,0,0,0,21
"242",1,0,0,0,0,4
"243",1,0,0,0,0,29
"244",1,0,0,0,0,13
"245",1,0,0,0,0,6
"246",1,0,0,0,0,2
"247",1,0,0,0,0,4
"248",1,0,0,0,0,7
"249",1,0,0,0,0,5
"250",1,0,0,0,0,8
"251",1,0,0,0,0,8
"252",1,0,0,0,0,3
"253",1,0,0,0,0,7
"254",1,0,0,0,0,3
"255",1,0,0,0,0,4
"256",1,0,0,0,0,4
"257",1,0,0,0,0,4
"258",1,0,0,0,0,10
"259",1,0,0,0,0,3
"260",1,0,0,0,0,1
"261",1,0,0,0,0,14
"262",1,0,0,0,0,26
"263",1,0,0,0,0,7
"264",1,0,0,0,0,37
"265",1,0,0,0,0,93
"266",1,0,0,0,0,10
"267",1,0,0,0,0,4
"268",1,0,0,0,0,30
"269",1,0,0,0,0,2
"270",1,0,0,0,0,53
"271",1,0,0,0,0,7
"272",1,0,0,0,0,19
"273",1,0,0,0,0,2
"274",1,0,0,0,0,3
"275",1,0,0,0,0,15
"276",1,0,0,0,0,4
"277",1,0,0,0,0,2
"278",1,0,0,0,0,7
"279",1,0,0,0,0,3
"280",1,0,0,0,0,11
"281",1,0,0,0,0,21
"282",1,0,0,0,0,1
"283",1,0,0,0,0,2
"284",1,0,0,0,0,14
"285",1,0,0,0,0,1
"286",1,0,0,0,0,2
"287",1,0,0,0,0,8
"288",1,0,0,0,0,10
"289",1,0,0,0,0,7
"290",1,0,0,0,0,37
"291",1,0,0,0,0,5
"292",1,0,0,0,0,3
"293",1,0,0,0,0,4
"294",1,0,0,0,0,1
"295",1,0,0,0,0,19
"296",1,0,0,0,0,30
"297",1,0,0,0,0,3
"298",1,0,0,0,0,8
"299",1,0,0,0,0,2
"300",1,0,0,0,0,27
"301",1,0,0,0,0,5
"302",1,0,0,0,0,7
"303",1,0,0,0,0,21
"304",1,0,0,0,0,3
"305",1,0,0,0,0,14
"306",1,0,0,0,0,4
"307",1,0,0,0,0,2
"308",1,0,0,0,0,3
"309",1,0,0,0,0,2
"310",1,0,0,0,0,12
"311",1,0,0,0,0,2
"312",1,0,0,0,0,3
"313",1,0,0,0,0,2
"314",1,0,0,0,0,5
"315",1,0,0,0,0,3
"316",1,0,0,0,0,5
"317",1,0,0,0,0,3
"318",1,0,0,0,0,5
"319",1,0,0,0,0,2
"320",1,0,0,0,0,4
"321",1,0,0,0,0,2
"322",1,0,0,0,0,30
"323",1,0,0,0,0,7
"324",1,0,0,0,0,77
"325",1,0,0,0,0,9
"326",1,0,0,0,0,2
"327",1,0,0,0,0,5
"328",1,0,0,0,0,3
"329",1,0,0,0,0,5
"330",1,0,0,0,0,3
"331",1,0,0,0,0,3
"332",1,0,0,0,0,4
"333",1,0,0,0,0,11
"334",1,0,0,0,0,6
"335",1,0,0,0,0,8
"336",1,0,0,0,0,3
"337",1,0,0,0,0,4
"338",1,0,0,0,0,2
"339",1,0,0,0,0,9
"340",1,0,0,0,0,3
"341",1,0,0,0,0,3
"342",1,0,0,0,0,3
"343",1,0,0,0,0,6
"344",1,0,0,0,0,2
"345",1,0,0,0,0,2
"346",1,0,0,0,0,1
"347",1,0,0,0,0,4
"348",1,0,0,0,0,4
"349",1,0,0,0,0,2
"350",1,0,0,0,0,4
"351",1,0,0,0,0,2
"352",1,0,0,0,0,7
"353",1,0,0,0,0,3
"354",1,0,0,0,0,5
"355",1,0,0,0,0,10
"356",1,0,0,0,0,2
"357",1,0,0,0,0,7
"358",1,0,0,0,0,36
"359",1,0,0,0,0,10
"360",1,0,0,0,0,4
"361",1,0,0,0,0,4
"362",1,0,0,0,0,8
"363",1,0,0,0,0,4
"364",1,0,0,0,0,4
"365",1,0,0,0,0,13
"366",1,0,0,0,0,2
"367",1,0,0,0,0,8
"368",1,0,0,0,0,15
"369",1,0,0,0,0,3
"370",1,0,0,0,0,5
"371",1,0,0,0,0,5
"372",1,0,0,0,0,4
"373",1,0,0,0,0,5
"374",1,0,0,0,0,18
"375",1,0,0,0,0,5
"376",1,0,0,0,0,4
"377",1,0,0,0,0,3
"378",1,0,0,0,0,1
"379",1,0,0,0,0,1
"380",1,0,0,0,0,2
"381",1,0,0,0,0,3
"382",1,0,0,0,0,3
"383",1,0,0,0,0,2
"384",1,0,0,0,0,14
"385",1,0,0,0,0,5
"386",1,0,0,0,0,5
"387",1,0,0,0,0,1
"388",1,0,0,0,0,7
"389",1,0,0,0,0,3
"390",1,0,0,0,0,22
"391",1,0,0,0,0,5
"392",1,0,0,0,0,4
"393",1,0,0,0,0,20
"394",1,0,0,0,0,7
"395",1,0,0,0,0,3
"396",1,0,0,0,0,19
"397",1,0,0,0,0,1
"398",1,0,0,0,0,21
"399",1,0,0,0,0,2
"400",1,0,0,0,0,5
"401",1,0,0,0,0,3
"402",1,0,0,0,0,19
"403",1,0,0,0,0,21
"404",1,0,0,0,0,4
"405",1,0,0,0,0,18
"406",1,0,0,0,0,4
"407",1,0,0,0,0,3
"408",1,0,0,0,0,6
"409",1,0,0,0,0,3
"410",1,0,0,0,0,4
"411",1,0,0,0,0,9
"412",1,0,0,0,0,11
"413",1,0,0,0,0,3
"414",1,0,0,0,0,20
"415",1,0,0,0,0,2
"416",1,0,0,0,0,4
"417",1,0,0,0,0,4
"418",1,0,0,0,0,4
"419",1,0,0,0,0,14
"420",1,0,0,0,0,7
"421",1,0,0,0,0,7
"422",1,0,0,0,0,3
"423",1,0,0,0,0,4
"424",1,0,0,0,0,3
"425",1,0,0,0,0,4
"426",1,0,0,0,0,2
"427",1,0,0,0,0,5
"428",1,0,0,0,0,3
"429",1,0,0,0,0,2
"430",1,0,0,0,0,3
"431",1,0,0,0,0,7
"432",1,0,0,0,0,6
"433",1,0,0,0,0,2
"434",1,0,0,0,0,16
"435",1,0,0,0,0,3
"436",1,0,0,0,0,2
"437",1,0,0,0,0,5
"438",1,0,0,0,0,2
"439",1,0,0,0,0,37
"440",1,0,0,0,0,6
"441",1,0,0,0,0,14
"442",1,0,0,0,0,6
"443",1,0,0,0,0,7
"444",1,0,0,0,0,3
"445",1,0,0,0,0,4
"446",1,0,0,0,0,6
"447",1,0,0,0,0,14
"448",1,0,0,0,0,120
"449",1,0,0,0,0,3
"450",1,0,0,0,0,6
"451",1,0,0,0,0,10
"452",1,0,0,0,0,6
"453",1,0,0,0,0,15
"454",1,0,0,0,0,18
"455",1,0,0,0,0,3
"456",1,0,0,0,0,4
"457",1,0,0,0,0,5
"458",1,0,0,0,0,2
"459",1,0,0,0,0,3
"460",1,0,0,0,0,4
"461",1,0,0,0,0,180
"462",1,0,0,0,0,5
"463",1,0,0,0,0,5
"464",1,0,0,0,0,3
"465",1,0,0,0,0,16
"466",1,0,0,0,0,9
"467",1,0,0,0,0,4
"468",1,0,0,0,0,8
"469",1,0,0,0,0,2
"470",1,0,0,0,0,2
"471",1,0,0,0,0,30
"472",1,0,0,0,0,27
"473",1,0,0,0,0,6
"474",1,0,0,0,0,7
"475",1,0,0,0,0,7
"476",1,0,0,0,0,7
"477",1,0,0,0,0,2
"478",1,0,0,0,0,2
"479",1,0,0,0,0,3
"480",1,0,0,0,0,6
"481",1,0,0,0,0,4
"482",1,0,0,0,0,2
"483",1,0,0,0,0,2
"484",1,0,0,0,0,3
"485",1,0,0,0,0,3
"486",1,0,0,0,0,4
"487",1,0,0,0,0,5
"488",1,0,0,0,0,3
"489",1,0,0,0,0,10
"490",1,0,0,0,0,2
"491",1,0,0,0,0,2
"492",1,0,0,0,0,2
"493",1,0,0,0,0,10
"494",1,0,0,0,0,2
"495",1,0,0,0,0,3
"496",1,0,0,0,0,3
"497",1,0,0,0,0,3
"498",1,0,0,0,0,3
"499",1,0,0,0,0,2
"500",1,0,0,0,0,15
"501",1,0,0,0,0,5
"502",1,0,0,0,0,5
"503",1,0,0,0,0,7
"504",1,0,0,0,0,10
"505",1,0,0,0,0,3
"506",1,0,0,0,0,9
"507",1,0,0,0,0,3
"508",1,0,0,0,0,1
"509",1,0,0,0,0,2
"510",1,0,0,0,0,3
"511",1,0,0,0,0,18
"512",1,0,0,0,0,3
"513",1,0,0,0,0,11
"514",1,0,0,0,0,26
"515",1,0,0,0,0,8
"516",1,0,0,0,0,1
"517",1,0,0,0,0,5
"518",0,1,0,0,0,7
"519",0,1,0,0,0,3
"520",0,1,0,0,0,4
"521",0,1,0,0,0,10
"522",0,1,0,0,0,1
"523",0,1,0,0,0,10
"524",0,1,0,0,0,8
"525",0,1,0,0,0,6
"526",0,1,0,0,0,4
"527",0,1,0,0,0,6
"528",0,1,0,0,0,2
"529",0,1,0,0,0,2
"530",0,1,0,0,0,15
"531",0,1,0,0,0,7
"532",0,1,0,0,0,3
"533",0,1,0,0,0,5
"534",0,1,0,0,0,14
"535",0,1,0,0,0,4
"536",0,1,0,0,0,1
"537",0,1,0,0,0,12
"538",0,1,0,0,0,5
"539",0,1,0,0,0,1
"540",0,1,0,0,0,35
"541",0,1,0,0,0,3
"542",0,1,0,0,0,3
"543",0,1,0,0,0,11
"544",0,1,0,0,0,6
"545",0,1,0,0,0,5
"546",0,1,0,0,0,6
"547",0,1,0,0,0,4
"548",0,1,0,0,0,7
"549",0,1,0,0,0,8
"550",0,1,0,0,0,8
"551",0,1,0,0,0,2
"552",0,1,0,0,0,10
"553",0,1,0,0,0,3
"554",0,1,0,0,0,14
"555",0,1,0,0,0,7
"556",0,1,0,0,0,7
"557",0,1,0,0,0,3
"558",0,1,0,0,0,4
"559",0,1,0,0,0,10
"560",0,1,0,0,0,1
"561",0,1,0,0,0,10
"562",0,1,0,0,0,8
"563",0,1,0,0,0,5
"564",0,1,0,0,0,3
"565",0,1,0,0,0,3
"566",0,1,0,0,0,2
"567",0,1,0,0,0,3
"568",0,1,0,0,0,3
"569",0,1,0,0,0,6
"570",0,1,0,0,0,6
"571",0,1,0,0,0,21
"572",0,1,0,0,0,4
"573",0,1,0,0,0,6
"574",0,1,0,0,0,6
"575",0,1,0,0,0,2
"576",0,1,0,0,0,2
"577",0,1,0,0,0,3
"578",0,1,0,0,0,7
"579",0,1,0,0,0,4
"580",0,1,0,0,0,1
"581",0,1,0,0,0,4
"582",0,1,0,0,0,6
"583",0,1,0,0,0,7
"584",0,1,0,0,0,3
"585",0,1,0,0,0,7
"586",0,1,0,0,0,5
"587",0,1,0,0,0,6
"588",0,1,0,0,0,8
"589",0,1,0,0,0,4
"590",0,1,0,0,0,7
"591",0,1,0,0,0,7
"592",0,1,0,0,0,5
"593",0,1,0,0,0,10
"594",0,1,0,0,0,6
"595",0,1,0,0,0,10
"596",0,1,0,0,0,14
"597",0,1,0,0,0,7
"598",0,1,0,0,0,14
"599",0,1,0,0,0,4
"600",0,1,0,0,0,1
"601",0,1,0,0,0,12
"602",0,1,0,0,0,5
"603",0,1,0,0,0,6
"604",0,1,0,0,0,6
"605",0,1,0,0,0,35
"606",0,1,0,0,0,3
"607",0,1,0,0,0,3
"608",0,1,0,0,0,11
"609",0,1,0,0,0,5
"610",0,1,0,0,0,12
"611",0,1,0,0,0,7
"612",0,1,0,0,0,2
"613",0,1,0,0,0,5
"614",0,1,0,0,0,4
"615",0,1,0,0,0,5
"616",0,1,0,0,0,7
"617",0,1,0,0,0,9
"618",0,1,0,0,0,6
"619",0,1,0,0,0,14
"620",0,1,0,0,0,7
"621",0,1,0,0,0,3
"622",0,1,0,0,0,4
"623",0,1,0,0,0,3
"624",0,1,0,0,0,2
"625",0,1,0,0,0,3
"626",0,1,0,0,0,16
"627",0,1,0,0,0,10
"628",0,1,0,0,0,1
"629",0,1,0,0,0,9
"630",0,1,0,0,0,7
"631",0,1,0,0,0,18
"632",0,1,0,0,0,10
"633",0,1,0,0,0,8
"634",0,1,0,0,0,5
"635",0,1,0,0,0,4
"636",0,1,0,0,0,7
"637",0,1,0,0,0,2
"638",0,1,0,0,0,1
"639",0,1,0,0,0,8
"640",0,1,0,0,0,5
"641",0,1,0,0,0,3
"642",0,1,0,0,0,3
"643",0,1,0,0,0,4
"644",0,1,0,0,0,3
"645",0,1,0,0,0,2
"646",0,1,0,0,0,3
"647",0,1,0,0,0,3
"648",0,1,0,0,0,6
"649",0,1,0,0,0,5
"650",0,1,0,0,0,6
"651",0,1,0,0,0,4
"652",0,1,0,0,0,9
"653",0,1,0,0,0,7
"654",0,1,0,0,0,5
"655",0,1,0,0,0,5
"656",0,1,0,0,0,1
"657",0,1,0,0,0,30
"658",0,1,0,0,0,7
"659",0,1,0,0,0,1
"660",0,1,0,0,0,21
"661",0,1,0,0,0,1
"662",0,1,0,0,0,8
"663",0,1,0,0,0,14
"664",0,1,0,0,0,4
"665",0,1,0,0,0,16
"666",0,1,0,0,0,1
"667",0,1,0,0,0,2
"668",0,1,0,0,0,5
"669",0,1,0,0,0,6
"670",0,1,0,0,0,21
"671",0,1,0,0,0,2
"672",0,1,0,0,0,4
"673",0,1,0,0,0,6
"674",0,1,0,0,0,9
"675",0,1,0,0,0,2
"676",0,1,0,0,0,2
"677",0,1,0,0,0,3
"678",0,1,0,0,0,3
"679",0,1,0,0,0,6
"680",0,1,0,0,0,3
"681",0,1,0,0,0,8
"682",0,1,0,0,0,70
"683",0,1,0,0,0,3
"684",0,1,0,0,0,7
"685",0,1,0,0,0,4
"686",0,1,0,0,0,12
"687",0,1,0,0,0,7
"688",0,1,0,0,0,5
"689",0,1,0,0,0,1
"690",0,1,0,0,0,21
"691",0,1,0,0,0,2
"692",0,1,0,0,0,5
"693",0,1,0,0,0,1
"694",0,1,0,0,0,4
"695",0,1,0,0,0,5
"696",0,1,0,0,0,5
"697",0,1,0,0,0,4
"698",0,1,0,0,0,1
"699",0,1,0,0,0,4
"700",0,1,0,0,0,6
"701",0,1,0,0,0,7
"702",0,1,0,0,0,4
"703",0,1,0,0,0,3
"704",0,1,0,0,0,4
"705",0,1,0,0,0,7
"706",0,1,0,0,0,3
"707",0,1,0,0,0,7
"708",0,1,0,0,0,5
"709",0,1,0,0,0,6
"710",0,1,0,0,0,8
"711",0,1,0,0,0,8
"712",0,1,0,0,0,5
"713",0,1,0,0,0,7
"714",0,1,0,0,0,3
"715",0,1,0,0,0,7
"716",0,1,0,0,0,5
"717",0,1,0,0,0,9
"718",0,1,0,0,0,5
"719",0,1,0,0,0,10
"720",0,1,0,0,0,4
"721",0,1,0,0,0,31
"722",0,1,0,0,0,6
"723",0,1,0,0,0,9
"724",0,1,0,0,0,5
"725",0,1,0,0,0,7
"726",0,1,0,0,0,8
"727",0,1,0,0,0,2
"728",0,1,0,0,0,14
"729",0,1,0,0,0,2
"730",0,1,0,0,0,5
"731",0,1,0,0,0,4
"732",0,1,0,0,0,17
"733",0,1,0,0,0,4
"734",0,1,0,0,0,5
"735",0,1,0,0,0,2
"736",0,1,0,0,0,3
"737",0,1,0,0,0,3
"738",0,1,0,0,0,3
"739",0,1,0,0,0,3
"740",0,1,0,0,0,5
"741",0,1,0,0,0,10
"742",0,1,0,0,0,10
"743",0,1,0,0,0,6
"744",0,1,0,0,0,10
"745",0,1,0,0,0,14
"746",0,1,0,0,0,7
"747",0,1,0,0,0,2
"748",0,1,0,0,0,21
"749",0,1,0,0,0,1
"750",0,1,0,0,0,7
"751",0,1,0,0,0,3
"752",0,1,0,0,0,2
"753",0,1,0,0,0,3
"754",0,1,0,0,0,35
"755",0,1,0,0,0,14
"756",0,1,0,0,0,4
"757",0,1,0,0,0,1
"758",0,1,0,0,0,5
"759",0,1,0,0,0,5
"760",0,1,0,0,0,15
"761",0,1,0,0,0,3
"762",0,1,0,0,0,14
"763",0,1,0,0,0,3
"764",0,1,0,0,0,7
"765",0,1,0,0,0,17
"766",0,1,0,0,0,5
"767",0,1,0,0,0,6
"768",0,1,0,0,0,21
"769",0,1,0,0,0,5
"770",0,1,0,0,0,4
"771",0,1,0,0,0,3
"772",0,1,0,0,0,3
"773",0,1,0,0,0,5
"774",0,1,0,0,0,5
"775",0,1,0,0,0,7
"776",0,1,0,0,0,2
"777",0,1,0,0,0,37
"778",0,1,0,0,0,10
"779",0,1,0,0,0,4
"780",0,1,0,0,0,4
"781",0,1,0,0,0,3
"782",0,1,0,0,0,1
"783",0,1,0,0,0,6
"784",0,1,0,0,0,6
"785",0,1,0,0,0,35
"786",0,1,0,0,0,3
"787",0,1,0,0,0,3
"788",0,1,0,0,0,14
"789",0,1,0,0,0,11
"790",0,1,0,0,0,3
"791",0,1,0,0,0,5
"792",0,1,0,0,0,12
"793",0,1,0,0,0,4
"794",0,1,0,0,0,7
"795",0,1,0,0,0,2
"796",0,1,0,0,0,5
"797",0,1,0,0,0,4
"798",0,1,0,0,0,5
"799",0,1,0,0,0,7
"800",0,1,0,0,0,50
"801",0,1,0,0,0,3
"802",0,1,0,0,0,4
"803",0,1,0,0,0,12
"804",0,1,0,0,0,3
"805",0,1,0,0,0,1
"806",0,1,0,0,0,38
"807",0,1,0,0,0,3
"808",0,1,0,0,0,75
"809",0,1,0,0,0,7
"810",0,1,0,0,0,4
"811",0,1,0,0,0,2
"812",0,1,0,0,0,5
"813",0,1,0,0,0,10
"814",0,1,0,0,0,14
"815",0,1,0,0,0,10
"816",0,1,0,0,0,4
"817",0,1,0,0,0,9
"818",0,1,0,0,0,14
"819",0,1,0,0,0,4
"820",0,1,0,0,0,14
"821",0,1,0,0,0,90
"822",0,1,0,0,0,4
"823",0,1,0,0,0,1
"824",0,1,0,0,0,5
"825",0,1,0,0,0,7
"826",0,1,0,0,0,2
"827",0,1,0,0,0,8
"828",0,1,0,0,0,30
"829",0,1,0,0,0,10
"830",0,1,0,0,0,2
"831",0,1,0,0,0,33
"832",0,1,0,0,0,30
"833",0,1,0,0,0,4
"834",0,1,0,0,0,2
"835",0,1,0,0,0,6
"836",0,1,0,0,0,37
"837",0,1,0,0,0,20
"838",0,1,0,0,0,1
"839",0,1,0,0,0,5
"840",0,1,0,0,0,14
"841",0,1,0,0,0,3
"842",0,1,0,0,0,3
"843",0,1,0,0,0,9
"844",0,1,0,0,0,5
"845",0,1,0,0,0,2
"846",0,1,0,0,0,10
"847",0,1,0,0,0,7
"848",0,1,0,0,0,5
"849",0,1,0,0,0,1
"850",0,1,0,0,0,20
"851",0,1,0,0,0,10
"852",0,1,0,0,0,30
"853",0,1,0,0,0,2
"854",0,1,0,0,0,2
"855",0,1,0,0,0,12
"856",0,1,0,0,0,10
"857",0,1,0,0,0,5
"858",0,1,0,0,0,10
"859",0,1,0,0,0,2
"860",0,1,0,0,0,7
"861",0,1,0,0,0,5
"862",0,1,0,0,0,2
"863",0,1,0,0,0,6
"864",0,1,0,0,0,1
"865",0,1,0,0,0,10
"866",0,1,0,0,0,1
"867",0,1,0,0,0,3
"868",0,1,0,0,0,8
"869",0,1,0,0,0,12
"870",0,1,0,0,0,18
"871",0,1,0,0,0,6
"872",0,1,0,0,0,7
"873",0,1,0,0,0,23
"874",0,1,0,0,0,14
"875",0,1,0,0,0,3
"876",0,1,0,0,0,8
"877",0,1,0,0,0,5
"878",0,1,0,0,0,2
"879",0,1,0,0,0,5
"880",0,1,0,0,0,5
"881",0,1,0,0,0,2
"882",0,1,0,0,0,8
"883",0,1,0,0,0,14
"884",0,1,0,0,0,6
"885",0,1,0,0,0,7
"886",0,1,0,0,0,5
"887",0,1,0,0,0,126
"888",0,1,0,0,0,5
"889",0,1,0,0,0,4
"890",0,1,0,0,0,4
"891",0,1,0,0,0,8
"892",0,1,0,0,0,10
"893",0,1,0,0,0,2
"894",0,1,0,0,0,5
"895",0,1,0,0,0,7
"896",0,1,0,0,0,2
"897",0,1,0,0,0,8
"898",0,1,0,0,0,3
"899",0,1,0,0,0,2
"900",0,1,0,0,0,7
"901",0,1,0,0,0,5
"902",0,1,0,0,0,2
"903",0,1,0,0,0,3
"904",0,1,0,0,0,10
"905",0,1,0,0,0,3
"906",0,1,0,0,0,5
"907",0,1,0,0,0,3
"908",0,1,0,0,0,2
"909",0,1,0,0,0,4
"910",0,1,0,0,0,5
"911",0,1,0,0,0,3
"912",0,1,0,0,0,5
"913",0,1,0,0,0,6
"914",0,1,0,0,0,5
"915",0,1,0,0,0,3
"916",0,1,0,0,0,5
"917",0,1,0,0,0,3
"918",0,1,0,0,0,4
"919",0,1,0,0,0,4
"920",0,1,0,0,0,3
"921",0,1,0,0,0,6
"922",0,1,0,0,0,2
"923",0,1,0,0,0,4
"924",0,1,0,0,0,5
"925",0,1,0,0,0,16
"926",0,1,0,0,0,12
"927",0,1,0,0,0,7
"928",0,1,0,0,0,7
"929",0,1,0,0,0,12
"930",0,1,0,0,0,6
"931",0,1,0,0,0,4
"932",0,1,0,0,0,3
"933",0,1,0,0,0,2
"934",0,1,0,0,0,3
"935",0,1,0,0,0,50
"936",0,1,0,0,0,2
"937",0,1,0,0,0,4
"938",0,1,0,0,0,3
"939",0,1,0,0,0,3
"940",0,1,0,0,0,6
"941",0,1,0,0,0,2
"942",0,1,0,0,0,3
"943",0,1,0,0,0,10
"944",0,1,0,0,0,5
"945",0,1,0,0,0,7
"946",0,1,0,0,0,1
"947",0,1,0,0,0,3
"948",0,1,0,0,0,2
"949",0,1,0,0,0,3
"950",0,1,0,0,0,4
"951",0,1,0,0,0,5
"952",0,1,0,0,0,13
"953",0,1,0,0,0,9
"954",0,1,0,0,0,9
"955",0,1,0,0,0,4
"956",0,1,0,0,0,4
"957",0,1,0,0,0,28
"958",0,1,0,0,0,10
"959",0,1,0,0,0,4
"960",0,1,0,0,0,2
"961",0,1,0,0,0,4
"962",0,1,0,0,0,5
"963",0,1,0,0,0,7
"964",0,1,0,0,0,4
"965",0,1,0,0,0,2
"966",0,1,0,0,0,3
"967",0,1,0,0,0,3
"968",0,1,0,0,0,2
"969",0,1,0,0,0,3
"970",0,1,0,0,0,3
"971",0,1,0,0,0,8
"972",0,1,0,0,0,3
"973",0,1,0,0,0,7
"974",0,1,0,0,0,7
"975",0,1,0,0,0,2
"976",0,1,0,0,0,3
"977",0,1,0,0,0,9
"978",0,1,0,0,0,4
"979",0,1,0,0,0,2
"980",0,1,0,0,0,13
"981",0,1,0,0,0,11
"982",0,1,0,0,0,3
"983",0,1,0,0,0,7
"984",0,1,0,0,0,126
"985",0,1,0,0,0,1
"986",0,1,0,0,0,38
"987",0,1,0,0,0,10
"988",0,1,0,0,0,5
"989",0,1,0,0,0,2
"990",0,1,0,0,0,4
"991",0,1,0,0,0,4
"992",0,1,0,0,0,4
"993",0,1,0,0,0,3
"994",0,1,0,0,0,5
"995",0,1,0,0,0,6
"996",0,1,0,0,0,3
"997",0,1,0,0,0,6
"998",0,1,0,0,0,7
"999",0,1,0,0,0,5
"1000",0,1,0,0,0,24
"1001",0,1,0,0,0,5
"1002",0,1,0,0,0,3
"1003",0,1,0,0,0,8
"1004",0,1,0,0,0,2
"1005",0,1,0,0,0,10
"1006",0,1,0,0,0,15
"1007",0,1,0,0,0,4
"1008",0,1,0,0,0,4
"1009",0,1,0,0,0,8
"1010",0,1,0,0,0,5
"1011",0,1,0,0,0,5
"1012",0,1,0,0,0,2
"1013",0,1,0,0,0,14
"1014",0,1,0,0,0,5
"1015",0,1,0,0,0,3
"1016",0,1,0,0,0,2
"1017",0,1,0,0,0,4
"1018",0,1,0,0,0,2
"1019",0,1,0,0,0,3
"1020",0,1,0,0,0,1
"1021",0,1,0,0,0,10
"1022",0,1,0,0,0,1
"1023",0,1,0,0,0,3
"1024",0,1,0,0,0,2
"1025",0,1,0,0,0,10
"1026",0,1,0,0,0,3
"1027",0,1,0,0,0,5
"1028",0,1,0,0,0,10
"1029",0,1,0,0,0,6
"1030",0,1,0,0,0,6
"1031",0,1,0,0,0,36
"1032",0,1,0,0,0,12
"1033",0,1,0,0,0,11
"1034",0,1,0,0,0,8
"1035",0,1,0,0,0,4
"1036",0,1,0,0,0,6
"1037",0,1,0,0,0,5
"1038",0,1,0,0,0,5
"1039",0,1,0,0,0,4
"1040",0,1,0,0,0,3
"1041",0,1,0,0,0,5
"1042",0,1,0,0,0,12
"1043",0,1,0,0,0,6
"1044",0,1,0,0,0,10
"1045",0,1,0,0,0,7
"1046",0,1,0,0,0,6
"1047",0,1,0,0,0,7
"1048",0,1,0,0,0,12
"1049",0,1,0,0,0,6
"1050",0,1,0,0,0,4
"1051",0,1,0,0,0,2
"1052",0,1,0,0,0,5
"1053",0,1,0,0,0,2
"1054",0,1,0,0,0,4
"1055",0,1,0,0,0,5
"1056",0,1,0,0,0,12
"1057",0,1,0,0,0,5
"1058",0,1,0,0,0,5
"1059",0,1,0,0,0,12
"1060",0,1,0,0,0,19
"1061",0,1,0,0,0,3
"1062",0,1,0,0,0,2
"1063",0,1,0,0,0,11
"1064",0,1,0,0,0,4
"1065",0,1,0,0,0,10
"1066",0,1,0,0,0,10
"1067",0,1,0,0,0,5
"1068",0,1,0,0,0,5
"1069",0,1,0,0,0,3
"1070",0,1,0,0,0,9
"1071",0,1,0,0,0,3
"1072",0,1,0,0,0,7
"1073",0,1,0,0,0,7
"1074",0,1,0,0,0,10
"1075",0,1,0,0,0,2
"1076",0,1,0,0,0,3
"1077",0,1,0,0,0,4
"1078",0,1,0,0,0,6
"1079",0,1,0,0,0,7
"1080",0,1,0,0,0,4
"1081",0,1,0,0,0,2
"1082",0,1,0,0,0,7
"1083",0,1,0,0,0,45
"1084",0,1,0,0,0,3
"1085",0,1,0,0,0,1
"1086",0,1,0,0,0,2
"1087",0,1,0,0,0,3
"1088",0,1,0,0,0,5
"1089",0,1,0,0,0,5
"1090",0,1,0,0,0,2
"1091",0,1,0,0,0,5
"1092",0,1,0,0,0,5
"1093",0,1,0,0,0,7
"1094",0,1,0,0,0,14
"1095",0,1,0,0,0,7
"1096",0,1,0,0,0,2
"1097",0,1,0,0,0,3
"1098",0,1,0,0,0,5
"1099",0,1,0,0,0,5
"1100",0,1,0,0,0,2
"1101",0,1,0,0,0,7
"1102",0,1,0,0,0,3
"1103",0,1,0,0,0,8
"1104",0,1,0,0,0,5
"1105",0,1,0,0,0,2
"1106",0,1,0,0,0,44
"1107",0,1,0,0,0,6
"1108",0,1,0,0,0,7
"1109",0,1,0,0,0,7
"1110",0,1,0,0,0,7
"1111",0,1,0,0,0,1
"1112",0,0,1,0,0,3
"1113",0,0,1,0,0,11
"1114",0,0,1,0,0,7
"1115",0,0,1,0,0,7
"1116",0,0,1,0,0,8
"1117",0,0,1,0,0,9
"1118",0,0,1,0,0,4
"1119",0,0,1,0,0,9
"1120",0,0,1,0,0,3
"1121",0,0,1,0,0,4
"1122",0,0,1,0,0,10
"1123",0,0,1,0,0,7
"1124",0,0,1,0,0,1
"1125",0,0,1,0,0,4
"1126",0,0,1,0,0,3
"1127",0,0,1,0,0,7
"1128",0,0,1,0,0,4
"1129",0,0,1,0,0,17
"1130",0,0,1,0,0,3
"1131",0,0,1,0,0,5
"1132",0,0,1,0,0,8
"1133",0,0,1,0,0,4
"1134",0,0,1,0,0,4
"1135",0,0,1,0,0,5
"1136",0,0,1,0,0,6
"1137",0,0,1,0,0,4
"1138",0,0,1,0,0,12
"1139",0,0,1,0,0,2
"1140",0,0,1,0,0,14
"1141",0,0,1,0,0,6
"1142",0,0,1,0,0,5
"1143",0,0,1,0,0,8
"1144",0,0,1,0,0,14
"1145",0,0,1,0,0,21
"1146",0,0,1,0,0,4
"1147",0,0,1,0,0,24
"1148",0,0,1,0,0,15
"1149",0,0,1,0,0,30
"1150",0,0,1,0,0,10
"1151",0,0,1,0,0,6
"1152",0,0,1,0,0,3
"1153",0,0,1,0,0,11
"1154",0,0,1,0,0,7
"1155",0,0,1,0,0,7
"1156",0,0,1,0,0,8
"1157",0,0,1,0,0,10
"1158",0,0,1,0,0,7
"1159",0,0,1,0,0,7
"1160",0,0,1,0,0,5
"1161",0,0,1,0,0,4
"1162",0,0,1,0,0,7
"1163",0,0,1,0,0,20
"1164",0,0,1,0,0,6
"1165",0,0,1,0,0,4
"1166",0,0,1,0,0,25
"1167",0,0,1,0,0,5
"1168",0,0,1,0,0,4
"1169",0,0,1,0,0,5
"1170",0,0,1,0,0,7
"1171",0,0,1,0,0,3
"1172",0,0,1,0,0,5
"1173",0,0,1,0,0,3
"1174",0,0,1,0,0,5
"1175",0,0,1,0,0,6
"1176",0,0,1,0,0,1
"1177",0,0,1,0,0,4
"1178",0,0,1,0,0,4
"1179",0,0,1,0,0,2
"1180",0,0,1,0,0,5
"1181",0,0,1,0,0,6
"1182",0,0,1,0,0,11
"1183",0,0,1,0,0,5
"1184",0,0,1,0,0,5
"1185",0,0,1,0,0,8
"1186",0,0,1,0,0,7
"1187",0,0,1,0,0,8
"1188",0,0,1,0,0,7
"1189",0,0,1,0,0,3
"1190",0,0,1,0,0,5
"1191",0,0,1,0,0,24
"1192",0,0,1,0,0,10
"1193",0,0,1,0,0,13
"1194",0,0,1,0,0,8
"1195",0,0,1,0,0,7
"1196",0,0,1,0,0,17
"1197",0,0,1,0,0,3
"1198",0,0,1,0,0,5
"1199",0,0,1,0,0,8
"1200",0,0,1,0,0,4
"1201",0,0,1,0,0,4
"1202",0,0,1,0,0,2
"1203",0,0,1,0,0,5
"1204",0,0,1,0,0,6
"1205",0,0,1,0,0,4
"1206",0,0,1,0,0,12
"1207",0,0,1,0,0,8
"1208",0,0,1,0,0,17
"1209",0,0,1,0,0,12
"1210",0,0,1,0,0,3
"1211",0,0,1,0,0,5
"1212",0,0,1,0,0,3
"1213",0,0,1,0,0,3
"1214",0,0,1,0,0,4
"1215",0,0,1,0,0,5
"1216",0,0,1,0,0,3
"1217",0,0,1,0,0,3
"1218",0,0,1,0,0,10
"1219",0,0,1,0,0,2
"1220",0,0,1,0,0,3
"1221",0,0,1,0,0,11
"1222",0,0,1,0,0,7
"1223",0,0,1,0,0,3
"1224",0,0,1,0,0,6
"1225",0,0,1,0,0,45
"1226",0,0,1,0,0,3
"1227",0,0,1,0,0,7
"1228",0,0,1,0,0,12
"1229",0,0,1,0,0,11
"1230",0,0,1,0,0,5
"1231",0,0,1,0,0,8
"1232",0,0,1,0,0,8
"1233",0,0,1,0,0,5
"1234",0,0,1,0,0,1
"1235",0,0,1,0,0,6
"1236",0,0,1,0,0,20
"1237",0,0,1,0,0,7
"1238",0,0,1,0,0,7
"1239",0,0,1,0,0,5
"1240",0,0,1,0,0,6
"1241",0,0,1,0,0,6
"1242",0,0,1,0,0,4
"1243",0,0,1,0,0,7
"1244",0,0,1,0,0,20
"1245",0,0,1,0,0,6
"1246",0,0,1,0,0,6
"1247",0,0,1,0,0,5
"1248",0,0,1,0,0,12
"1249",0,0,1,0,0,11
"1250",0,0,1,0,0,8
"1251",0,0,1,0,0,90
"1252",0,0,1,0,0,19
"1253",0,0,1,0,0,2
"1254",0,0,1,0,0,9
"1255",0,0,1,0,0,15
"1256",0,0,1,0,0,4
"1257",0,0,1,0,0,2
"1258",0,0,1,0,0,3
"1259",0,0,1,0,0,1
"1260",0,0,1,0,0,2
"1261",0,0,1,0,0,3
"1262",0,0,1,0,0,7
"1263",0,0,1,0,0,10
"1264",0,0,1,0,0,1
"1265",0,0,1,0,0,4
"1266",0,0,1,0,0,2
"1267",0,0,1,0,0,3
"1268",0,0,1,0,0,3
"1269",0,0,1,0,0,4
"1270",0,0,1,0,0,4
"1271",0,0,1,0,0,25
"1272",0,0,1,0,0,14
"1273",0,0,1,0,0,5
"1274",0,0,1,0,0,5
"1275",0,0,1,0,0,4
"1276",0,0,1,0,0,5
"1277",0,0,1,0,0,7
"1278",0,0,1,0,0,3
"1279",0,0,1,0,0,5
"1280",0,0,1,0,0,3
"1281",0,0,1,0,0,2
"1282",0,0,1,0,0,7
"1283",0,0,1,0,0,5
"1284",0,0,1,0,0,7
"1285",0,0,1,0,0,10
"1286",0,0,1,0,0,5
"1287",0,0,1,0,0,6
"1288",0,0,1,0,0,7
"1289",0,0,1,0,0,12
"1290",0,0,1,0,0,10
"1291",0,0,1,0,0,1
"1292",0,0,1,0,0,4
"1293",0,0,1,0,0,2
"1294",0,0,1,0,0,13
"1295",0,0,1,0,0,13
"1296",0,0,1,0,0,4
"1297",0,0,1,0,0,5
"1298",0,0,1,0,0,3
"1299",0,0,1,0,0,14
"1300",0,0,1,0,0,3
"1301",0,0,1,0,0,4
"1302",0,0,1,0,0,2
"1303",0,0,1,0,0,5
"1304",0,0,1,0,0,6
"1305",0,0,1,0,0,11
"1306",0,0,1,0,0,1
"1307",0,0,1,0,0,2
"1308",0,0,1,0,0,2
"1309",0,0,1,0,0,51
"1310",0,0,1,0,0,4
"1311",0,0,1,0,0,8
"1312",0,0,1,0,0,5
"1313",0,0,1,0,0,5
"1314",0,0,1,0,0,8
"1315",0,0,1,0,0,8
"1316",0,0,1,0,0,14
"1317",0,0,1,0,0,8
"1318",0,0,1,0,0,11
"1319",0,0,1,0,0,4
"1320",0,0,1,0,0,3
"1321",0,0,1,0,0,8
"1322",0,0,1,0,0,72
"1323",0,0,1,0,0,10
"1324",0,0,1,0,0,19
"1325",0,0,1,0,0,2
"1326",0,0,1,0,0,3
"1327",0,0,1,0,0,23
"1328",0,0,1,0,0,62
"1329",0,0,1,0,0,7
"1330",0,0,1,0,0,16
"1331",0,0,1,0,0,9
"1332",0,0,1,0,0,5
"1333",0,0,1,0,0,6
"1334",0,0,1,0,0,3
"1335",0,0,1,0,0,4
"1336",0,0,1,0,0,1
"1337",0,0,1,0,0,3
"1338",0,0,1,0,0,35
"1339",0,0,1,0,0,180
"1340",0,0,1,0,0,6
"1341",0,0,1,0,0,9
"1342",0,0,1,0,0,3
"1343",0,0,1,0,0,3
"1344",0,0,1,0,0,3
"1345",0,0,1,0,0,8
"1346",0,0,1,0,0,2
"1347",0,0,1,0,0,20
"1348",0,0,1,0,0,17
"1349",0,0,1,0,0,24
"1350",0,0,1,0,0,10
"1351",0,0,1,0,0,13
"1352",0,0,1,0,0,8
"1353",0,0,1,0,0,7
"1354",0,0,1,0,0,2
"1355",0,0,1,0,0,4
"1356",0,0,1,0,0,1
"1357",0,0,1,0,0,60
"1358",0,0,1,0,0,13
"1359",0,0,1,0,0,7
"1360",0,0,1,0,0,18
"1361",0,0,1,0,0,21
"1362",0,0,1,0,0,17
"1363",0,0,1,0,0,3
"1364",0,0,1,0,0,5
"1365",0,0,1,0,0,8
"1366",0,0,1,0,0,4
"1367",0,0,1,0,0,12
"1368",0,0,1,0,0,4
"1369",0,0,1,0,0,7
"1370",0,0,1,0,0,10
"1371",0,0,1,0,0,5
"1372",0,0,1,0,0,6
"1373",0,0,1,0,0,17
"1374",0,0,1,0,0,2
"1375",0,0,1,0,0,3
"1376",0,0,1,0,0,4
"1377",0,0,1,0,0,5
"1378",0,0,1,0,0,5
"1379",0,0,1,0,0,7
"1380",0,0,1,0,0,5
"1381",0,0,1,0,0,7
"1382",0,0,1,0,0,18
"1383",0,0,1,0,0,6
"1384",0,0,1,0,0,5
"1385",0,0,1,0,0,5
"1386",0,0,1,0,0,8
"1387",0,0,1,0,0,5
"1388",0,0,1,0,0,2
"1389",0,0,1,0,0,6
"1390",0,0,1,0,0,2
"1391",0,0,1,0,0,6
"1392",0,0,1,0,0,3
"1393",0,0,1,0,0,3
"1394",0,0,1,0,0,4
"1395",0,0,1,0,0,5
"1396",0,0,1,0,0,5
"1397",0,0,1,0,0,6
"1398",0,0,1,0,0,4
"1399",0,0,1,0,0,7
"1400",0,0,1,0,0,12
"1401",0,0,1,0,0,5
"1402",0,0,1,0,0,8
"1403",0,0,1,0,0,12
"1404",0,0,1,0,0,12
"1405",0,0,1,0,0,3
"1406",0,0,1,0,0,5
"1407",0,0,1,0,0,3
"1408",0,0,1,0,0,3
"1409",0,0,1,0,0,4
"1410",0,0,1,0,0,4
"1411",0,0,1,0,0,1
"1412",0,0,1,0,0,4
"1413",0,0,1,0,0,15
"1414",0,0,1,0,0,4
"1415",0,0,1,0,0,5
"1416",0,0,1,0,0,10
"1417",0,0,1,0,0,7
"1418",0,0,1,0,0,13
"1419",0,0,1,0,0,5
"1420",0,0,1,0,0,5
"1421",0,0,1,0,0,3
"1422",0,0,1,0,0,5
"1423",0,0,1,0,0,5
"1424",0,0,1,0,0,6
"1425",0,0,1,0,0,15
"1426",0,0,1,0,0,14
"1427",0,0,1,0,0,6
"1428",0,0,1,0,0,18
"1429",0,0,1,0,0,5
"1430",0,0,1,0,0,7
"1431",0,0,1,0,0,4
"1432",0,0,1,0,0,4
"1433",0,0,1,0,0,6
"1434",0,0,1,0,0,11
"1435",0,0,1,0,0,2
"1436",0,0,1,0,0,11
"1437",0,0,1,0,0,4
"1438",0,0,1,0,0,5
"1439",0,0,1,0,0,3
"1440",0,0,1,0,0,2
"1441",0,0,1,0,0,2
"1442",0,0,1,0,0,43
"1443",0,0,1,0,0,14
"1444",0,0,1,0,0,10
"1445",0,0,1,0,0,2
"1446",0,0,1,0,0,6
"1447",0,0,1,0,0,65
"1448",0,0,1,0,0,5
"1449",0,0,1,0,0,4
"1450",0,0,1,0,0,11
"1451",0,0,1,0,0,4
"1452",0,0,1,0,0,51
"1453",0,0,1,0,0,9
"1454",0,0,1,0,0,3
"1455",0,0,1,0,0,24
"1456",0,0,1,0,0,3
"1457",0,0,1,0,0,37
"1458",0,0,1,0,0,9
"1459",0,0,1,0,0,22
"1460",0,0,1,0,0,5
"1461",0,0,1,0,0,14
"1462",0,0,1,0,0,4
"1463",0,0,1,0,0,5
"1464",0,0,1,0,0,6
"1465",0,0,1,0,0,2
"1466",0,0,1,0,0,3
"1467",0,0,1,0,0,2
"1468",0,0,1,0,0,4
"1469",0,0,1,0,0,5
"1470",0,0,1,0,0,22
"1471",0,0,1,0,0,4
"1472",0,0,1,0,0,42
"1473",0,0,1,0,0,4
"1474",0,0,1,0,0,5
"1475",0,0,1,0,0,4
"1476",0,0,1,0,0,1
"1477",0,0,1,0,0,3
"1478",0,0,1,0,0,2
"1479",0,0,1,0,0,3
"1480",0,0,1,0,0,4
"1481",0,0,1,0,0,2
"1482",0,0,1,0,0,6
"1483",0,0,1,0,0,12
"1484",0,0,1,0,0,7
"1485",0,0,1,0,0,2
"1486",0,0,1,0,0,3
"1487",0,0,1,0,0,8
"1488",0,0,1,0,0,9
"1489",0,0,1,0,0,2
"1490",0,0,1,0,0,5
"1491",0,0,1,0,0,3
"1492",0,0,1,0,0,2
"1493",0,0,1,0,0,4
"1494",0,0,1,0,0,1
"1495",0,0,1,0,0,1
"1496",0,0,1,0,0,8
"1497",0,0,1,0,0,5
"1498",0,0,1,0,0,8
"1499",0,0,1,0,0,4
"1500",0,0,1,0,0,28
"1501",0,0,1,0,0,2
"1502",0,0,1,0,0,5
"1503",0,0,1,0,0,6
"1504",0,0,1,0,0,2
"1505",0,0,1,0,0,3
"1506",0,0,1,0,0,3
"1507",0,0,1,0,0,2
"1508",0,0,1,0,0,4
"1509",0,0,1,0,0,2
"1510",0,0,1,0,0,2
"1511",0,0,1,0,0,3
"1512",0,0,1,0,0,2
"1513",0,0,1,0,0,6
"1514",0,0,1,0,0,8
"1515",0,0,1,0,0,4
"1516",0,0,1,0,0,2
"1517",0,0,1,0,0,7
"1518",0,0,1,0,0,7
"1519",0,0,1,0,0,15
"1520",0,0,1,0,0,35
"1521",0,0,1,0,0,2
"1522",0,0,1,0,0,11
"1523",0,0,1,0,0,6
"1524",0,0,1,0,0,6
"1525",0,0,1,0,0,7
"1526",0,0,1,0,0,19
"1527",0,0,1,0,0,4
"1528",0,0,1,0,0,4
"1529",0,0,1,0,0,5
"1530",0,0,1,0,0,10
"1531",0,0,1,0,0,4
"1532",0,0,1,0,0,4
"1533",0,0,1,0,0,2
"1534",0,0,1,0,0,4
"1535",0,0,1,0,0,6
"1536",0,0,1,0,0,3
"1537",0,0,1,0,0,4
"1538",0,0,1,0,0,4
"1539",0,0,1,0,0,7
"1540",0,0,1,0,0,7
"1541",0,0,1,0,0,9
"1542",0,0,1,0,0,7
"1543",0,0,1,0,0,5
"1544",0,0,1,0,0,8
"1545",0,0,1,0,0,5
"1546",0,0,1,0,0,5
"1547",0,0,1,0,0,8
"1548",0,0,1,0,0,8
"1549",0,0,1,0,0,4
"1550",0,0,1,0,0,4
"1551",0,0,1,0,0,2
"1552",0,0,1,0,0,3
"1553",0,0,1,0,0,7
"1554",0,0,1,0,0,5
"1555",0,0,1,0,0,3
"1556",0,0,1,0,0,4
"1557",0,0,1,0,0,3
"1558",0,0,1,0,0,3
"1559",0,0,1,0,0,6
"1560",0,0,1,0,0,12
"1561",0,0,1,0,0,3
"1562",0,0,1,0,0,4
"1563",0,0,1,0,0,5
"1564",0,0,1,0,0,8
"1565",0,0,1,0,0,7
"1566",0,0,1,0,0,7
"1567",0,0,1,0,0,5
"1568",0,0,1,0,0,5
"1569",0,0,1,0,0,3
"1570",0,0,1,0,0,11
"1571",0,0,1,0,0,20
"1572",0,0,1,0,0,7
"1573",0,0,1,0,0,5
"1574",0,0,1,0,0,7
"1575",0,0,1,0,0,2
"1576",0,0,1,0,0,8
"1577",0,0,1,0,0,4
"1578",0,0,1,0,0,4
"1579",0,0,1,0,0,3
"1580",0,0,1,0,0,2
"1581",0,0,1,0,0,2
"1582",0,0,1,0,0,4
"1583",0,0,1,0,0,55
"1584",0,0,1,0,0,4
"1585",0,0,1,0,0,5
"1586",0,0,1,0,0,3
"1587",0,0,1,0,0,12
"1588",0,0,1,0,0,16
"1589",0,0,1,0,0,2
"1590",0,0,1,0,0,4
"1591",0,0,1,0,0,2
"1592",0,0,1,0,0,10
"1593",0,0,1,0,0,25
"1594",0,0,1,0,0,4
"1595",0,0,1,0,0,14
"1596",0,0,1,0,0,20
"1597",0,0,1,0,0,28
"1598",0,0,1,0,0,4
"1599",0,0,1,0,0,5
"1600",0,0,1,0,0,5
"1601",0,0,1,0,0,2
"1602",0,0,1,0,0,2
"1603",0,0,1,0,0,5
"1604",0,0,1,0,0,5
"1605",0,0,1,0,0,10
"1606",0,0,1,0,0,10
"1607",0,0,1,0,0,15
"1608",0,0,1,0,0,3
"1609",0,0,1,0,0,5
"1610",0,0,1,0,0,10
"1611",0,0,1,0,0,5
"1612",0,0,1,0,0,8
"1613",0,0,1,0,0,3
"1614",0,0,1,0,0,10
"1615",0,0,1,0,0,4
"1616",0,0,1,0,0,6
"1617",0,0,1,0,0,2
"1618",0,0,1,0,0,6
"1619",0,0,1,0,0,5
"1620",0,0,1,0,0,15
"1621",0,0,1,0,0,6
"1622",0,0,1,0,0,2
"1623",0,0,1,0,0,12
"1624",0,0,1,0,0,10
"1625",0,0,1,0,0,5
"1626",0,0,1,0,0,5
"1627",0,0,1,0,0,1
"1628",0,0,1,0,0,40
"1629",0,0,1,0,0,4
"1630",0,0,1,0,0,4
"1631",0,0,1,0,0,4
"1632",0,0,1,0,0,2
"1633",0,0,1,0,0,7
"1634",0,0,1,0,0,5
"1635",0,0,1,0,0,3
"1636",0,0,1,0,0,2
"1637",0,0,1,0,0,10
"1638",0,0,1,0,0,4
"1639",0,0,1,0,0,3
"1640",0,0,1,0,0,2
"1641",0,0,1,0,0,7
"1642",0,0,1,0,0,7
"1643",0,0,1,0,0,5
"1644",0,0,1,0,0,3
"1645",0,0,1,0,0,30
"1646",0,0,1,0,0,7
"1647",0,0,1,0,0,16
"1648",0,0,1,0,0,4
"1649",0,0,1,0,0,4
"1650",0,0,1,0,0,5
"1651",0,0,1,0,0,3
"1652",0,0,1,0,0,4
"1653",0,0,1,0,0,9
"1654",0,0,1,0,0,10
"1655",0,0,1,0,0,6
"1656",0,0,1,0,0,16
"1657",0,0,1,0,0,5
"1658",0,0,1,0,0,3
"1659",0,0,1,0,0,14
"1660",0,0,1,0,0,5
"1661",0,0,1,0,0,4
"1662",0,0,1,0,0,5
"1663",0,0,1,0,0,7
"1664",0,0,1,0,0,2
"1665",0,0,1,0,0,2
"1666",0,0,1,0,0,3
"1667",0,0,1,0,0,8
"1668",0,0,1,0,0,10
"1669",0,0,1,0,0,3
"1670",0,0,1,0,0,6
"1671",0,0,1,0,0,3
"1672",0,0,1,0,0,6
"1673",0,0,1,0,0,42
"1674",0,0,1,0,0,35
"1675",0,0,1,0,0,2
"1676",0,0,1,0,0,24
"1677",0,0,1,0,0,10
"1678",0,0,1,0,0,8
"1679",0,0,1,0,0,8
"1680",0,0,1,0,0,7
"1681",0,0,1,0,0,7
"1682",0,0,1,0,0,2
"1683",0,0,1,0,0,3
"1684",0,0,1,0,0,6
"1685",0,0,1,0,0,13
"1686",0,0,1,0,0,14
"1687",0,0,1,0,0,3
"1688",0,0,1,0,0,3
"1689",0,0,1,0,0,6
"1690",0,0,1,0,0,4
"1691",0,0,1,0,0,4
"1692",0,0,1,0,0,6
"1693",0,0,1,0,0,3
"1694",0,0,1,0,0,4
"1695",0,0,1,0,0,6
"1696",0,0,1,0,0,37
"1697",0,0,1,0,0,3
"1698",0,0,1,0,0,9
"1699",0,0,1,0,0,3
"1700",0,0,1,0,0,3
"1701",0,0,1,0,0,13
"1702",0,0,1,0,0,3
"1703",0,0,1,0,0,7
"1704",0,0,1,0,0,4
"1705",0,0,1,0,0,8
"1706",0,0,1,0,0,2
"1707",0,0,1,0,0,4
"1708",0,0,1,0,0,8
"1709",0,0,1,0,0,10
"1710",0,0,1,0,0,4
"1711",0,0,1,0,0,3
"1712",0,0,1,0,0,5
"1713",0,0,1,0,0,3
"1714",0,0,1,0,0,1
"1715",0,0,1,0,0,4
"1716",0,0,1,0,0,2
"1717",0,0,1,0,0,2
"1718",0,0,1,0,0,3
"1719",0,0,1,0,0,16
"1720",0,0,1,0,0,9
"1721",0,0,1,0,0,7
"1722",0,0,1,0,0,3
"1723",0,0,1,0,0,2
"1724",0,0,1,0,0,5
"1725",0,0,1,0,0,3
"1726",0,0,0,1,0,3
"1727",0,0,0,1,0,7
"1728",0,0,0,1,0,6
"1729",0,0,0,1,0,39
"1730",0,0,0,1,0,17
"1731",0,0,0,1,0,15
"1732",0,0,0,1,0,14
"1733",0,0,0,1,0,26
"1734",0,0,0,1,0,17
"1735",0,0,0,1,0,15
"1736",0,0,0,1,0,6
"1737",0,0,0,1,0,3
"1738",0,0,0,1,0,8
"1739",0,0,0,1,0,4
"1740",0,0,0,1,0,4
"1741",0,0,0,1,0,9
"1742",0,0,0,1,0,18
"1743",0,0,0,1,0,1
"1744",0,0,0,1,0,11
"1745",0,0,0,1,0,7
"1746",0,0,0,1,0,43
"1747",0,0,0,1,0,5
"1748",0,0,0,1,0,10
"1749",0,0,0,1,0,5
"1750",0,0,0,1,0,6
"1751",0,0,0,1,0,9
"1752",0,0,0,1,0,6
"1753",0,0,0,1,0,12
"1754",0,0,0,1,0,14
"1755",0,0,0,1,0,13
"1756",0,0,0,1,0,15
"1757",0,0,0,1,0,21
"1758",0,0,0,1,0,11
"1759",0,0,0,1,0,15
"1760",0,0,0,1,0,41
"1761",0,0,0,1,0,39
"1762",0,0,0,1,0,12
"1763",0,0,0,1,0,9
"1764",0,0,0,1,0,3
"1765",0,0,0,1,0,7
"1766",0,0,0,1,0,6
"1767",0,0,0,1,0,39
"1768",0,0,0,1,0,16
"1769",0,0,0,1,0,15
"1770",0,0,0,1,0,7
"1771",0,0,0,1,0,6
"1772",0,0,0,1,0,8
"1773",0,0,0,1,0,8
"1774",0,0,0,1,0,3
"1775",0,0,0,1,0,4
"1776",0,0,0,1,0,3
"1777",0,0,0,1,0,16
"1778",0,0,0,1,0,26
"1779",0,0,0,1,0,6
"1780",0,0,0,1,0,15
"1781",0,0,0,1,0,6
"1782",0,0,0,1,0,4
"1783",0,0,0,1,0,4
"1784",0,0,0,1,0,10
"1785",0,0,0,1,0,12
"1786",0,0,0,1,0,7
"1787",0,0,0,1,0,9
"1788",0,0,0,1,0,17
"1789",0,0,0,1,0,1
"1790",0,0,0,1,0,40
"1791",0,0,0,1,0,5
"1792",0,0,0,1,0,6
"1793",0,0,0,1,0,12
"1794",0,0,0,1,0,13
"1795",0,0,0,1,0,13
"1796",0,0,0,1,0,14
"1797",0,0,0,1,0,12
"1798",0,0,0,1,0,36
"1799",0,0,0,1,0,20
"1800",0,0,0,1,0,29
"1801",0,0,0,1,0,7
"1802",0,0,0,1,0,7
"1803",0,0,0,1,0,8
"1804",0,0,0,1,0,11
"1805",0,0,0,1,0,9
"1806",0,0,0,1,0,18
"1807",0,0,0,1,0,1
"1808",0,0,0,1,0,11
"1809",0,0,0,1,0,7
"1810",0,0,0,1,0,12
"1811",0,0,0,1,0,9
"1812",0,0,0,1,0,5
"1813",0,0,0,1,0,43
"1814",0,0,0,1,0,5
"1815",0,0,0,1,0,10
"1816",0,0,0,1,0,10
"1817",0,0,0,1,0,3
"1818",0,0,0,1,0,5
"1819",0,0,0,1,0,4
"1820",0,0,0,1,0,5
"1821",0,0,0,1,0,5
"1822",0,0,0,1,0,180
"1823",0,0,0,1,0,2
"1824",0,0,0,1,0,7
"1825",0,0,0,1,0,3
"1826",0,0,0,1,0,7
"1827",0,0,0,1,0,6
"1828",0,0,0,1,0,6
"1829",0,0,0,1,0,14
"1830",0,0,0,1,0,12
"1831",0,0,0,1,0,5
"1832",0,0,0,1,0,39
"1833",0,0,0,1,0,18
"1834",0,0,0,1,0,26
"1835",0,0,0,1,0,20
"1836",0,0,0,1,0,16
"1837",0,0,0,1,0,15
"1838",0,0,0,1,0,12
"1839",0,0,0,1,0,21
"1840",0,0,0,1,0,18
"1841",0,0,0,1,0,62
"1842",0,0,0,1,0,7
"1843",0,0,0,1,0,6
"1844",0,0,0,1,0,8
"1845",0,0,0,1,0,7
"1846",0,0,0,1,0,10
"1847",0,0,0,1,0,8
"1848",0,0,0,1,0,3
"1849",0,0,0,1,0,5
"1850",0,0,0,1,0,3
"1851",0,0,0,1,0,9
"1852",0,0,0,1,0,9
"1853",0,0,0,1,0,8
"1854",0,0,0,1,0,7
"1855",0,0,0,1,0,10
"1856",0,0,0,1,0,11
"1857",0,0,0,1,0,11
"1858",0,0,0,1,0,20
"1859",0,0,0,1,0,10
"1860",0,0,0,1,0,20
"1861",0,0,0,1,0,7
"1862",0,0,0,1,0,21
"1863",0,0,0,1,0,2
"1864",0,0,0,1,0,5
"1865",0,0,0,1,0,5
"1866",0,0,0,1,0,4
"1867",0,0,0,1,0,3
"1868",0,0,0,1,0,67
"1869",0,0,0,1,0,20
"1870",0,0,0,1,0,19
"1871",0,0,0,1,0,16
"1872",0,0,0,1,0,26
"1873",0,0,0,1,0,20
"1874",0,0,0,1,0,6
"1875",0,0,0,1,0,15
"1876",0,0,0,1,0,8
"1877",0,0,0,1,0,6
"1878",0,0,0,1,0,6
"1879",0,0,0,1,0,4
"1880",0,0,0,1,0,10
"1881",0,0,0,1,0,5
"1882",0,0,0,1,0,5
"1883",0,0,0,1,0,6
"1884",0,0,0,1,0,7
"1885",0,0,0,1,0,10
"1886",0,0,0,1,0,12
"1887",0,0,0,1,0,7
"1888",0,0,0,1,0,19
"1889",0,0,0,1,0,4
"1890",0,0,0,1,0,5
"1891",0,0,0,1,0,9
"1892",0,0,0,1,0,8
"1893",0,0,0,1,0,15
"1894",0,0,0,1,0,8
"1895",0,0,0,1,0,2
"1896",0,0,0,1,0,6
"1897",0,0,0,1,0,5
"1898",0,0,0,1,0,17
"1899",0,0,0,1,0,1
"1900",0,0,0,1,0,5
"1901",0,0,0,1,0,1
"1902",0,0,0,1,0,40
"1903",0,0,0,1,0,5
"1904",0,0,0,1,0,90
"1905",0,0,0,1,0,36
"1906",0,0,0,1,0,6
"1907",0,0,0,1,0,12
"1908",0,0,0,1,0,13
"1909",0,0,0,1,0,13
"1910",0,0,0,1,0,15
"1911",0,0,0,1,0,14
"1912",0,0,0,1,0,12
"1913",0,0,0,1,0,15
"1914",0,0,0,1,0,36
"1915",0,0,0,1,0,39
"1916",0,0,0,1,0,34
"1917",0,0,0,1,0,5
"1918",0,0,0,1,0,24
"1919",0,0,0,1,0,41
"1920",0,0,0,1,0,36
"1921",0,0,0,1,0,21
"1922",0,0,0,1,0,14
"1923",0,0,0,1,0,21
"1924",0,0,0,1,0,32
"1925",0,0,0,1,0,30
"1926",0,0,0,1,0,10
"1927",0,0,0,1,0,30
"1928",0,0,0,1,0,5
"1929",0,0,0,1,0,2
"1930",0,0,0,1,0,5
"1931",0,0,0,1,0,91
"1932",0,0,0,1,0,2
"1933",0,0,0,1,0,4
"1934",0,0,0,1,0,4
"1935",0,0,0,1,0,3
"1936",0,0,0,1,0,6
"1937",0,0,0,1,0,6
"1938",0,0,0,1,0,4
"1939",0,0,0,1,0,14
"1940",0,0,0,1,0,2
"1941",0,0,0,1,0,10
"1942",0,0,0,1,0,29
"1943",0,0,0,1,0,7
"1944",0,0,0,1,0,7
"1945",0,0,0,1,0,8
"1946",0,0,0,1,0,11
"1947",0,0,0,1,0,4
"1948",0,0,0,1,0,8
"1949",0,0,0,1,0,1
"1950",0,0,0,1,0,10
"1951",0,0,0,1,0,6
"1952",0,0,0,1,0,7
"1953",0,0,0,1,0,4
"1954",0,0,0,1,0,14
"1955",0,0,0,1,0,9
"1956",0,0,0,1,0,18
"1957",0,0,0,1,0,2
"1958",0,0,0,1,0,11
"1959",0,0,0,1,0,7
"1960",0,0,0,1,0,20
"1961",0,0,0,1,0,20
"1962",0,0,0,1,0,14
"1963",0,0,0,1,0,4
"1964",0,0,0,1,0,20
"1965",0,0,0,1,0,21
"1966",0,0,0,1,0,7
"1967",0,0,0,1,0,11
"1968",0,0,0,1,0,3
"1969",0,0,0,1,0,19
"1970",0,0,0,1,0,5
"1971",0,0,0,1,0,3
"1972",0,0,0,1,0,8
"1973",0,0,0,1,0,5
"1974",0,0,0,1,0,5
"1975",0,0,0,1,0,5
"1976",0,0,0,1,0,7
"1977",0,0,0,1,0,5
"1978",0,0,0,1,0,3
"1979",0,0,0,1,0,11
"1980",0,0,0,1,0,21
"1981",0,0,0,1,0,3
"1982",0,0,0,1,0,7
"1983",0,0,0,1,0,9
"1984",0,0,0,1,0,17
"1985",0,0,0,1,0,6
"1986",0,0,0,1,0,12
"1987",0,0,0,1,0,9
"1988",0,0,0,1,0,5
"1989",0,0,0,1,0,43
"1990",0,0,0,1,0,5
"1991",0,0,0,1,0,8
"1992",0,0,0,1,0,10
"1993",0,0,0,1,0,24
"1994",0,0,0,1,0,11
"1995",0,0,0,1,0,5
"1996",0,0,0,1,0,3
"1997",0,0,0,1,0,5
"1998",0,0,0,1,0,4
"1999",0,0,0,1,0,5
"2000",0,0,0,1,0,5
"2001",0,0,0,1,0,8
"2002",0,0,0,1,0,10
"2003",0,0,0,1,0,19
"2004",0,0,0,1,0,14
"2005",0,0,0,1,0,21
"2006",0,0,0,1,0,5
"2007",0,0,0,1,0,3
"2008",0,0,0,1,0,86
"2009",0,0,0,1,0,4
"2010",0,0,0,1,0,36
"2011",0,0,0,1,0,6
"2012",0,0,0,1,0,5
"2013",0,0,0,1,0,20
"2014",0,0,0,1,0,13
"2015",0,0,0,1,0,35
"2016",0,0,0,1,0,5
"2017",0,0,0,1,0,1
"2018",0,0,0,1,0,5
"2019",0,0,0,1,0,13
"2020",0,0,0,1,0,7
"2021",0,0,0,1,0,11
"2022",0,0,0,1,0,4
"2023",0,0,0,1,0,3
"2024",0,0,0,1,0,7
"2025",0,0,0,1,0,49
"2026",0,0,0,1,0,6
"2027",0,0,0,1,0,9
"2028",0,0,0,1,0,2
"2029",0,0,0,1,0,60
"2030",0,0,0,1,0,5
"2031",0,0,0,1,0,3
"2032",0,0,0,1,0,30
"2033",0,0,0,1,0,15
"2034",0,0,0,1,0,7
"2035",0,0,0,1,0,81
"2036",0,0,0,1,0,2
"2037",0,0,0,1,0,6
"2038",0,0,0,1,0,40
"2039",0,0,0,1,0,5
"2040",0,0,0,1,0,3
"2041",0,0,0,1,0,6
"2042",0,0,0,1,0,10
"2043",0,0,0,1,0,5
"2044",0,0,0,1,0,4
"2045",0,0,0,1,0,1
"2046",0,0,0,1,0,7
"2047",0,0,0,1,0,6
"2048",0,0,0,1,0,8
"2049",0,0,0,1,0,2
"2050",0,0,0,1,0,15
"2051",0,0,0,1,0,70
"2052",0,0,0,1,0,10
"2053",0,0,0,1,0,10
"2054",0,0,0,1,0,5
"2055",0,0,0,1,0,5
"2056",0,0,0,1,0,6
"2057",0,0,0,1,0,14
"2058",0,0,0,1,0,4
"2059",0,0,0,1,0,6
"2060",0,0,0,1,0,3
"2061",0,0,0,1,0,6
"2062",0,0,0,1,0,14
"2063",0,0,0,1,0,8
"2064",0,0,0,1,0,12
"2065",0,0,0,1,0,11
"2066",0,0,0,1,0,20
"2067",0,0,0,1,0,1
"2068",0,0,0,1,0,14
"2069",0,0,0,1,0,5
"2070",0,0,0,1,0,1
"2071",0,0,0,1,0,30
"2072",0,0,0,1,0,20
"2073",0,0,0,1,0,8
"2074",0,0,0,1,0,3
"2075",0,0,0,1,0,1
"2076",0,0,0,1,0,8
"2077",0,0,0,1,0,16
"2078",0,0,0,1,0,15
"2079",0,0,0,1,0,3
"2080",0,0,0,1,0,6
"2081",0,0,0,1,0,4
"2082",0,0,0,1,0,6
"2083",0,0,0,1,0,14
"2084",0,0,0,1,0,7
"2085",0,0,0,1,0,1
"2086",0,0,0,1,0,19
"2087",0,0,0,1,0,4
"2088",0,0,0,1,0,95
"2089",0,0,0,1,0,5
"2090",0,0,0,1,0,3
"2091",0,0,0,1,0,15
"2092",0,0,0,1,0,27
"2093",0,0,0,1,0,98
"2094",0,0,0,1,0,44
"2095",0,0,0,1,0,51
"2096",0,0,0,1,0,6
"2097",0,0,0,1,0,8
"2098",0,0,0,1,0,6
"2099",0,0,0,1,0,2
"2100",0,0,0,1,0,5
"2101",0,0,0,1,0,19
"2102",0,0,0,1,0,40
"2103",0,0,0,1,0,60
"2104",0,0,0,1,0,7
"2105",0,0,0,1,0,7
"2106",0,0,0,1,0,23
"2107",0,0,0,1,0,10
"2108",0,0,0,1,0,13
"2109",0,0,0,1,0,12
"2110",0,0,0,1,0,12
"2111",0,0,0,1,0,10
"2112",0,0,0,1,0,28
"2113",0,0,0,1,0,15
"2114",0,0,0,1,0,16
"2115",0,0,0,1,0,13
"2116",0,0,0,1,0,5
"2117",0,0,0,1,0,13
"2118",0,0,0,1,0,3
"2119",0,0,0,1,0,4
"2120",0,0,0,1,0,6
"2121",0,0,0,1,0,7
"2122",0,0,0,1,0,7
"2123",0,0,0,1,0,20
"2124",0,0,0,1,0,3
"2125",0,0,0,1,0,5
"2126",0,0,0,1,0,7
"2127",0,0,0,1,0,5
"2128",0,0,0,1,0,5
"2129",0,0,0,1,0,14
"2130",0,0,0,1,0,13
"2131",0,0,0,1,0,5
"2132",0,0,0,1,0,10
"2133",0,0,0,1,0,13
"2134",0,0,0,1,0,4
"2135",0,0,0,1,0,10
"2136",0,0,0,1,0,10
"2137",0,0,0,1,0,12
"2138",0,0,0,1,0,10
"2139",0,0,0,1,0,6
"2140",0,0,0,1,0,5
"2141",0,0,0,1,0,11
"2142",0,0,0,1,0,14
"2143",0,0,0,1,0,15
"2144",0,0,0,1,0,7
"2145",0,0,0,1,0,3
"2146",0,0,0,1,0,2
"2147",0,0,0,1,0,14
"2148",0,0,0,1,0,83
"2149",0,0,0,1,0,3
"2150",0,0,0,1,0,19
"2151",0,0,0,1,0,4
"2152",0,0,0,1,0,1
"2153",0,0,0,1,0,4
"2154",0,0,0,1,0,10
"2155",0,0,0,1,0,3
"2156",0,0,0,1,0,7
"2157",0,0,0,1,0,14
"2158",0,0,0,1,0,3
"2159",0,0,0,1,0,19
"2160",0,0,0,1,0,41
"2161",0,0,0,1,0,14
"2162",0,0,0,1,0,5
"2163",0,0,0,1,0,5
"2164",0,0,0,1,0,15
"2165",0,0,0,1,0,14
"2166",0,0,0,1,0,15
"2167",0,0,0,1,0,6
"2168",0,0,0,1,0,2
"2169",0,0,0,1,0,21
"2170",0,0,0,1,0,5
"2171",0,0,0,1,0,3
"2172",0,0,0,1,0,8
"2173",0,0,0,1,0,4
"2174",0,0,0,1,0,10
"2175",0,0,0,1,0,7
"2176",0,0,0,1,0,5
"2177",0,0,0,1,0,6
"2178",0,0,0,1,0,13
"2179",0,0,0,1,0,10
"2180",0,0,0,1,0,8
"2181",0,0,0,1,0,7
"2182",0,0,0,1,0,95
"2183",0,0,0,1,0,6
"2184",0,0,0,1,0,35
"2185",0,0,0,1,0,12
"2186",0,0,0,1,0,23
"2187",0,0,0,1,0,16
"2188",0,0,0,1,0,3
"2189",0,0,0,1,0,9
"2190",0,0,0,1,0,4
"2191",0,0,0,1,0,41
"2192",0,0,0,1,0,15
"2193",0,0,0,1,0,4
"2194",0,0,0,1,0,23
"2195",0,0,0,1,0,6
"2196",0,0,0,1,0,11
"2197",0,0,0,1,0,10
"2198",0,0,0,1,0,14
"2199",0,0,0,1,0,4
"2200",0,0,0,1,0,5
"2201",0,0,0,1,0,3
"2202",0,0,0,1,0,3
"2203",0,0,0,1,0,15
"2204",0,0,0,1,0,30
"2205",0,0,0,1,0,78
"2206",0,0,0,1,0,55
"2207",0,0,0,1,0,1
"2208",0,0,0,1,0,6
"2209",0,0,0,1,0,8
"2210",0,0,0,1,0,9
"2211",0,0,0,1,0,4
"2212",0,0,0,1,0,30
"2213",0,0,0,1,0,29
"2214",0,0,0,1,0,10
"2215",0,0,0,1,0,18
"2216",0,0,0,1,0,1
"2217",0,0,0,1,0,14
"2218",0,0,0,1,0,30
"2219",0,0,0,1,0,60
"2220",0,0,0,1,0,4
"2221",0,0,0,1,0,6
"2222",0,0,0,1,0,4
"2223",0,0,0,1,0,4
"2224",0,0,0,1,0,9
"2225",0,0,0,1,0,3
"2226",0,0,0,1,0,6
"2227",0,0,0,1,0,5
"2228",0,0,0,1,0,14
"2229",0,0,0,1,0,20
"2230",0,0,0,1,0,34
"2231",0,0,0,1,0,26
"2232",0,0,0,1,0,30
"2233",0,0,0,1,0,2
"2234",0,0,0,1,0,5
"2235",0,0,0,1,0,61
"2236",0,0,0,1,0,3
"2237",0,0,0,1,0,34
"2238",0,0,0,1,0,6
"2239",0,0,0,1,0,20
"2240",0,0,0,1,0,3
"2241",0,0,0,1,0,5
"2242",0,0,0,1,0,3
"2243",0,0,0,1,0,14
"2244",0,0,0,1,0,6
"2245",0,0,0,1,0,18
"2246",0,0,0,1,0,4
"2247",0,0,0,1,0,30
"2248",0,0,0,1,0,9
"2249",0,0,0,1,0,8
"2250",0,0,0,1,0,10
"2251",0,0,0,1,0,8
"2252",0,0,0,1,0,3
"2253",0,0,0,1,0,18
"2254",0,0,0,1,0,4
"2255",0,0,0,1,0,4
"2256",0,0,0,1,0,6
"2257",0,0,0,1,0,21
"2258",0,0,0,1,0,4
"2259",0,0,0,1,0,14
"2260",0,0,0,1,0,7
"2261",0,0,0,1,0,7
"2262",0,0,0,1,0,6
"2263",0,0,0,1,0,5
"2264",0,0,0,1,0,12
"2265",0,0,0,1,0,3
"2266",0,0,0,1,0,90
"2267",0,0,0,1,0,9
"2268",0,0,0,1,0,21
"2269",0,0,0,1,0,20
"2270",0,0,0,1,0,2
"2271",0,0,0,1,0,3
"2272",0,0,0,1,0,5
"2273",0,0,0,1,0,5
"2274",0,0,0,1,0,8
"2275",0,0,0,1,0,7
"2276",0,0,0,1,0,14
"2277",0,0,0,1,0,9
"2278",0,0,0,1,0,11
"2279",0,0,0,1,0,10
"2280",0,0,0,1,0,43
"2281",0,0,0,1,0,110
"2282",0,0,0,1,0,3
"2283",0,0,0,1,0,34
"2284",0,0,0,1,0,8
"2285",0,0,0,1,0,7
"2286",0,0,0,1,0,1
"2287",0,0,0,1,0,7
"2288",0,0,0,1,0,30
"2289",0,0,0,1,0,180
"2290",0,0,0,1,0,8
"2291",0,0,0,1,0,10
"2292",0,0,0,1,0,8
"2293",0,0,0,1,0,3
"2294",0,0,0,1,0,2
"2295",0,0,0,0,1,20
"2296",0,0,0,0,1,9
"2297",0,0,0,0,1,2
"2298",0,0,0,0,1,13
"2299",0,0,0,0,1,28
"2300",0,0,0,0,1,20
"2301",0,0,0,0,1,9
"2302",0,0,0,0,1,1
"2303",0,0,0,0,1,6
"2304",0,0,0,0,1,13
"2305",0,0,0,0,1,6
"2306",0,0,0,0,1,2
"2307",0,0,0,0,1,19
"2308",0,0,0,0,1,12
"2309",0,0,0,0,1,5
"2310",0,0,0,0,1,20
"2311",0,0,0,0,1,9
"2312",0,0,0,0,1,1
"2313",0,0,0,0,1,6
"2314",0,0,0,0,1,2
"2315",0,0,0,0,1,1
"2316",0,0,0,0,1,13
"2317",0,0,0,0,1,28
"2318",0,0,0,0,1,24
"2319",0,0,0,0,1,6
"2320",0,0,0,0,1,2
"2321",0,0,0,0,1,21
"2322",0,0,0,0,1,5
"2323",0,0,0,0,1,2
"2324",0,0,0,0,1,101
"2325",0,0,0,0,1,7
"2326",0,0,0,0,1,7
"2327",0,0,0,0,1,4
"2328",0,0,0,0,1,7
"2329",0,0,0,0,1,3
"2330",0,0,0,0,1,5
"2331",0,0,0,0,1,20
"2332",0,0,0,0,1,3
"2333",0,0,0,0,1,5
"2334",0,0,0,0,1,5
"2335",0,0,0,0,1,2
"2336",0,0,0,0,1,40
"2337",0,0,0,0,1,2
"2338",0,0,0,0,1,10
"2339",0,0,0,0,1,2
"2340",0,0,0,0,1,48
"2341",0,0,0,0,1,7
"2342",0,0,0,0,1,3
"2343",0,0,0,0,1,2
"2344",0,0,0,0,1,2
"2345",0,0,0,0,1,8
"2346",0,0,0,0,1,4
"2347",0,0,0,0,1,3
"2348",0,0,0,0,1,5
"2349",0,0,0,0,1,60
"2350",0,0,0,0,1,1
"2351",0,0,0,0,1,11
"2352",0,0,0,0,1,5
"2353",0,0,0,0,1,5
"2354",0,0,0,0,1,7
"2355",0,0,0,0,1,6
"2356",0,0,0,0,1,2
