"","Management, Business, and Financial Occupations (11-13)","Education, Legal, Community Service, Arts, and Media Occupations (21-27)","Healthcare Practitioners and Technical Occupations (29)","Service Occupations (31-39)","Sales and Related Occupations","Office and Administrative Support Occupations","Construction and Extraction Occupations","Installation, Maintenance, and Repair Occupations","Production Occupations","Transportation and Material Moving Occupations","value"
"1",1,0,0,0,0,0,0,0,0,0,8
"2",1,0,0,0,0,0,0,0,0,0,60
"3",1,0,0,0,0,0,0,0,0,0,2
"4",1,0,0,0,0,0,0,0,0,0,21
"5",1,0,0,0,0,0,0,0,0,0,7
"6",1,0,0,0,0,0,0,0,0,0,28
"7",1,0,0,0,0,0,0,0,0,0,6
"8",1,0,0,0,0,0,0,0,0,0,60
"9",1,0,0,0,0,0,0,0,0,0,20
"10",1,0,0,0,0,0,0,0,0,0,2
"11",1,0,0,0,0,0,0,0,0,0,1
"12",1,0,0,0,0,0,0,0,0,0,21
"13",1,0,0,0,0,0,0,0,0,0,3
"14",1,0,0,0,0,0,0,0,0,0,10
"15",1,0,0,0,0,0,0,0,0,0,2
"16",1,0,0,0,0,0,0,0,0,0,5
"17",1,0,0,0,0,0,0,0,0,0,59
"18",1,0,0,0,0,0,0,0,0,0,32
"19",1,0,0,0,0,0,0,0,0,0,15
"20",1,0,0,0,0,0,0,0,0,0,6
"21",1,0,0,0,0,0,0,0,0,0,60
"22",1,0,0,0,0,0,0,0,0,0,3
"23",1,0,0,0,0,0,0,0,0,0,20
"24",1,0,0,0,0,0,0,0,0,0,3
"25",1,0,0,0,0,0,0,0,0,0,24
"26",1,0,0,0,0,0,0,0,0,0,3
"27",1,0,0,0,0,0,0,0,0,0,13
"28",1,0,0,0,0,0,0,0,0,0,5
"29",1,0,0,0,0,0,0,0,0,0,70
"30",1,0,0,0,0,0,0,0,0,0,2
"31",1,0,0,0,0,0,0,0,0,0,12
"32",1,0,0,0,0,0,0,0,0,0,2
"33",1,0,0,0,0,0,0,0,0,0,1
"34",1,0,0,0,0,0,0,0,0,0,21
"35",1,0,0,0,0,0,0,0,0,0,3
"36",1,0,0,0,0,0,0,0,0,0,28
"37",1,0,0,0,0,0,0,0,0,0,10
"38",1,0,0,0,0,0,0,0,0,0,13
"39",1,0,0,0,0,0,0,0,0,0,5
"40",1,0,0,0,0,0,0,0,0,0,2
"41",1,0,0,0,0,0,0,0,0,0,99
"42",1,0,0,0,0,0,0,0,0,0,3
"43",1,0,0,0,0,0,0,0,0,0,10
"44",1,0,0,0,0,0,0,0,0,0,21
"45",1,0,0,0,0,0,0,0,0,0,5
"46",1,0,0,0,0,0,0,0,0,0,2
"47",1,0,0,0,0,0,0,0,0,0,2
"48",1,0,0,0,0,0,0,0,0,0,21
"49",1,0,0,0,0,0,0,0,0,0,2
"50",1,0,0,0,0,0,0,0,0,0,3
"51",1,0,0,0,0,0,0,0,0,0,20
"52",1,0,0,0,0,0,0,0,0,0,4
"53",1,0,0,0,0,0,0,0,0,0,6
"54",1,0,0,0,0,0,0,0,0,0,51
"55",1,0,0,0,0,0,0,0,0,0,12
"56",1,0,0,0,0,0,0,0,0,0,3
"57",1,0,0,0,0,0,0,0,0,0,2
"58",1,0,0,0,0,0,0,0,0,0,3
"59",1,0,0,0,0,0,0,0,0,0,46
"60",1,0,0,0,0,0,0,0,0,0,54
"61",1,0,0,0,0,0,0,0,0,0,4
"62",1,0,0,0,0,0,0,0,0,0,35
"63",1,0,0,0,0,0,0,0,0,0,3
"64",1,0,0,0,0,0,0,0,0,0,2
"65",1,0,0,0,0,0,0,0,0,0,6
"66",1,0,0,0,0,0,0,0,0,0,2
"67",1,0,0,0,0,0,0,0,0,0,173
"68",1,0,0,0,0,0,0,0,0,0,7
"69",1,0,0,0,0,0,0,0,0,0,5
"70",1,0,0,0,0,0,0,0,0,0,11
"71",1,0,0,0,0,0,0,0,0,0,90
"72",1,0,0,0,0,0,0,0,0,0,36
"73",1,0,0,0,0,0,0,0,0,0,10
"74",1,0,0,0,0,0,0,0,0,0,2
"75",1,0,0,0,0,0,0,0,0,0,3
"76",1,0,0,0,0,0,0,0,0,0,3
"77",1,0,0,0,0,0,0,0,0,0,65
"78",1,0,0,0,0,0,0,0,0,0,2
"79",1,0,0,0,0,0,0,0,0,0,6
"80",1,0,0,0,0,0,0,0,0,0,4
"81",1,0,0,0,0,0,0,0,0,0,95
"82",1,0,0,0,0,0,0,0,0,0,5
"83",1,0,0,0,0,0,0,0,0,0,113
"84",1,0,0,0,0,0,0,0,0,0,51
"85",1,0,0,0,0,0,0,0,0,0,4
"86",1,0,0,0,0,0,0,0,0,0,5
"87",1,0,0,0,0,0,0,0,0,0,7
"88",1,0,0,0,0,0,0,0,0,0,60
"89",1,0,0,0,0,0,0,0,0,0,29
"90",1,0,0,0,0,0,0,0,0,0,2
"91",1,0,0,0,0,0,0,0,0,0,7
"92",1,0,0,0,0,0,0,0,0,0,1
"93",1,0,0,0,0,0,0,0,0,0,5
"94",1,0,0,0,0,0,0,0,0,0,4
"95",1,0,0,0,0,0,0,0,0,0,3
"96",1,0,0,0,0,0,0,0,0,0,15
"97",1,0,0,0,0,0,0,0,0,0,157
"98",1,0,0,0,0,0,0,0,0,0,7
"99",1,0,0,0,0,0,0,0,0,0,11
"100",1,0,0,0,0,0,0,0,0,0,90
"101",1,0,0,0,0,0,0,0,0,0,4
"102",1,0,0,0,0,0,0,0,0,0,2
"103",1,0,0,0,0,0,0,0,0,0,30
"104",1,0,0,0,0,0,0,0,0,0,1
"105",1,0,0,0,0,0,0,0,0,0,4
"106",1,0,0,0,0,0,0,0,0,0,4
"107",1,0,0,0,0,0,0,0,0,0,2
"108",1,0,0,0,0,0,0,0,0,0,7
"109",1,0,0,0,0,0,0,0,0,0,10
"110",1,0,0,0,0,0,0,0,0,0,90
"111",1,0,0,0,0,0,0,0,0,0,4
"112",1,0,0,0,0,0,0,0,0,0,14
"113",1,0,0,0,0,0,0,0,0,0,10
"114",1,0,0,0,0,0,0,0,0,0,5
"115",1,0,0,0,0,0,0,0,0,0,5
"116",1,0,0,0,0,0,0,0,0,0,23
"117",1,0,0,0,0,0,0,0,0,0,84
"118",1,0,0,0,0,0,0,0,0,0,5
"119",1,0,0,0,0,0,0,0,0,0,1
"120",1,0,0,0,0,0,0,0,0,0,14
"121",1,0,0,0,0,0,0,0,0,0,2
"122",1,0,0,0,0,0,0,0,0,0,11
"123",1,0,0,0,0,0,0,0,0,0,10
"124",1,0,0,0,0,0,0,0,0,0,2
"125",1,0,0,0,0,0,0,0,0,0,4
"126",1,0,0,0,0,0,0,0,0,0,46
"127",1,0,0,0,0,0,0,0,0,0,14
"128",1,0,0,0,0,0,0,0,0,0,3
"129",1,0,0,0,0,0,0,0,0,0,2
"130",1,0,0,0,0,0,0,0,0,0,70
"131",1,0,0,0,0,0,0,0,0,0,45
"132",1,0,0,0,0,0,0,0,0,0,13
"133",1,0,0,0,0,0,0,0,0,0,7
"134",1,0,0,0,0,0,0,0,0,0,20
"135",1,0,0,0,0,0,0,0,0,0,6
"136",1,0,0,0,0,0,0,0,0,0,24
"137",1,0,0,0,0,0,0,0,0,0,6
"138",1,0,0,0,0,0,0,0,0,0,63
"139",1,0,0,0,0,0,0,0,0,0,7
"140",1,0,0,0,0,0,0,0,0,0,2
"141",1,0,0,0,0,0,0,0,0,0,8
"142",1,0,0,0,0,0,0,0,0,0,19
"143",1,0,0,0,0,0,0,0,0,0,3
"144",1,0,0,0,0,0,0,0,0,0,6
"145",1,0,0,0,0,0,0,0,0,0,17
"146",1,0,0,0,0,0,0,0,0,0,95
"147",1,0,0,0,0,0,0,0,0,0,94
"148",1,0,0,0,0,0,0,0,0,0,4
"149",1,0,0,0,0,0,0,0,0,0,14
"150",1,0,0,0,0,0,0,0,0,0,68
"151",1,0,0,0,0,0,0,0,0,0,3
"152",1,0,0,0,0,0,0,0,0,0,3
"153",1,0,0,0,0,0,0,0,0,0,91
"154",1,0,0,0,0,0,0,0,0,0,24
"155",1,0,0,0,0,0,0,0,0,0,43
"156",1,0,0,0,0,0,0,0,0,0,9
"157",1,0,0,0,0,0,0,0,0,0,3
"158",1,0,0,0,0,0,0,0,0,0,12
"159",1,0,0,0,0,0,0,0,0,0,3
"160",1,0,0,0,0,0,0,0,0,0,3
"161",1,0,0,0,0,0,0,0,0,0,5
"162",1,0,0,0,0,0,0,0,0,0,18
"163",1,0,0,0,0,0,0,0,0,0,5
"164",1,0,0,0,0,0,0,0,0,0,3
"165",1,0,0,0,0,0,0,0,0,0,40
"166",1,0,0,0,0,0,0,0,0,0,1
"167",1,0,0,0,0,0,0,0,0,0,4
"168",1,0,0,0,0,0,0,0,0,0,113
"169",1,0,0,0,0,0,0,0,0,0,3
"170",1,0,0,0,0,0,0,0,0,0,4
"171",1,0,0,0,0,0,0,0,0,0,21
"172",1,0,0,0,0,0,0,0,0,0,1
"173",1,0,0,0,0,0,0,0,0,0,52
"174",1,0,0,0,0,0,0,0,0,0,4
"175",1,0,0,0,0,0,0,0,0,0,14
"176",1,0,0,0,0,0,0,0,0,0,8
"177",1,0,0,0,0,0,0,0,0,0,180
"178",1,0,0,0,0,0,0,0,0,0,4
"179",1,0,0,0,0,0,0,0,0,0,4
"180",1,0,0,0,0,0,0,0,0,0,7
"181",1,0,0,0,0,0,0,0,0,0,9
"182",1,0,0,0,0,0,0,0,0,0,2
"183",1,0,0,0,0,0,0,0,0,0,57
"184",1,0,0,0,0,0,0,0,0,0,20
"185",1,0,0,0,0,0,0,0,0,0,3
"186",1,0,0,0,0,0,0,0,0,0,1
"187",1,0,0,0,0,0,0,0,0,0,2
"188",1,0,0,0,0,0,0,0,0,0,2
"189",1,0,0,0,0,0,0,0,0,0,51
"190",1,0,0,0,0,0,0,0,0,0,82
"191",1,0,0,0,0,0,0,0,0,0,6
"192",1,0,0,0,0,0,0,0,0,0,6
"193",1,0,0,0,0,0,0,0,0,0,6
"194",1,0,0,0,0,0,0,0,0,0,7
"195",1,0,0,0,0,0,0,0,0,0,65
"196",1,0,0,0,0,0,0,0,0,0,2
"197",1,0,0,0,0,0,0,0,0,0,26
"198",1,0,0,0,0,0,0,0,0,0,77
"199",1,0,0,0,0,0,0,0,0,0,1
"200",1,0,0,0,0,0,0,0,0,0,3
"201",1,0,0,0,0,0,0,0,0,0,4
"202",1,0,0,0,0,0,0,0,0,0,1
"203",1,0,0,0,0,0,0,0,0,0,4
"204",1,0,0,0,0,0,0,0,0,0,6
"205",1,0,0,0,0,0,0,0,0,0,9
"206",1,0,0,0,0,0,0,0,0,0,6
"207",1,0,0,0,0,0,0,0,0,0,67
"208",1,0,0,0,0,0,0,0,0,0,3
"209",1,0,0,0,0,0,0,0,0,0,2
"210",1,0,0,0,0,0,0,0,0,0,3
"211",1,0,0,0,0,0,0,0,0,0,31
"212",1,0,0,0,0,0,0,0,0,0,8
"213",0,1,0,0,0,0,0,0,0,0,5
"214",0,1,0,0,0,0,0,0,0,0,21
"215",0,1,0,0,0,0,0,0,0,0,69
"216",0,1,0,0,0,0,0,0,0,0,5
"217",0,1,0,0,0,0,0,0,0,0,21
"218",0,1,0,0,0,0,0,0,0,0,69
"219",0,1,0,0,0,0,0,0,0,0,10
"220",0,1,0,0,0,0,0,0,0,0,5
"221",0,1,0,0,0,0,0,0,0,0,21
"222",0,1,0,0,0,0,0,0,0,0,21
"223",0,1,0,0,0,0,0,0,0,0,69
"224",0,1,0,0,0,0,0,0,0,0,11
"225",0,1,0,0,0,0,0,0,0,0,21
"226",0,1,0,0,0,0,0,0,0,0,4
"227",0,1,0,0,0,0,0,0,0,0,7
"228",0,1,0,0,0,0,0,0,0,0,50
"229",0,1,0,0,0,0,0,0,0,0,10
"230",0,0,1,0,0,0,0,0,0,0,2
"231",0,0,1,0,0,0,0,0,0,0,2
"232",0,0,0,1,0,0,0,0,0,0,3
"233",0,0,0,1,0,0,0,0,0,0,8
"234",0,0,0,1,0,0,0,0,0,0,4
"235",0,0,0,1,0,0,0,0,0,0,4
"236",0,0,0,1,0,0,0,0,0,0,1
"237",0,0,0,1,0,0,0,0,0,0,4
"238",0,0,0,1,0,0,0,0,0,0,3
"239",0,0,0,1,0,0,0,0,0,0,13
"240",0,0,0,1,0,0,0,0,0,0,13
"241",0,0,0,1,0,0,0,0,0,0,7
"242",0,0,0,1,0,0,0,0,0,0,16
"243",0,0,0,1,0,0,0,0,0,0,3
"244",0,0,0,1,0,0,0,0,0,0,2
"245",0,0,0,1,0,0,0,0,0,0,4
"246",0,0,0,1,0,0,0,0,0,0,8
"247",0,0,0,1,0,0,0,0,0,0,4
"248",0,0,0,1,0,0,0,0,0,0,2
"249",0,0,0,1,0,0,0,0,0,0,2
"250",0,0,0,1,0,0,0,0,0,0,6
"251",0,0,0,1,0,0,0,0,0,0,6
"252",0,0,0,1,0,0,0,0,0,0,4
"253",0,0,0,1,0,0,0,0,0,0,4
"254",0,0,0,1,0,0,0,0,0,0,5
"255",0,0,0,1,0,0,0,0,0,0,4
"256",0,0,0,1,0,0,0,0,0,0,2
"257",0,0,0,1,0,0,0,0,0,0,4
"258",0,0,0,1,0,0,0,0,0,0,5
"259",0,0,0,1,0,0,0,0,0,0,4
"260",0,0,0,1,0,0,0,0,0,0,5
"261",0,0,0,1,0,0,0,0,0,0,3
"262",0,0,0,1,0,0,0,0,0,0,5
"263",0,0,0,1,0,0,0,0,0,0,18
"264",0,0,0,1,0,0,0,0,0,0,5
"265",0,0,0,1,0,0,0,0,0,0,13
"266",0,0,0,1,0,0,0,0,0,0,11
"267",0,0,0,1,0,0,0,0,0,0,7
"268",0,0,0,1,0,0,0,0,0,0,8
"269",0,0,0,1,0,0,0,0,0,0,10
"270",0,0,0,1,0,0,0,0,0,0,11
"271",0,0,0,1,0,0,0,0,0,0,11
"272",0,0,0,1,0,0,0,0,0,0,11
"273",0,0,0,1,0,0,0,0,0,0,10
"274",0,0,0,1,0,0,0,0,0,0,14
"275",0,0,0,1,0,0,0,0,0,0,36
"276",0,0,0,1,0,0,0,0,0,0,12
"277",0,0,0,1,0,0,0,0,0,0,7
"278",0,0,0,1,0,0,0,0,0,0,9
"279",0,0,0,1,0,0,0,0,0,0,3
"280",0,0,0,1,0,0,0,0,0,0,8
"281",0,0,0,1,0,0,0,0,0,0,4
"282",0,0,0,1,0,0,0,0,0,0,4
"283",0,0,0,1,0,0,0,0,0,0,1
"284",0,0,0,1,0,0,0,0,0,0,4
"285",0,0,0,1,0,0,0,0,0,0,3
"286",0,0,0,1,0,0,0,0,0,0,13
"287",0,0,0,1,0,0,0,0,0,0,13
"288",0,0,0,1,0,0,0,0,0,0,6
"289",0,0,0,1,0,0,0,0,0,0,6
"290",0,0,0,1,0,0,0,0,0,0,7
"291",0,0,0,1,0,0,0,0,0,0,4
"292",0,0,0,1,0,0,0,0,0,0,3
"293",0,0,0,1,0,0,0,0,0,0,3
"294",0,0,0,1,0,0,0,0,0,0,6
"295",0,0,0,1,0,0,0,0,0,0,10
"296",0,0,0,1,0,0,0,0,0,0,21
"297",0,0,0,1,0,0,0,0,0,0,4
"298",0,0,0,1,0,0,0,0,0,0,2
"299",0,0,0,1,0,0,0,0,0,0,4
"300",0,0,0,1,0,0,0,0,0,0,8
"301",0,0,0,1,0,0,0,0,0,0,5
"302",0,0,0,1,0,0,0,0,0,0,2
"303",0,0,0,1,0,0,0,0,0,0,4
"304",0,0,0,1,0,0,0,0,0,0,5
"305",0,0,0,1,0,0,0,0,0,0,10
"306",0,0,0,1,0,0,0,0,0,0,8
"307",0,0,0,1,0,0,0,0,0,0,5
"308",0,0,0,1,0,0,0,0,0,0,7
"309",0,0,0,1,0,0,0,0,0,0,2
"310",0,0,0,1,0,0,0,0,0,0,3
"311",0,0,0,1,0,0,0,0,0,0,4
"312",0,0,0,1,0,0,0,0,0,0,12
"313",0,0,0,1,0,0,0,0,0,0,7
"314",0,0,0,1,0,0,0,0,0,0,4
"315",0,0,0,1,0,0,0,0,0,0,7
"316",0,0,0,1,0,0,0,0,0,0,7
"317",0,0,0,1,0,0,0,0,0,0,10
"318",0,0,0,1,0,0,0,0,0,0,10
"319",0,0,0,1,0,0,0,0,0,0,10
"320",0,0,0,1,0,0,0,0,0,0,7
"321",0,0,0,1,0,0,0,0,0,0,4
"322",0,0,0,1,0,0,0,0,0,0,9
"323",0,0,0,1,0,0,0,0,0,0,25
"324",0,0,0,1,0,0,0,0,0,0,8
"325",0,0,0,1,0,0,0,0,0,0,9
"326",0,0,0,1,0,0,0,0,0,0,8
"327",0,0,0,1,0,0,0,0,0,0,9
"328",0,0,0,1,0,0,0,0,0,0,5
"329",0,0,0,1,0,0,0,0,0,0,4
"330",0,0,0,1,0,0,0,0,0,0,2
"331",0,0,0,1,0,0,0,0,0,0,4
"332",0,0,0,1,0,0,0,0,0,0,5
"333",0,0,0,1,0,0,0,0,0,0,6
"334",0,0,0,1,0,0,0,0,0,0,6
"335",0,0,0,1,0,0,0,0,0,0,5
"336",0,0,0,1,0,0,0,0,0,0,3
"337",0,0,0,1,0,0,0,0,0,0,5
"338",0,0,0,1,0,0,0,0,0,0,18
"339",0,0,0,1,0,0,0,0,0,0,5
"340",0,0,0,1,0,0,0,0,0,0,12
"341",0,0,0,1,0,0,0,0,0,0,7
"342",0,0,0,1,0,0,0,0,0,0,3
"343",0,0,0,1,0,0,0,0,0,0,4
"344",0,0,0,1,0,0,0,0,0,0,4
"345",0,0,0,1,0,0,0,0,0,0,4
"346",0,0,0,1,0,0,0,0,0,0,5
"347",0,0,0,1,0,0,0,0,0,0,5
"348",0,0,0,1,0,0,0,0,0,0,3
"349",0,0,0,1,0,0,0,0,0,0,1
"350",0,0,0,1,0,0,0,0,0,0,5
"351",0,0,0,1,0,0,0,0,0,0,7
"352",0,0,0,1,0,0,0,0,0,0,3
"353",0,0,0,1,0,0,0,0,0,0,8
"354",0,0,0,1,0,0,0,0,0,0,4
"355",0,0,0,1,0,0,0,0,0,0,3
"356",0,0,0,1,0,0,0,0,0,0,8
"357",0,0,0,1,0,0,0,0,0,0,42
"358",0,0,0,1,0,0,0,0,0,0,9
"359",0,0,0,1,0,0,0,0,0,0,4
"360",0,0,0,1,0,0,0,0,0,0,1
"361",0,0,0,1,0,0,0,0,0,0,4
"362",0,0,0,1,0,0,0,0,0,0,3
"363",0,0,0,1,0,0,0,0,0,0,10
"364",0,0,0,1,0,0,0,0,0,0,14
"365",0,0,0,1,0,0,0,0,0,0,10
"366",0,0,0,1,0,0,0,0,0,0,13
"367",0,0,0,1,0,0,0,0,0,0,12
"368",0,0,0,1,0,0,0,0,0,0,5
"369",0,0,0,1,0,0,0,0,0,0,3
"370",0,0,0,1,0,0,0,0,0,0,6
"371",0,0,0,1,0,0,0,0,0,0,8
"372",0,0,0,1,0,0,0,0,0,0,9
"373",0,0,0,1,0,0,0,0,0,0,6
"374",0,0,0,1,0,0,0,0,0,0,2
"375",0,0,0,1,0,0,0,0,0,0,2
"376",0,0,0,1,0,0,0,0,0,0,48
"377",0,0,0,1,0,0,0,0,0,0,6
"378",0,0,0,1,0,0,0,0,0,0,6
"379",0,0,0,1,0,0,0,0,0,0,7
"380",0,0,0,1,0,0,0,0,0,0,6
"381",0,0,0,1,0,0,0,0,0,0,7
"382",0,0,0,1,0,0,0,0,0,0,4
"383",0,0,0,1,0,0,0,0,0,0,3
"384",0,0,0,1,0,0,0,0,0,0,3
"385",0,0,0,1,0,0,0,0,0,0,6
"386",0,0,0,1,0,0,0,0,0,0,7
"387",0,0,0,1,0,0,0,0,0,0,8
"388",0,0,0,1,0,0,0,0,0,0,9
"389",0,0,0,1,0,0,0,0,0,0,9
"390",0,0,0,1,0,0,0,0,0,0,8
"391",0,0,0,1,0,0,0,0,0,0,11
"392",0,0,0,1,0,0,0,0,0,0,16
"393",0,0,0,1,0,0,0,0,0,0,8
"394",0,0,0,1,0,0,0,0,0,0,9
"395",0,0,0,1,0,0,0,0,0,0,7
"396",0,0,0,1,0,0,0,0,0,0,3
"397",0,0,0,1,0,0,0,0,0,0,7
"398",0,0,0,1,0,0,0,0,0,0,7
"399",0,0,0,1,0,0,0,0,0,0,1
"400",0,0,0,1,0,0,0,0,0,0,1
"401",0,0,0,1,0,0,0,0,0,0,4
"402",0,0,0,1,0,0,0,0,0,0,2
"403",0,0,0,1,0,0,0,0,0,0,2
"404",0,0,0,1,0,0,0,0,0,0,3
"405",0,0,0,1,0,0,0,0,0,0,4
"406",0,0,0,1,0,0,0,0,0,0,14
"407",0,0,0,1,0,0,0,0,0,0,16
"408",0,0,0,1,0,0,0,0,0,0,16
"409",0,0,0,1,0,0,0,0,0,0,3
"410",0,0,0,1,0,0,0,0,0,0,2
"411",0,0,0,1,0,0,0,0,0,0,4
"412",0,0,0,1,0,0,0,0,0,0,2
"413",0,0,0,1,0,0,0,0,0,0,5
"414",0,0,0,1,0,0,0,0,0,0,10
"415",0,0,0,1,0,0,0,0,0,0,21
"416",0,0,0,1,0,0,0,0,0,0,5
"417",0,0,0,1,0,0,0,0,0,0,4
"418",0,0,0,1,0,0,0,0,0,0,2
"419",0,0,0,1,0,0,0,0,0,0,4
"420",0,0,0,1,0,0,0,0,0,0,8
"421",0,0,0,1,0,0,0,0,0,0,5
"422",0,0,0,1,0,0,0,0,0,0,2
"423",0,0,0,1,0,0,0,0,0,0,4
"424",0,0,0,1,0,0,0,0,0,0,5
"425",0,0,0,1,0,0,0,0,0,0,10
"426",0,0,0,1,0,0,0,0,0,0,3
"427",0,0,0,1,0,0,0,0,0,0,3
"428",0,0,0,1,0,0,0,0,0,0,4
"429",0,0,0,1,0,0,0,0,0,0,9
"430",0,0,0,1,0,0,0,0,0,0,5
"431",0,0,0,1,0,0,0,0,0,0,8
"432",0,0,0,1,0,0,0,0,0,0,5
"433",0,0,0,1,0,0,0,0,0,0,7
"434",0,0,0,1,0,0,0,0,0,0,4
"435",0,0,0,1,0,0,0,0,0,0,5
"436",0,0,0,1,0,0,0,0,0,0,5
"437",0,0,0,1,0,0,0,0,0,0,8
"438",0,0,0,1,0,0,0,0,0,0,5
"439",0,0,0,1,0,0,0,0,0,0,6
"440",0,0,0,1,0,0,0,0,0,0,5
"441",0,0,0,1,0,0,0,0,0,0,4
"442",0,0,0,1,0,0,0,0,0,0,5
"443",0,0,0,1,0,0,0,0,0,0,3
"444",0,0,0,1,0,0,0,0,0,0,3
"445",0,0,0,1,0,0,0,0,0,0,2
"446",0,0,0,1,0,0,0,0,0,0,3
"447",0,0,0,1,0,0,0,0,0,0,4
"448",0,0,0,1,0,0,0,0,0,0,12
"449",0,0,0,1,0,0,0,0,0,0,7
"450",0,0,0,1,0,0,0,0,0,0,5
"451",0,0,0,1,0,0,0,0,0,0,2
"452",0,0,0,1,0,0,0,0,0,0,4
"453",0,0,0,1,0,0,0,0,0,0,6
"454",0,0,0,1,0,0,0,0,0,0,5
"455",0,0,0,1,0,0,0,0,0,0,51
"456",0,0,0,1,0,0,0,0,0,0,7
"457",0,0,0,1,0,0,0,0,0,0,7
"458",0,0,0,1,0,0,0,0,0,0,6
"459",0,0,0,1,0,0,0,0,0,0,7
"460",0,0,0,1,0,0,0,0,0,0,10
"461",0,0,0,1,0,0,0,0,0,0,10
"462",0,0,0,1,0,0,0,0,0,0,11
"463",0,0,0,1,0,0,0,0,0,0,10
"464",0,0,0,1,0,0,0,0,0,0,7
"465",0,0,0,1,0,0,0,0,0,0,4
"466",0,0,0,1,0,0,0,0,0,0,4
"467",0,0,0,1,0,0,0,0,0,0,10
"468",0,0,0,1,0,0,0,0,0,0,25
"469",0,0,0,1,0,0,0,0,0,0,5
"470",0,0,0,1,0,0,0,0,0,0,14
"471",0,0,0,1,0,0,0,0,0,0,69
"472",0,0,0,1,0,0,0,0,0,0,12
"473",0,0,0,1,0,0,0,0,0,0,10
"474",0,0,0,1,0,0,0,0,0,0,14
"475",0,0,0,1,0,0,0,0,0,0,10
"476",0,0,0,1,0,0,0,0,0,0,19
"477",0,0,0,1,0,0,0,0,0,0,22
"478",0,0,0,1,0,0,0,0,0,0,4
"479",0,0,0,1,0,0,0,0,0,0,5
"480",0,0,0,1,0,0,0,0,0,0,7
"481",0,0,0,1,0,0,0,0,0,0,3
"482",0,0,0,1,0,0,0,0,0,0,5
"483",0,0,0,1,0,0,0,0,0,0,3
"484",0,0,0,1,0,0,0,0,0,0,4
"485",0,0,0,1,0,0,0,0,0,0,35
"486",0,0,0,1,0,0,0,0,0,0,23
"487",0,0,0,1,0,0,0,0,0,0,4
"488",0,0,0,1,0,0,0,0,0,0,9
"489",0,0,0,1,0,0,0,0,0,0,3
"490",0,0,0,1,0,0,0,0,0,0,5
"491",0,0,0,1,0,0,0,0,0,0,6
"492",0,0,0,1,0,0,0,0,0,0,9
"493",0,0,0,1,0,0,0,0,0,0,2
"494",0,0,0,1,0,0,0,0,0,0,8
"495",0,0,0,1,0,0,0,0,0,0,10
"496",0,0,0,1,0,0,0,0,0,0,25
"497",0,0,0,1,0,0,0,0,0,0,8
"498",0,0,0,1,0,0,0,0,0,0,9
"499",0,0,0,1,0,0,0,0,0,0,8
"500",0,0,0,1,0,0,0,0,0,0,9
"501",0,0,0,1,0,0,0,0,0,0,3
"502",0,0,0,1,0,0,0,0,0,0,4
"503",0,0,0,1,0,0,0,0,0,0,7
"504",0,0,0,1,0,0,0,0,0,0,13
"505",0,0,0,1,0,0,0,0,0,0,2
"506",0,0,0,1,0,0,0,0,0,0,5
"507",0,0,0,1,0,0,0,0,0,0,7
"508",0,0,0,1,0,0,0,0,0,0,9
"509",0,0,0,1,0,0,0,0,0,0,5
"510",0,0,0,1,0,0,0,0,0,0,6
"511",0,0,0,1,0,0,0,0,0,0,2
"512",0,0,0,1,0,0,0,0,0,0,3
"513",0,0,0,1,0,0,0,0,0,0,5
"514",0,0,0,1,0,0,0,0,0,0,12
"515",0,0,0,1,0,0,0,0,0,0,4
"516",0,0,0,1,0,0,0,0,0,0,14
"517",0,0,0,1,0,0,0,0,0,0,4
"518",0,0,0,1,0,0,0,0,0,0,11
"519",0,0,0,1,0,0,0,0,0,0,19
"520",0,0,0,1,0,0,0,0,0,0,5
"521",0,0,0,1,0,0,0,0,0,0,6
"522",0,0,0,1,0,0,0,0,0,0,3
"523",0,0,0,1,0,0,0,0,0,0,3
"524",0,0,0,1,0,0,0,0,0,0,8
"525",0,0,0,1,0,0,0,0,0,0,5
"526",0,0,0,1,0,0,0,0,0,0,3
"527",0,0,0,1,0,0,0,0,0,0,5
"528",0,0,0,1,0,0,0,0,0,0,6
"529",0,0,0,1,0,0,0,0,0,0,5
"530",0,0,0,1,0,0,0,0,0,0,7
"531",0,0,0,1,0,0,0,0,0,0,7
"532",0,0,0,1,0,0,0,0,0,0,7
"533",0,0,0,1,0,0,0,0,0,0,7
"534",0,0,0,1,0,0,0,0,0,0,4
"535",0,0,0,1,0,0,0,0,0,0,3
"536",0,0,0,1,0,0,0,0,0,0,10
"537",0,0,0,1,0,0,0,0,0,0,3
"538",0,0,0,1,0,0,0,0,0,0,6
"539",0,0,0,1,0,0,0,0,0,0,5
"540",0,0,0,1,0,0,0,0,0,0,4
"541",0,0,0,1,0,0,0,0,0,0,6
"542",0,0,0,1,0,0,0,0,0,0,4
"543",0,0,0,1,0,0,0,0,0,0,6
"544",0,0,0,1,0,0,0,0,0,0,3
"545",0,0,0,1,0,0,0,0,0,0,5
"546",0,0,0,1,0,0,0,0,0,0,2
"547",0,0,0,1,0,0,0,0,0,0,21
"548",0,0,0,1,0,0,0,0,0,0,4
"549",0,0,0,1,0,0,0,0,0,0,5
"550",0,0,0,1,0,0,0,0,0,0,12
"551",0,0,0,1,0,0,0,0,0,0,11
"552",0,0,0,1,0,0,0,0,0,0,7
"553",0,0,0,1,0,0,0,0,0,0,3
"554",0,0,0,1,0,0,0,0,0,0,4
"555",0,0,0,1,0,0,0,0,0,0,4
"556",0,0,0,1,0,0,0,0,0,0,4
"557",0,0,0,1,0,0,0,0,0,0,5
"558",0,0,0,1,0,0,0,0,0,0,14
"559",0,0,0,1,0,0,0,0,0,0,2
"560",0,0,0,1,0,0,0,0,0,0,4
"561",0,0,0,1,0,0,0,0,0,0,5
"562",0,0,0,1,0,0,0,0,0,0,5
"563",0,0,0,1,0,0,0,0,0,0,3
"564",0,0,0,1,0,0,0,0,0,0,4
"565",0,0,0,1,0,0,0,0,0,0,1
"566",0,0,0,1,0,0,0,0,0,0,14
"567",0,0,0,1,0,0,0,0,0,0,7
"568",0,0,0,1,0,0,0,0,0,0,4
"569",0,0,0,1,0,0,0,0,0,0,7
"570",0,0,0,1,0,0,0,0,0,0,5
"571",0,0,0,1,0,0,0,0,0,0,5
"572",0,0,0,1,0,0,0,0,0,0,5
"573",0,0,0,1,0,0,0,0,0,0,10
"574",0,0,0,1,0,0,0,0,0,0,10
"575",0,0,0,1,0,0,0,0,0,0,9
"576",0,0,0,1,0,0,0,0,0,0,7
"577",0,0,0,1,0,0,0,0,0,0,5
"578",0,0,0,1,0,0,0,0,0,0,13
"579",0,0,0,1,0,0,0,0,0,0,21
"580",0,0,0,1,0,0,0,0,0,0,4
"581",0,0,0,1,0,0,0,0,0,0,4
"582",0,0,0,1,0,0,0,0,0,0,4
"583",0,0,0,1,0,0,0,0,0,0,2
"584",0,0,0,1,0,0,0,0,0,0,2
"585",0,0,0,1,0,0,0,0,0,0,2
"586",0,0,0,1,0,0,0,0,0,0,2
"587",0,0,0,1,0,0,0,0,0,0,2
"588",0,0,0,1,0,0,0,0,0,0,4
"589",0,0,0,1,0,0,0,0,0,0,6
"590",0,0,0,1,0,0,0,0,0,0,2
"591",0,0,0,1,0,0,0,0,0,0,6
"592",0,0,0,1,0,0,0,0,0,0,2
"593",0,0,0,1,0,0,0,0,0,0,10
"594",0,0,0,1,0,0,0,0,0,0,2
"595",0,0,0,1,0,0,0,0,0,0,2
"596",0,0,0,1,0,0,0,0,0,0,33
"597",0,0,0,1,0,0,0,0,0,0,5
"598",0,0,0,1,0,0,0,0,0,0,14
"599",0,0,0,1,0,0,0,0,0,0,2
"600",0,0,0,1,0,0,0,0,0,0,6
"601",0,0,0,1,0,0,0,0,0,0,13
"602",0,0,0,1,0,0,0,0,0,0,62
"603",0,0,0,1,0,0,0,0,0,0,3
"604",0,0,0,1,0,0,0,0,0,0,4
"605",0,0,0,1,0,0,0,0,0,0,7
"606",0,0,0,1,0,0,0,0,0,0,5
"607",0,0,0,1,0,0,0,0,0,0,19
"608",0,0,0,1,0,0,0,0,0,0,9
"609",0,0,0,1,0,0,0,0,0,0,3
"610",0,0,0,1,0,0,0,0,0,0,8
"611",0,0,0,1,0,0,0,0,0,0,3
"612",0,0,0,1,0,0,0,0,0,0,4
"613",0,0,0,1,0,0,0,0,0,0,12
"614",0,0,0,1,0,0,0,0,0,0,3
"615",0,0,0,1,0,0,0,0,0,0,3
"616",0,0,0,1,0,0,0,0,0,0,30
"617",0,0,0,1,0,0,0,0,0,0,6
"618",0,0,0,1,0,0,0,0,0,0,5
"619",0,0,0,1,0,0,0,0,0,0,7
"620",0,0,0,1,0,0,0,0,0,0,10
"621",0,0,0,1,0,0,0,0,0,0,11
"622",0,0,0,1,0,0,0,0,0,0,5
"623",0,0,0,1,0,0,0,0,0,0,8
"624",0,0,0,1,0,0,0,0,0,0,2
"625",0,0,0,1,0,0,0,0,0,0,4
"626",0,0,0,1,0,0,0,0,0,0,3
"627",0,0,0,1,0,0,0,0,0,0,6
"628",0,0,0,1,0,0,0,0,0,0,7
"629",0,0,0,1,0,0,0,0,0,0,5
"630",0,0,0,1,0,0,0,0,0,0,8
"631",0,0,0,1,0,0,0,0,0,0,3
"632",0,0,0,1,0,0,0,0,0,0,30
"633",0,0,0,1,0,0,0,0,0,0,6
"634",0,0,0,1,0,0,0,0,0,0,4
"635",0,0,0,1,0,0,0,0,0,0,7
"636",0,0,0,1,0,0,0,0,0,0,2
"637",0,0,0,1,0,0,0,0,0,0,3
"638",0,0,0,1,0,0,0,0,0,0,2
"639",0,0,0,1,0,0,0,0,0,0,4
"640",0,0,0,1,0,0,0,0,0,0,8
"641",0,0,0,1,0,0,0,0,0,0,4
"642",0,0,0,1,0,0,0,0,0,0,7
"643",0,0,0,1,0,0,0,0,0,0,21
"644",0,0,0,1,0,0,0,0,0,0,7
"645",0,0,0,1,0,0,0,0,0,0,2
"646",0,0,0,1,0,0,0,0,0,0,1
"647",0,0,0,1,0,0,0,0,0,0,7
"648",0,0,0,1,0,0,0,0,0,0,2
"649",0,0,0,1,0,0,0,0,0,0,7
"650",0,0,0,1,0,0,0,0,0,0,3
"651",0,0,0,1,0,0,0,0,0,0,4
"652",0,0,0,1,0,0,0,0,0,0,2
"653",0,0,0,1,0,0,0,0,0,0,2
"654",0,0,0,1,0,0,0,0,0,0,4
"655",0,0,0,1,0,0,0,0,0,0,2
"656",0,0,0,1,0,0,0,0,0,0,2
"657",0,0,0,1,0,0,0,0,0,0,12
"658",0,0,0,1,0,0,0,0,0,0,16
"659",0,0,0,1,0,0,0,0,0,0,14
"660",0,0,0,1,0,0,0,0,0,0,7
"661",0,0,0,1,0,0,0,0,0,0,5
"662",0,0,0,1,0,0,0,0,0,0,3
"663",0,0,0,1,0,0,0,0,0,0,34
"664",0,0,0,1,0,0,0,0,0,0,5
"665",0,0,0,1,0,0,0,0,0,0,4
"666",0,0,0,1,0,0,0,0,0,0,7
"667",0,0,0,1,0,0,0,0,0,0,3
"668",0,0,0,1,0,0,0,0,0,0,3
"669",0,0,0,1,0,0,0,0,0,0,2
"670",0,0,0,1,0,0,0,0,0,0,3
"671",0,0,0,1,0,0,0,0,0,0,7
"672",0,0,0,1,0,0,0,0,0,0,3
"673",0,0,0,1,0,0,0,0,0,0,3
"674",0,0,0,1,0,0,0,0,0,0,3
"675",0,0,0,1,0,0,0,0,0,0,2
"676",0,0,0,1,0,0,0,0,0,0,7
"677",0,0,0,1,0,0,0,0,0,0,5
"678",0,0,0,1,0,0,0,0,0,0,3
"679",0,0,0,1,0,0,0,0,0,0,3
"680",0,0,0,1,0,0,0,0,0,0,8
"681",0,0,0,1,0,0,0,0,0,0,7
"682",0,0,0,1,0,0,0,0,0,0,11
"683",0,0,0,1,0,0,0,0,0,0,6
"684",0,0,0,1,0,0,0,0,0,0,5
"685",0,0,0,1,0,0,0,0,0,0,3
"686",0,0,0,1,0,0,0,0,0,0,7
"687",0,0,0,1,0,0,0,0,0,0,7
"688",0,0,0,1,0,0,0,0,0,0,7
"689",0,0,0,1,0,0,0,0,0,0,5
"690",0,0,0,1,0,0,0,0,0,0,18
"691",0,0,0,1,0,0,0,0,0,0,3
"692",0,0,0,1,0,0,0,0,0,0,3
"693",0,0,0,1,0,0,0,0,0,0,5
"694",0,0,0,1,0,0,0,0,0,0,6
"695",0,0,0,1,0,0,0,0,0,0,4
"696",0,0,0,1,0,0,0,0,0,0,4
"697",0,0,0,1,0,0,0,0,0,0,4
"698",0,0,0,1,0,0,0,0,0,0,4
"699",0,0,0,1,0,0,0,0,0,0,6
"700",0,0,0,1,0,0,0,0,0,0,3
"701",0,0,0,1,0,0,0,0,0,0,5
"702",0,0,0,1,0,0,0,0,0,0,6
"703",0,0,0,1,0,0,0,0,0,0,10
"704",0,0,0,1,0,0,0,0,0,0,7
"705",0,0,0,1,0,0,0,0,0,0,7
"706",0,0,0,1,0,0,0,0,0,0,13
"707",0,0,0,1,0,0,0,0,0,0,6
"708",0,0,0,1,0,0,0,0,0,0,8
"709",0,0,0,1,0,0,0,0,0,0,5
"710",0,0,0,1,0,0,0,0,0,0,2
"711",0,0,0,1,0,0,0,0,0,0,4
"712",0,0,0,1,0,0,0,0,0,0,8
"713",0,0,0,1,0,0,0,0,0,0,2
"714",0,0,0,1,0,0,0,0,0,0,4
"715",0,0,0,1,0,0,0,0,0,0,3
"716",0,0,0,1,0,0,0,0,0,0,3
"717",0,0,0,1,0,0,0,0,0,0,7
"718",0,0,0,1,0,0,0,0,0,0,5
"719",0,0,0,1,0,0,0,0,0,0,3
"720",0,0,0,1,0,0,0,0,0,0,10
"721",0,0,0,1,0,0,0,0,0,0,5
"722",0,0,0,1,0,0,0,0,0,0,9
"723",0,0,0,1,0,0,0,0,0,0,5
"724",0,0,0,1,0,0,0,0,0,0,5
"725",0,0,0,1,0,0,0,0,0,0,4
"726",0,0,0,1,0,0,0,0,0,0,3
"727",0,0,0,1,0,0,0,0,0,0,4
"728",0,0,0,1,0,0,0,0,0,0,8
"729",0,0,0,1,0,0,0,0,0,0,7
"730",0,0,0,1,0,0,0,0,0,0,7
"731",0,0,0,1,0,0,0,0,0,0,5
"732",0,0,0,1,0,0,0,0,0,0,4
"733",0,0,0,1,0,0,0,0,0,0,4
"734",0,0,0,1,0,0,0,0,0,0,11
"735",0,0,0,1,0,0,0,0,0,0,6
"736",0,0,0,1,0,0,0,0,0,0,7
"737",0,0,0,1,0,0,0,0,0,0,4
"738",0,0,0,1,0,0,0,0,0,0,5
"739",0,0,0,1,0,0,0,0,0,0,9
"740",0,0,0,1,0,0,0,0,0,0,8
"741",0,0,0,1,0,0,0,0,0,0,3
"742",0,0,0,1,0,0,0,0,0,0,4
"743",0,0,0,1,0,0,0,0,0,0,3
"744",0,0,0,1,0,0,0,0,0,0,2
"745",0,0,0,1,0,0,0,0,0,0,2
"746",0,0,0,1,0,0,0,0,0,0,4
"747",0,0,0,1,0,0,0,0,0,0,3
"748",0,0,0,1,0,0,0,0,0,0,4
"749",0,0,0,1,0,0,0,0,0,0,3
"750",0,0,0,1,0,0,0,0,0,0,4
"751",0,0,0,1,0,0,0,0,0,0,7
"752",0,0,0,1,0,0,0,0,0,0,7
"753",0,0,0,1,0,0,0,0,0,0,4
"754",0,0,0,1,0,0,0,0,0,0,8
"755",0,0,0,1,0,0,0,0,0,0,5
"756",0,0,0,1,0,0,0,0,0,0,3
"757",0,0,0,1,0,0,0,0,0,0,14
"758",0,0,0,1,0,0,0,0,0,0,5
"759",0,0,0,1,0,0,0,0,0,0,5
"760",0,0,0,1,0,0,0,0,0,0,16
"761",0,0,0,1,0,0,0,0,0,0,34
"762",0,0,0,1,0,0,0,0,0,0,3
"763",0,0,0,1,0,0,0,0,0,0,3
"764",0,0,0,1,0,0,0,0,0,0,3
"765",0,0,0,1,0,0,0,0,0,0,5
"766",0,0,0,1,0,0,0,0,0,0,2
"767",0,0,0,1,0,0,0,0,0,0,4
"768",0,0,0,1,0,0,0,0,0,0,4
"769",0,0,0,1,0,0,0,0,0,0,7
"770",0,0,0,1,0,0,0,0,0,0,7
"771",0,0,0,1,0,0,0,0,0,0,4
"772",0,0,0,1,0,0,0,0,0,0,5
"773",0,0,0,1,0,0,0,0,0,0,4
"774",0,0,0,1,0,0,0,0,0,0,6
"775",0,0,0,1,0,0,0,0,0,0,7
"776",0,0,0,1,0,0,0,0,0,0,5
"777",0,0,0,1,0,0,0,0,0,0,12
"778",0,0,0,1,0,0,0,0,0,0,5
"779",0,0,0,1,0,0,0,0,0,0,4
"780",0,0,0,1,0,0,0,0,0,0,4
"781",0,0,0,1,0,0,0,0,0,0,2
"782",0,0,0,1,0,0,0,0,0,0,6
"783",0,0,0,1,0,0,0,0,0,0,4
"784",0,0,0,1,0,0,0,0,0,0,10
"785",0,0,0,1,0,0,0,0,0,0,7
"786",0,0,0,1,0,0,0,0,0,0,3
"787",0,0,0,1,0,0,0,0,0,0,7
"788",0,0,0,1,0,0,0,0,0,0,6
"789",0,0,0,1,0,0,0,0,0,0,3
"790",0,0,0,1,0,0,0,0,0,0,6
"791",0,0,0,1,0,0,0,0,0,0,3
"792",0,0,0,1,0,0,0,0,0,0,12
"793",0,0,0,1,0,0,0,0,0,0,3
"794",0,0,0,1,0,0,0,0,0,0,4
"795",0,0,0,1,0,0,0,0,0,0,3
"796",0,0,0,1,0,0,0,0,0,0,3
"797",0,0,0,1,0,0,0,0,0,0,4
"798",0,0,0,1,0,0,0,0,0,0,6
"799",0,0,0,1,0,0,0,0,0,0,3
"800",0,0,0,1,0,0,0,0,0,0,2
"801",0,0,0,1,0,0,0,0,0,0,5
"802",0,0,0,1,0,0,0,0,0,0,6
"803",0,0,0,1,0,0,0,0,0,0,4
"804",0,0,0,1,0,0,0,0,0,0,4
"805",0,0,0,1,0,0,0,0,0,0,8
"806",0,0,0,1,0,0,0,0,0,0,7
"807",0,0,0,1,0,0,0,0,0,0,6
"808",0,0,0,1,0,0,0,0,0,0,8
"809",0,0,0,1,0,0,0,0,0,0,20
"810",0,0,0,1,0,0,0,0,0,0,10
"811",0,0,0,1,0,0,0,0,0,0,11
"812",0,0,0,1,0,0,0,0,0,0,4
"813",0,0,0,1,0,0,0,0,0,0,4
"814",0,0,0,1,0,0,0,0,0,0,5
"815",0,0,0,1,0,0,0,0,0,0,5
"816",0,0,0,1,0,0,0,0,0,0,9
"817",0,0,0,1,0,0,0,0,0,0,4
"818",0,0,0,1,0,0,0,0,0,0,5
"819",0,0,0,1,0,0,0,0,0,0,6
"820",0,0,0,1,0,0,0,0,0,0,7
"821",0,0,0,1,0,0,0,0,0,0,7
"822",0,0,0,1,0,0,0,0,0,0,13
"823",0,0,0,1,0,0,0,0,0,0,5
"824",0,0,0,1,0,0,0,0,0,0,6
"825",0,0,0,1,0,0,0,0,0,0,9
"826",0,0,0,1,0,0,0,0,0,0,5
"827",0,0,0,1,0,0,0,0,0,0,5
"828",0,0,0,1,0,0,0,0,0,0,3
"829",0,0,0,1,0,0,0,0,0,0,4
"830",0,0,0,1,0,0,0,0,0,0,5
"831",0,0,0,1,0,0,0,0,0,0,5
"832",0,0,0,1,0,0,0,0,0,0,10
"833",0,0,0,1,0,0,0,0,0,0,12
"834",0,0,0,1,0,0,0,0,0,0,5
"835",0,0,0,1,0,0,0,0,0,0,4
"836",0,0,0,1,0,0,0,0,0,0,11
"837",0,0,0,1,0,0,0,0,0,0,16
"838",0,0,0,1,0,0,0,0,0,0,5
"839",0,0,0,1,0,0,0,0,0,0,5
"840",0,0,0,1,0,0,0,0,0,0,27
"841",0,0,0,1,0,0,0,0,0,0,8
"842",0,0,0,1,0,0,0,0,0,0,7
"843",0,0,0,1,0,0,0,0,0,0,10
"844",0,0,0,1,0,0,0,0,0,0,7
"845",0,0,0,1,0,0,0,0,0,0,5
"846",0,0,0,1,0,0,0,0,0,0,3
"847",0,0,0,1,0,0,0,0,0,0,4
"848",0,0,0,1,0,0,0,0,0,0,5
"849",0,0,0,1,0,0,0,0,0,0,7
"850",0,0,0,1,0,0,0,0,0,0,14
"851",0,0,0,1,0,0,0,0,0,0,4
"852",0,0,0,1,0,0,0,0,0,0,2
"853",0,0,0,1,0,0,0,0,0,0,5
"854",0,0,0,1,0,0,0,0,0,0,6
"855",0,0,0,1,0,0,0,0,0,0,5
"856",0,0,0,1,0,0,0,0,0,0,5
"857",0,0,0,1,0,0,0,0,0,0,7
"858",0,0,0,1,0,0,0,0,0,0,3
"859",0,0,0,1,0,0,0,0,0,0,9
"860",0,0,0,1,0,0,0,0,0,0,21
"861",0,0,0,1,0,0,0,0,0,0,3
"862",0,0,0,1,0,0,0,0,0,0,4
"863",0,0,0,1,0,0,0,0,0,0,5
"864",0,0,0,1,0,0,0,0,0,0,2
"865",0,0,0,1,0,0,0,0,0,0,3
"866",0,0,0,1,0,0,0,0,0,0,3
"867",0,0,0,1,0,0,0,0,0,0,6
"868",0,0,0,1,0,0,0,0,0,0,4
"869",0,0,0,1,0,0,0,0,0,0,5
"870",0,0,0,1,0,0,0,0,0,0,3
"871",0,0,0,1,0,0,0,0,0,0,7
"872",0,0,0,1,0,0,0,0,0,0,8
"873",0,0,0,1,0,0,0,0,0,0,9
"874",0,0,0,1,0,0,0,0,0,0,3
"875",0,0,0,1,0,0,0,0,0,0,3
"876",0,0,0,1,0,0,0,0,0,0,5
"877",0,0,0,1,0,0,0,0,0,0,3
"878",0,0,0,1,0,0,0,0,0,0,2
"879",0,0,0,1,0,0,0,0,0,0,4
"880",0,0,0,1,0,0,0,0,0,0,3
"881",0,0,0,1,0,0,0,0,0,0,3
"882",0,0,0,1,0,0,0,0,0,0,13
"883",0,0,0,1,0,0,0,0,0,0,3
"884",0,0,0,1,0,0,0,0,0,0,10
"885",0,0,0,1,0,0,0,0,0,0,10
"886",0,0,0,1,0,0,0,0,0,0,5
"887",0,0,0,1,0,0,0,0,0,0,3
"888",0,0,0,1,0,0,0,0,0,0,3
"889",0,0,0,1,0,0,0,0,0,0,5
"890",0,0,0,1,0,0,0,0,0,0,3
"891",0,0,0,1,0,0,0,0,0,0,5
"892",0,0,0,1,0,0,0,0,0,0,3
"893",0,0,0,1,0,0,0,0,0,0,5
"894",0,0,0,1,0,0,0,0,0,0,6
"895",0,0,0,0,1,0,0,0,0,0,33
"896",0,0,0,0,1,0,0,0,0,0,1
"897",0,0,0,0,1,0,0,0,0,0,3
"898",0,0,0,0,1,0,0,0,0,0,3
"899",0,0,0,0,1,0,0,0,0,0,7
"900",0,0,0,0,1,0,0,0,0,0,20
"901",0,0,0,0,1,0,0,0,0,0,9
"902",0,0,0,0,1,0,0,0,0,0,3
"903",0,0,0,0,1,0,0,0,0,0,3
"904",0,0,0,0,1,0,0,0,0,0,7
"905",0,0,0,0,1,0,0,0,0,0,20
"906",0,0,0,0,1,0,0,0,0,0,1
"907",0,0,0,0,1,0,0,0,0,0,37
"908",0,0,0,0,1,0,0,0,0,0,16
"909",0,0,0,0,1,0,0,0,0,0,23
"910",0,0,0,0,1,0,0,0,0,0,9
"911",0,0,0,0,1,0,0,0,0,0,8
"912",0,0,0,0,1,0,0,0,0,0,7
"913",0,0,0,0,1,0,0,0,0,0,8
"914",0,0,0,0,1,0,0,0,0,0,3
"915",0,0,0,0,1,0,0,0,0,0,3
"916",0,0,0,0,1,0,0,0,0,0,7
"917",0,0,0,0,1,0,0,0,0,0,20
"918",0,0,0,0,1,0,0,0,0,0,1
"919",0,0,0,0,1,0,0,0,0,0,7
"920",0,0,0,0,1,0,0,0,0,0,1
"921",0,0,0,0,1,0,0,0,0,0,4
"922",0,0,0,0,1,0,0,0,0,0,4
"923",0,0,0,0,1,0,0,0,0,0,5
"924",0,0,0,0,1,0,0,0,0,0,57
"925",0,0,0,0,1,0,0,0,0,0,5
"926",0,0,0,0,1,0,0,0,0,0,30
"927",0,0,0,0,1,0,0,0,0,0,2
"928",0,0,0,0,1,0,0,0,0,0,1
"929",0,0,0,0,1,0,0,0,0,0,28
"930",0,0,0,0,1,0,0,0,0,0,2
"931",0,0,0,0,1,0,0,0,0,0,1
"932",0,0,0,0,1,0,0,0,0,0,92
"933",0,0,0,0,1,0,0,0,0,0,7
"934",0,0,0,0,1,0,0,0,0,0,1
"935",0,0,0,0,1,0,0,0,0,0,10
"936",0,0,0,0,1,0,0,0,0,0,5
"937",0,0,0,0,1,0,0,0,0,0,6
"938",0,0,0,0,1,0,0,0,0,0,28
"939",0,0,0,0,1,0,0,0,0,0,2
"940",0,0,0,0,1,0,0,0,0,0,3
"941",0,0,0,0,1,0,0,0,0,0,62
"942",0,0,0,0,1,0,0,0,0,0,60
"943",0,0,0,0,1,0,0,0,0,0,11
"944",0,0,0,0,1,0,0,0,0,0,20
"945",0,0,0,0,1,0,0,0,0,0,3
"946",0,0,0,0,1,0,0,0,0,0,54
"947",0,0,0,0,1,0,0,0,0,0,2
"948",0,0,0,0,1,0,0,0,0,0,2
"949",0,0,0,0,1,0,0,0,0,0,41
"950",0,0,0,0,1,0,0,0,0,0,7
"951",0,0,0,0,1,0,0,0,0,0,1
"952",0,0,0,0,1,0,0,0,0,0,3
"953",0,0,0,0,1,0,0,0,0,0,3
"954",0,0,0,0,1,0,0,0,0,0,2
"955",0,0,0,0,1,0,0,0,0,0,1
"956",0,0,0,0,1,0,0,0,0,0,2
"957",0,0,0,0,1,0,0,0,0,0,42
"958",0,0,0,0,1,0,0,0,0,0,2
"959",0,0,0,0,1,0,0,0,0,0,1
"960",0,0,0,0,1,0,0,0,0,0,13
"961",0,0,0,0,1,0,0,0,0,0,12
"962",0,0,0,0,1,0,0,0,0,0,24
"963",0,0,0,0,1,0,0,0,0,0,4
"964",0,0,0,0,1,0,0,0,0,0,9
"965",0,0,0,0,1,0,0,0,0,0,89
"966",0,0,0,0,1,0,0,0,0,0,2
"967",0,0,0,0,1,0,0,0,0,0,58
"968",0,0,0,0,1,0,0,0,0,0,1
"969",0,0,0,0,1,0,0,0,0,0,5
"970",0,0,0,0,1,0,0,0,0,0,4
"971",0,0,0,0,1,0,0,0,0,0,20
"972",0,0,0,0,1,0,0,0,0,0,2
"973",0,0,0,0,1,0,0,0,0,0,2
"974",0,0,0,0,1,0,0,0,0,0,9
"975",0,0,0,0,1,0,0,0,0,0,32
"976",0,0,0,0,1,0,0,0,0,0,3
"977",0,0,0,0,1,0,0,0,0,0,10
"978",0,0,0,0,1,0,0,0,0,0,15
"979",0,0,0,0,1,0,0,0,0,0,15
"980",0,0,0,0,1,0,0,0,0,0,5
"981",0,0,0,0,1,0,0,0,0,0,57
"982",0,0,0,0,1,0,0,0,0,0,2
"983",0,0,0,0,1,0,0,0,0,0,1
"984",0,0,0,0,1,0,0,0,0,0,1
"985",0,0,0,0,1,0,0,0,0,0,14
"986",0,0,0,0,1,0,0,0,0,0,1
"987",0,0,0,0,1,0,0,0,0,0,5
"988",0,0,0,0,1,0,0,0,0,0,6
"989",0,0,0,0,1,0,0,0,0,0,5
"990",0,0,0,0,1,0,0,0,0,0,14
"991",0,0,0,0,1,0,0,0,0,0,59
"992",0,0,0,0,1,0,0,0,0,0,43
"993",0,0,0,0,1,0,0,0,0,0,59
"994",0,0,0,0,1,0,0,0,0,0,27
"995",0,0,0,0,1,0,0,0,0,0,4
"996",0,0,0,0,1,0,0,0,0,0,2
"997",0,0,0,0,1,0,0,0,0,0,2
"998",0,0,0,0,1,0,0,0,0,0,14
"999",0,0,0,0,1,0,0,0,0,0,12
"1000",0,0,0,0,1,0,0,0,0,0,6
"1001",0,0,0,0,1,0,0,0,0,0,10
"1002",0,0,0,0,1,0,0,0,0,0,10
"1003",0,0,0,0,1,0,0,0,0,0,4
"1004",0,0,0,0,1,0,0,0,0,0,12
"1005",0,0,0,0,1,0,0,0,0,0,3
"1006",0,0,0,0,1,0,0,0,0,0,1
"1007",0,0,0,0,1,0,0,0,0,0,54
"1008",0,0,0,0,1,0,0,0,0,0,6
"1009",0,0,0,0,1,0,0,0,0,0,94
"1010",0,0,0,0,1,0,0,0,0,0,1
"1011",0,0,0,0,1,0,0,0,0,0,2
"1012",0,0,0,0,1,0,0,0,0,0,6
"1013",0,0,0,0,1,0,0,0,0,0,2
"1014",0,0,0,0,1,0,0,0,0,0,3
"1015",0,0,0,0,1,0,0,0,0,0,45
"1016",0,0,0,0,1,0,0,0,0,0,4
"1017",0,0,0,0,1,0,0,0,0,0,31
"1018",0,0,0,0,1,0,0,0,0,0,28
"1019",0,0,0,0,1,0,0,0,0,0,9
"1020",0,0,0,0,1,0,0,0,0,0,8
"1021",0,0,0,0,1,0,0,0,0,0,1
"1022",0,0,0,0,0,1,0,0,0,0,101
"1023",0,0,0,0,0,1,0,0,0,0,7
"1024",0,0,0,0,0,1,0,0,0,0,17
"1025",0,0,0,0,0,1,0,0,0,0,14
"1026",0,0,0,0,0,1,0,0,0,0,2
"1027",0,0,0,0,0,1,0,0,0,0,43
"1028",0,0,0,0,0,1,0,0,0,0,7
"1029",0,0,0,0,0,1,0,0,0,0,3
"1030",0,0,0,0,0,1,0,0,0,0,4
"1031",0,0,0,0,0,1,0,0,0,0,5
"1032",0,0,0,0,0,1,0,0,0,0,39
"1033",0,0,0,0,0,1,0,0,0,0,3
"1034",0,0,0,0,0,1,0,0,0,0,101
"1035",0,0,0,0,0,1,0,0,0,0,7
"1036",0,0,0,0,0,1,0,0,0,0,17
"1037",0,0,0,0,0,1,0,0,0,0,24
"1038",0,0,0,0,0,1,0,0,0,0,23
"1039",0,0,0,0,0,1,0,0,0,0,10
"1040",0,0,0,0,0,1,0,0,0,0,3
"1041",0,0,0,0,0,1,0,0,0,0,4
"1042",0,0,0,0,0,1,0,0,0,0,5
"1043",0,0,0,0,0,1,0,0,0,0,34
"1044",0,0,0,0,0,1,0,0,0,0,19
"1045",0,0,0,0,0,1,0,0,0,0,8
"1046",0,0,0,0,0,1,0,0,0,0,20
"1047",0,0,0,0,0,1,0,0,0,0,7
"1048",0,0,0,0,0,1,0,0,0,0,11
"1049",0,0,0,0,0,1,0,0,0,0,5
"1050",0,0,0,0,0,1,0,0,0,0,2
"1051",0,0,0,0,0,1,0,0,0,0,14
"1052",0,0,0,0,0,1,0,0,0,0,2
"1053",0,0,0,0,0,1,0,0,0,0,43
"1054",0,0,0,0,0,1,0,0,0,0,7
"1055",0,0,0,0,0,1,0,0,0,0,2
"1056",0,0,0,0,0,1,0,0,0,0,3
"1057",0,0,0,0,0,1,0,0,0,0,11
"1058",0,0,0,0,0,1,0,0,0,0,10
"1059",0,0,0,0,0,1,0,0,0,0,4
"1060",0,0,0,0,0,1,0,0,0,0,120
"1061",0,0,0,0,0,1,0,0,0,0,7
"1062",0,0,0,0,0,1,0,0,0,0,2
"1063",0,0,0,0,0,1,0,0,0,0,6
"1064",0,0,0,0,0,1,0,0,0,0,7
"1065",0,0,0,0,0,1,0,0,0,0,8
"1066",0,0,0,0,0,1,0,0,0,0,7
"1067",0,0,0,0,0,1,0,0,0,0,16
"1068",0,0,0,0,0,1,0,0,0,0,3
"1069",0,0,0,0,0,1,0,0,0,0,2
"1070",0,0,0,0,0,1,0,0,0,0,2
"1071",0,0,0,0,0,1,0,0,0,0,21
"1072",0,0,0,0,0,1,0,0,0,0,1
"1073",0,0,0,0,0,1,0,0,0,0,17
"1074",0,0,0,0,0,1,0,0,0,0,3
"1075",0,0,0,0,0,1,0,0,0,0,24
"1076",0,0,0,0,0,1,0,0,0,0,23
"1077",0,0,0,0,0,1,0,0,0,0,2
"1078",0,0,0,0,0,1,0,0,0,0,7
"1079",0,0,0,0,0,1,0,0,0,0,10
"1080",0,0,0,0,0,1,0,0,0,0,12
"1081",0,0,0,0,0,1,0,0,0,0,1
"1082",0,0,0,0,0,1,0,0,0,0,1
"1083",0,0,0,0,0,1,0,0,0,0,3
"1084",0,0,0,0,0,1,0,0,0,0,3
"1085",0,0,0,0,0,1,0,0,0,0,4
"1086",0,0,0,0,0,1,0,0,0,0,5
"1087",0,0,0,0,0,1,0,0,0,0,34
"1088",0,0,0,0,0,1,0,0,0,0,3
"1089",0,0,0,0,0,1,0,0,0,0,19
"1090",0,0,0,0,0,1,0,0,0,0,8
"1091",0,0,0,0,0,1,0,0,0,0,116
"1092",0,0,0,0,0,1,0,0,0,0,4
"1093",0,0,0,0,0,1,0,0,0,0,7
"1094",0,0,0,0,0,1,0,0,0,0,9
"1095",0,0,0,0,0,1,0,0,0,0,1
"1096",0,0,0,0,0,1,0,0,0,0,1
"1097",0,0,0,0,0,1,0,0,0,0,2
"1098",0,0,0,0,0,1,0,0,0,0,71
"1099",0,0,0,0,0,1,0,0,0,0,20
"1100",0,0,0,0,0,1,0,0,0,0,7
"1101",0,0,0,0,0,1,0,0,0,0,11
"1102",0,0,0,0,0,1,0,0,0,0,5
"1103",0,0,0,0,0,1,0,0,0,0,2
"1104",0,0,0,0,0,1,0,0,0,0,23
"1105",0,0,0,0,0,1,0,0,0,0,3
"1106",0,0,0,0,0,1,0,0,0,0,2
"1107",0,0,0,0,0,1,0,0,0,0,14
"1108",0,0,0,0,0,1,0,0,0,0,2
"1109",0,0,0,0,0,1,0,0,0,0,25
"1110",0,0,0,0,0,1,0,0,0,0,21
"1111",0,0,0,0,0,1,0,0,0,0,43
"1112",0,0,0,0,0,1,0,0,0,0,7
"1113",0,0,0,0,0,1,0,0,0,0,10
"1114",0,0,0,0,0,1,0,0,0,0,1
"1115",0,0,0,0,0,1,0,0,0,0,180
"1116",0,0,0,0,0,1,0,0,0,0,49
"1117",0,0,0,0,0,1,0,0,0,0,1
"1118",0,0,0,0,0,1,0,0,0,0,2
"1119",0,0,0,0,0,1,0,0,0,0,49
"1120",0,0,0,0,0,1,0,0,0,0,1
"1121",0,0,0,0,0,1,0,0,0,0,10
"1122",0,0,0,0,0,1,0,0,0,0,44
"1123",0,0,0,0,0,1,0,0,0,0,149
"1124",0,0,0,0,0,1,0,0,0,0,1
"1125",0,0,0,0,0,1,0,0,0,0,5
"1126",0,0,0,0,0,1,0,0,0,0,4
"1127",0,0,0,0,0,1,0,0,0,0,92
"1128",0,0,0,0,0,1,0,0,0,0,180
"1129",0,0,0,0,0,1,0,0,0,0,6
"1130",0,0,0,0,0,1,0,0,0,0,31
"1131",0,0,0,0,0,1,0,0,0,0,104
"1132",0,0,0,0,0,1,0,0,0,0,2
"1133",0,0,0,0,0,1,0,0,0,0,63
"1134",0,0,0,0,0,1,0,0,0,0,65
"1135",0,0,0,0,0,1,0,0,0,0,35
"1136",0,0,0,0,0,1,0,0,0,0,112
"1137",0,0,0,0,0,1,0,0,0,0,7
"1138",0,0,0,0,0,1,0,0,0,0,10
"1139",0,0,0,0,0,0,1,0,0,0,3
"1140",0,0,0,0,0,0,1,0,0,0,9
"1141",0,0,0,0,0,0,1,0,0,0,1
"1142",0,0,0,0,0,0,1,0,0,0,68
"1143",0,0,0,0,0,0,1,0,0,0,180
"1144",0,0,0,0,0,0,1,0,0,0,3
"1145",0,0,0,0,0,0,1,0,0,0,4
"1146",0,0,0,0,0,0,1,0,0,0,1
"1147",0,0,0,0,0,0,1,0,0,0,68
"1148",0,0,0,0,0,0,1,0,0,0,180
"1149",0,0,0,0,0,0,1,0,0,0,9
"1150",0,0,0,0,0,0,1,0,0,0,19
"1151",0,0,0,0,0,0,1,0,0,0,20
"1152",0,0,0,0,0,0,1,0,0,0,3
"1153",0,0,0,0,0,0,1,0,0,0,4
"1154",0,0,0,0,0,0,1,0,0,0,1
"1155",0,0,0,0,0,0,1,0,0,0,68
"1156",0,0,0,0,0,0,1,0,0,0,180
"1157",0,0,0,0,0,0,1,0,0,0,4
"1158",0,0,0,0,0,0,1,0,0,0,9
"1159",0,0,0,0,0,0,0,1,0,0,11
"1160",0,0,0,0,0,0,0,1,0,0,7
"1161",0,0,0,0,0,0,0,1,0,0,4
"1162",0,0,0,0,0,0,0,1,0,0,7
"1163",0,0,0,0,0,0,0,1,0,0,1
"1164",0,0,0,0,0,0,0,1,0,0,3
"1165",0,0,0,0,0,0,0,1,0,0,75
"1166",0,0,0,0,0,0,0,1,0,0,9
"1167",0,0,0,0,0,0,0,1,0,0,14
"1168",0,0,0,0,0,0,0,1,0,0,29
"1169",0,0,0,0,0,0,0,1,0,0,4
"1170",0,0,0,0,0,0,0,1,0,0,12
"1171",0,0,0,0,0,0,0,1,0,0,9
"1172",0,0,0,0,0,0,0,1,0,0,4
"1173",0,0,0,0,0,0,0,1,0,0,8
"1174",0,0,0,0,0,0,0,1,0,0,48
"1175",0,0,0,0,0,0,0,1,0,0,33
"1176",0,0,0,0,0,0,0,1,0,0,14
"1177",0,0,0,0,0,0,0,1,0,0,28
"1178",0,0,0,0,0,0,0,1,0,0,11
"1179",0,0,0,0,0,0,0,1,0,0,7
"1180",0,0,0,0,0,0,0,1,0,0,4
"1181",0,0,0,0,0,0,0,1,0,0,8
"1182",0,0,0,0,0,0,0,1,0,0,4
"1183",0,0,0,0,0,0,0,1,0,0,7
"1184",0,0,0,0,0,0,0,1,0,0,2
"1185",0,0,0,0,0,0,0,1,0,0,3
"1186",0,0,0,0,0,0,0,1,0,0,3
"1187",0,0,0,0,0,0,0,1,0,0,1
"1188",0,0,0,0,0,0,0,1,0,0,51
"1189",0,0,0,0,0,0,0,1,0,0,7
"1190",0,0,0,0,0,0,0,1,0,0,15
"1191",0,0,0,0,0,0,0,1,0,0,7
"1192",0,0,0,0,0,0,0,1,0,0,4
"1193",0,0,0,0,0,0,0,1,0,0,8
"1194",0,0,0,0,0,0,0,1,0,0,35
"1195",0,0,0,0,0,0,0,1,0,0,14
"1196",0,0,0,0,0,0,0,1,0,0,51
"1197",0,0,0,0,0,0,0,1,0,0,2
"1198",0,0,0,0,0,0,0,1,0,0,7
"1199",0,0,0,0,0,0,0,1,0,0,5
"1200",0,0,0,0,0,0,0,1,0,0,7
"1201",0,0,0,0,0,0,0,1,0,0,11
"1202",0,0,0,0,0,0,0,1,0,0,75
"1203",0,0,0,0,0,0,0,1,0,0,9
"1204",0,0,0,0,0,0,0,1,0,0,14
"1205",0,0,0,0,0,0,0,1,0,0,29
"1206",0,0,0,0,0,0,0,1,0,0,4
"1207",0,0,0,0,0,0,0,1,0,0,12
"1208",0,0,0,0,0,0,0,1,0,0,10
"1209",0,0,0,0,0,0,0,1,0,0,7
"1210",0,0,0,0,0,0,0,1,0,0,2
"1211",0,0,0,0,0,0,0,1,0,0,4
"1212",0,0,0,0,0,0,0,1,0,0,11
"1213",0,0,0,0,0,0,0,1,0,0,2
"1214",0,0,0,0,0,0,0,1,0,0,2
"1215",0,0,0,0,0,0,0,1,0,0,5
"1216",0,0,0,0,0,0,0,1,0,0,13
"1217",0,0,0,0,0,0,0,1,0,0,25
"1218",0,0,0,0,0,0,0,1,0,0,30
"1219",0,0,0,0,0,0,0,1,0,0,7
"1220",0,0,0,0,0,0,0,1,0,0,4
"1221",0,0,0,0,0,0,0,1,0,0,3
"1222",0,0,0,0,0,0,0,1,0,0,43
"1223",0,0,0,0,0,0,0,1,0,0,1
"1224",0,0,0,0,0,0,0,1,0,0,8
"1225",0,0,0,0,0,0,0,1,0,0,4
"1226",0,0,0,0,0,0,0,1,0,0,8
"1227",0,0,0,0,0,0,0,1,0,0,6
"1228",0,0,0,0,0,0,0,1,0,0,6
"1229",0,0,0,0,0,0,0,1,0,0,6
"1230",0,0,0,0,0,0,0,1,0,0,5
"1231",0,0,0,0,0,0,0,1,0,0,3
"1232",0,0,0,0,0,0,0,1,0,0,2
"1233",0,0,0,0,0,0,0,1,0,0,2
"1234",0,0,0,0,0,0,0,1,0,0,7
"1235",0,0,0,0,0,0,0,1,0,0,4
"1236",0,0,0,0,0,0,0,1,0,0,55
"1237",0,0,0,0,0,0,0,1,0,0,7
"1238",0,0,0,0,0,0,0,1,0,0,9
"1239",0,0,0,0,0,0,0,1,0,0,7
"1240",0,0,0,0,0,0,0,1,0,0,2
"1241",0,0,0,0,0,0,0,1,0,0,3
"1242",0,0,0,0,0,0,0,1,0,0,1
"1243",0,0,0,0,0,0,0,1,0,0,5
"1244",0,0,0,0,0,0,0,1,0,0,20
"1245",0,0,0,0,0,0,0,1,0,0,7
"1246",0,0,0,0,0,0,0,1,0,0,3
"1247",0,0,0,0,0,0,0,1,0,0,14
"1248",0,0,0,0,0,0,0,1,0,0,1
"1249",0,0,0,0,0,0,0,1,0,0,13
"1250",0,0,0,0,0,0,0,1,0,0,2
"1251",0,0,0,0,0,0,0,1,0,0,51
"1252",0,0,0,0,0,0,0,1,0,0,70
"1253",0,0,0,0,0,0,0,1,0,0,7
"1254",0,0,0,0,0,0,0,1,0,0,15
"1255",0,0,0,0,0,0,0,1,0,0,7
"1256",0,0,0,0,0,0,0,1,0,0,4
"1257",0,0,0,0,0,0,0,1,0,0,8
"1258",0,0,0,0,0,0,0,1,0,0,35
"1259",0,0,0,0,0,0,0,1,0,0,33
"1260",0,0,0,0,0,0,0,1,0,0,14
"1261",0,0,0,0,0,0,0,1,0,0,51
"1262",0,0,0,0,0,0,0,1,0,0,3
"1263",0,0,0,0,0,0,0,1,0,0,2
"1264",0,0,0,0,0,0,0,1,0,0,7
"1265",0,0,0,0,0,0,0,1,0,0,2
"1266",0,0,0,0,0,0,0,1,0,0,115
"1267",0,0,0,0,0,0,0,1,0,0,14
"1268",0,0,0,0,0,0,0,1,0,0,25
"1269",0,0,0,0,0,0,0,1,0,0,7
"1270",0,0,0,0,0,0,0,1,0,0,11
"1271",0,0,0,0,0,0,0,1,0,0,8
"1272",0,0,0,0,0,0,0,1,0,0,5
"1273",0,0,0,0,0,0,0,1,0,0,3
"1274",0,0,0,0,0,0,0,1,0,0,3
"1275",0,0,0,0,0,0,0,1,0,0,14
"1276",0,0,0,0,0,0,0,1,0,0,2
"1277",0,0,0,0,0,0,0,1,0,0,3
"1278",0,0,0,0,0,0,0,1,0,0,2
"1279",0,0,0,0,0,0,0,1,0,0,3
"1280",0,0,0,0,0,0,0,1,0,0,5
"1281",0,0,0,0,0,0,0,1,0,0,7
"1282",0,0,0,0,0,0,0,1,0,0,11
"1283",0,0,0,0,0,0,0,1,0,0,25
"1284",0,0,0,0,0,0,0,1,0,0,1
"1285",0,0,0,0,0,0,0,1,0,0,150
"1286",0,0,0,0,0,0,0,1,0,0,33
"1287",0,0,0,0,0,0,0,1,0,0,75
"1288",0,0,0,0,0,0,0,1,0,0,47
"1289",0,0,0,0,0,0,0,1,0,0,14
"1290",0,0,0,0,0,0,0,1,0,0,29
"1291",0,0,0,0,0,0,0,1,0,0,6
"1292",0,0,0,0,0,0,0,1,0,0,10
"1293",0,0,0,0,0,0,0,1,0,0,2
"1294",0,0,0,0,0,0,0,1,0,0,21
"1295",0,0,0,0,0,0,0,1,0,0,6
"1296",0,0,0,0,0,0,0,1,0,0,40
"1297",0,0,0,0,0,0,0,1,0,0,3
"1298",0,0,0,0,0,0,0,1,0,0,3
"1299",0,0,0,0,0,0,0,1,0,0,5
"1300",0,0,0,0,0,0,0,1,0,0,2
"1301",0,0,0,0,0,0,0,1,0,0,49
"1302",0,0,0,0,0,0,0,1,0,0,2
"1303",0,0,0,0,0,0,0,1,0,0,4
"1304",0,0,0,0,0,0,0,1,0,0,12
"1305",0,0,0,0,0,0,0,1,0,0,10
"1306",0,0,0,0,0,0,0,1,0,0,2
"1307",0,0,0,0,0,0,0,1,0,0,7
"1308",0,0,0,0,0,0,0,1,0,0,27
"1309",0,0,0,0,0,0,0,1,0,0,3
"1310",0,0,0,0,0,0,0,1,0,0,180
"1311",0,0,0,0,0,0,0,1,0,0,3
"1312",0,0,0,0,0,0,0,1,0,0,6
"1313",0,0,0,0,0,0,0,1,0,0,3
"1314",0,0,0,0,0,0,0,1,0,0,53
"1315",0,0,0,0,0,0,0,1,0,0,4
"1316",0,0,0,0,0,0,0,1,0,0,18
"1317",0,0,0,0,0,0,0,1,0,0,7
"1318",0,0,0,0,0,0,0,1,0,0,4
"1319",0,0,0,0,0,0,0,1,0,0,8
"1320",0,0,0,0,0,0,0,1,0,0,115
"1321",0,0,0,0,0,0,0,1,0,0,90
"1322",0,0,0,0,0,0,0,1,0,0,5
"1323",0,0,0,0,0,0,0,1,0,0,1
"1324",0,0,0,0,0,0,0,1,0,0,1
"1325",0,0,0,0,0,0,0,1,0,0,56
"1326",0,0,0,0,0,0,0,1,0,0,14
"1327",0,0,0,0,0,0,0,1,0,0,12
"1328",0,0,0,0,0,0,0,1,0,0,14
"1329",0,0,0,0,0,0,0,1,0,0,6
"1330",0,0,0,0,0,0,0,1,0,0,47
"1331",0,0,0,0,0,0,0,1,0,0,15
"1332",0,0,0,0,0,0,0,1,0,0,1
"1333",0,0,0,0,0,0,0,1,0,0,10
"1334",0,0,0,0,0,0,0,1,0,0,5
"1335",0,0,0,0,0,0,0,1,0,0,10
"1336",0,0,0,0,0,0,0,1,0,0,180
"1337",0,0,0,0,0,0,0,1,0,0,21
"1338",0,0,0,0,0,0,0,0,1,0,30
"1339",0,0,0,0,0,0,0,0,1,0,10
"1340",0,0,0,0,0,0,0,0,1,0,168
"1341",0,0,0,0,0,0,0,0,1,0,2
"1342",0,0,0,0,0,0,0,0,1,0,3
"1343",0,0,0,0,0,0,0,0,1,0,180
"1344",0,0,0,0,0,0,0,0,1,0,120
"1345",0,0,0,0,0,0,0,0,1,0,5
"1346",0,0,0,0,0,0,0,0,1,0,12
"1347",0,0,0,0,0,0,0,0,1,0,6
"1348",0,0,0,0,0,0,0,0,1,0,30
"1349",0,0,0,0,0,0,0,0,1,0,10
"1350",0,0,0,0,0,0,0,0,1,0,4
"1351",0,0,0,0,0,0,0,0,1,0,11
"1352",0,0,0,0,0,0,0,0,1,0,5
"1353",0,0,0,0,0,0,0,0,1,0,12
"1354",0,0,0,0,0,0,0,0,1,0,6
"1355",0,0,0,0,0,0,0,0,1,0,39
"1356",0,0,0,0,0,0,0,0,1,0,93
"1357",0,0,0,0,0,0,0,0,1,0,14
"1358",0,0,0,0,0,0,0,0,1,0,14
"1359",0,0,0,0,0,0,0,0,1,0,168
"1360",0,0,0,0,0,0,0,0,1,0,2
"1361",0,0,0,0,0,0,0,0,1,0,3
"1362",0,0,0,0,0,0,0,0,1,0,180
"1363",0,0,0,0,0,0,0,0,1,0,120
"1364",0,0,0,0,0,0,0,0,1,0,10
"1365",0,0,0,0,0,0,0,0,1,0,12
"1366",0,0,0,0,0,0,0,0,1,0,34
"1367",0,0,0,0,0,0,0,0,1,0,13
"1368",0,0,0,0,0,0,0,0,1,0,30
"1369",0,0,0,0,0,0,0,0,1,0,10
"1370",0,0,0,0,0,0,0,0,1,0,26
"1371",0,0,0,0,0,0,0,0,1,0,5
"1372",0,0,0,0,0,0,0,0,1,0,10
"1373",0,0,0,0,0,0,0,0,1,0,4
"1374",0,0,0,0,0,0,0,0,1,0,58
"1375",0,0,0,0,0,0,0,0,1,0,2
"1376",0,0,0,0,0,0,0,0,1,0,3
"1377",0,0,0,0,0,0,0,0,1,0,27
"1378",0,0,0,0,0,0,0,0,1,0,20
"1379",0,0,0,0,0,0,0,0,1,0,4
"1380",0,0,0,0,0,0,0,0,1,0,10
"1381",0,0,0,0,0,0,0,0,1,0,11
"1382",0,0,0,0,0,0,0,0,1,0,2
"1383",0,0,0,0,0,0,0,0,1,0,5
"1384",0,0,0,0,0,0,0,0,1,0,12
"1385",0,0,0,0,0,0,0,0,1,0,6
"1386",0,0,0,0,0,0,0,0,1,0,39
"1387",0,0,0,0,0,0,0,0,1,0,93
"1388",0,0,0,0,0,0,0,0,1,0,4
"1389",0,0,0,0,0,0,0,0,1,0,75
"1390",0,0,0,0,0,0,0,0,1,0,44
"1391",0,0,0,0,0,0,0,0,1,0,49
"1392",0,0,0,0,0,0,0,0,1,0,77
"1393",0,0,0,0,0,0,0,0,1,0,7
"1394",0,0,0,0,0,0,0,0,1,0,14
"1395",0,0,0,0,0,0,0,0,1,0,14
"1396",0,0,0,0,0,0,0,0,1,0,18
"1397",0,0,0,0,0,0,0,0,1,0,14
"1398",0,0,0,0,0,0,0,0,1,0,168
"1399",0,0,0,0,0,0,0,0,1,0,2
"1400",0,0,0,0,0,0,0,0,1,0,3
"1401",0,0,0,0,0,0,0,0,1,0,180
"1402",0,0,0,0,0,0,0,0,1,0,2
"1403",0,0,0,0,0,0,0,0,1,0,18
"1404",0,0,0,0,0,0,0,0,1,0,120
"1405",0,0,0,0,0,0,0,0,1,0,37
"1406",0,0,0,0,0,0,0,0,1,0,10
"1407",0,0,0,0,0,0,0,0,1,0,3
"1408",0,0,0,0,0,0,0,0,1,0,70
"1409",0,0,0,0,0,0,0,0,1,0,3
"1410",0,0,0,0,0,0,0,0,1,0,70
"1411",0,0,0,0,0,0,0,0,1,0,16
"1412",0,0,0,0,0,0,0,0,1,0,1
"1413",0,0,0,0,0,0,0,0,1,0,15
"1414",0,0,0,0,0,0,0,0,1,0,21
"1415",0,0,0,0,0,0,0,0,1,0,3
"1416",0,0,0,0,0,0,0,0,1,0,3
"1417",0,0,0,0,0,0,0,0,1,0,9
"1418",0,0,0,0,0,0,0,0,1,0,9
"1419",0,0,0,0,0,0,0,0,1,0,30
"1420",0,0,0,0,0,0,0,0,1,0,10
"1421",0,0,0,0,0,0,0,0,1,0,52
"1422",0,0,0,0,0,0,0,0,1,0,2
"1423",0,0,0,0,0,0,0,0,1,0,70
"1424",0,0,0,0,0,0,0,0,1,0,20
"1425",0,0,0,0,0,0,0,0,1,0,3
"1426",0,0,0,0,0,0,0,0,1,0,38
"1427",0,0,0,0,0,0,0,0,1,0,96
"1428",0,0,0,0,0,0,0,0,1,0,3
"1429",0,0,0,0,0,0,0,0,1,0,14
"1430",0,0,0,0,0,0,0,0,1,0,37
"1431",0,0,0,0,0,0,0,0,1,0,10
"1432",0,0,0,0,0,0,0,0,1,0,4
"1433",0,0,0,0,0,0,0,0,1,0,6
"1434",0,0,0,0,0,0,0,0,1,0,15
"1435",0,0,0,0,0,0,0,0,1,0,1
"1436",0,0,0,0,0,0,0,0,1,0,2
"1437",0,0,0,0,0,0,0,0,1,0,2
"1438",0,0,0,0,0,0,0,0,1,0,30
"1439",0,0,0,0,0,0,0,0,1,0,6
"1440",0,0,0,0,0,0,0,0,1,0,2
"1441",0,0,0,0,0,0,0,0,1,0,1
"1442",0,0,0,0,0,0,0,0,1,0,2
"1443",0,0,0,0,0,0,0,0,0,1,14
"1444",0,0,0,0,0,0,0,0,0,1,15
"1445",0,0,0,0,0,0,0,0,0,1,13
"1446",0,0,0,0,0,0,0,0,0,1,12
"1447",0,0,0,0,0,0,0,0,0,1,5
"1448",0,0,0,0,0,0,0,0,0,1,10
"1449",0,0,0,0,0,0,0,0,0,1,10
"1450",0,0,0,0,0,0,0,0,0,1,10
"1451",0,0,0,0,0,0,0,0,0,1,30
"1452",0,0,0,0,0,0,0,0,0,1,14
"1453",0,0,0,0,0,0,0,0,0,1,7
"1454",0,0,0,0,0,0,0,0,0,1,2
"1455",0,0,0,0,0,0,0,0,0,1,18
"1456",0,0,0,0,0,0,0,0,0,1,3
"1457",0,0,0,0,0,0,0,0,0,1,10
"1458",0,0,0,0,0,0,0,0,0,1,10
"1459",0,0,0,0,0,0,0,0,0,1,10
"1460",0,0,0,0,0,0,0,0,0,1,64
"1461",0,0,0,0,0,0,0,0,0,1,7
"1462",0,0,0,0,0,0,0,0,0,1,80
"1463",0,0,0,0,0,0,0,0,0,1,13
"1464",0,0,0,0,0,0,0,0,0,1,12
"1465",0,0,0,0,0,0,0,0,0,1,16
"1466",0,0,0,0,0,0,0,0,0,1,21
"1467",0,0,0,0,0,0,0,0,0,1,11
"1468",0,0,0,0,0,0,0,0,0,1,14
"1469",0,0,0,0,0,0,0,0,0,1,7
"1470",0,0,0,0,0,0,0,0,0,1,5
"1471",0,0,0,0,0,0,0,0,0,1,5
"1472",0,0,0,0,0,0,0,0,0,1,8
"1473",0,0,0,0,0,0,0,0,0,1,5
"1474",0,0,0,0,0,0,0,0,0,1,55
"1475",0,0,0,0,0,0,0,0,0,1,98
"1476",0,0,0,0,0,0,0,0,0,1,29
"1477",0,0,0,0,0,0,0,0,0,1,2
"1478",0,0,0,0,0,0,0,0,0,1,15
"1479",0,0,0,0,0,0,0,0,0,1,18
"1480",0,0,0,0,0,0,0,0,0,1,2
"1481",0,0,0,0,0,0,0,0,0,1,3
"1482",0,0,0,0,0,0,0,0,0,1,10
"1483",0,0,0,0,0,0,0,0,0,1,10
"1484",0,0,0,0,0,0,0,0,0,1,10
"1485",0,0,0,0,0,0,0,0,0,1,30
"1486",0,0,0,0,0,0,0,0,0,1,64
"1487",0,0,0,0,0,0,0,0,0,1,7
"1488",0,0,0,0,0,0,0,0,0,1,80
"1489",0,0,0,0,0,0,0,0,0,1,20
"1490",0,0,0,0,0,0,0,0,0,1,2
"1491",0,0,0,0,0,0,0,0,0,1,13
"1492",0,0,0,0,0,0,0,0,0,1,12
"1493",0,0,0,0,0,0,0,0,0,1,55
"1494",0,0,0,0,0,0,0,0,0,1,4
"1495",0,0,0,0,0,0,0,0,0,1,25
"1496",0,0,0,0,0,0,0,0,0,1,30
"1497",0,0,0,0,0,0,0,0,0,1,7
"1498",0,0,0,0,0,0,0,0,0,1,15
"1499",0,0,0,0,0,0,0,0,0,1,30
"1500",0,0,0,0,0,0,0,0,0,1,46
"1501",0,0,0,0,0,0,0,0,0,1,2
"1502",0,0,0,0,0,0,0,0,0,1,14
"1503",0,0,0,0,0,0,0,0,0,1,93
"1504",0,0,0,0,0,0,0,0,0,1,8
"1505",0,0,0,0,0,0,0,0,0,1,15
"1506",0,0,0,0,0,0,0,0,0,1,27
"1507",0,0,0,0,0,0,0,0,0,1,1
"1508",0,0,0,0,0,0,0,0,0,1,5
"1509",0,0,0,0,0,0,0,0,0,1,15
"1510",0,0,0,0,0,0,0,0,0,1,24
"1511",0,0,0,0,0,0,0,0,0,1,4
"1512",0,0,0,0,0,0,0,0,0,1,1
"1513",0,0,0,0,0,0,0,0,0,1,39
"1514",0,0,0,0,0,0,0,0,0,1,7
"1515",0,0,0,0,0,0,0,0,0,1,19
"1516",0,0,0,0,0,0,0,0,0,1,39
"1517",0,0,0,0,0,0,0,0,0,1,5
"1518",0,0,0,0,0,0,0,0,0,1,3
"1519",0,0,0,0,0,0,0,0,0,1,39
"1520",0,0,0,0,0,0,0,0,0,1,5
"1521",0,0,0,0,0,0,0,0,0,1,19
"1522",0,0,0,0,0,0,0,0,0,1,3
"1523",0,0,0,0,0,0,0,0,0,1,39
"1524",0,0,0,0,0,0,0,0,0,1,1
"1525",0,0,0,0,0,0,0,0,0,1,19
"1526",0,0,0,0,0,0,0,0,0,1,4
"1527",0,0,0,0,0,0,0,0,0,1,137
"1528",0,0,0,0,0,0,0,0,0,1,12
"1529",0,0,0,0,0,0,0,0,0,1,5
"1530",0,0,0,0,0,0,0,0,0,1,68
"1531",0,0,0,0,0,0,0,0,0,1,30
"1532",0,0,0,0,0,0,0,0,0,1,11
"1533",0,0,0,0,0,0,0,0,0,1,23
"1534",0,0,0,0,0,0,0,0,0,1,2
"1535",0,0,0,0,0,0,0,0,0,1,4
"1536",0,0,0,0,0,0,0,0,0,1,1
"1537",0,0,0,0,0,0,0,0,0,1,11
"1538",0,0,0,0,0,0,0,0,0,1,5
"1539",0,0,0,0,0,0,0,0,0,1,3
"1540",0,0,0,0,0,0,0,0,0,1,7
"1541",0,0,0,0,0,0,0,0,0,1,5
"1542",0,0,0,0,0,0,0,0,0,1,7
"1543",0,0,0,0,0,0,0,0,0,1,2
"1544",0,0,0,0,0,0,0,0,0,1,34
"1545",0,0,0,0,0,0,0,0,0,1,4
"1546",0,0,0,0,0,0,0,0,0,1,6
"1547",0,0,0,0,0,0,0,0,0,1,3
"1548",0,0,0,0,0,0,0,0,0,1,4
"1549",0,0,0,0,0,0,0,0,0,1,4
"1550",0,0,0,0,0,0,0,0,0,1,8
"1551",0,0,0,0,0,0,0,0,0,1,2
"1552",0,0,0,0,0,0,0,0,0,1,1
"1553",0,0,0,0,0,0,0,0,0,1,27
"1554",0,0,0,0,0,0,0,0,0,1,1
"1555",0,0,0,0,0,0,0,0,0,1,103
"1556",0,0,0,0,0,0,0,0,0,1,7
"1557",0,0,0,0,0,0,0,0,0,1,5
"1558",0,0,0,0,0,0,0,0,0,1,6
"1559",0,0,0,0,0,0,0,0,0,1,4
"1560",0,0,0,0,0,0,0,0,0,1,5
"1561",0,0,0,0,0,0,0,0,0,1,51
"1562",0,0,0,0,0,0,0,0,0,1,19
"1563",0,0,0,0,0,0,0,0,0,1,2
"1564",0,0,0,0,0,0,0,0,0,1,15
"1565",0,0,0,0,0,0,0,0,0,1,4
"1566",0,0,0,0,0,0,0,0,0,1,19
"1567",0,0,0,0,0,0,0,0,0,1,5
"1568",0,0,0,0,0,0,0,0,0,1,3
"1569",0,0,0,0,0,0,0,0,0,1,62
"1570",0,0,0,0,0,0,0,0,0,1,128
"1571",0,0,0,0,0,0,0,0,0,1,15
"1572",0,0,0,0,0,0,0,0,0,1,2
"1573",0,0,0,0,0,0,0,0,0,1,5
"1574",0,0,0,0,0,0,0,0,0,1,5
"1575",0,0,0,0,0,0,0,0,0,1,20
"1576",0,0,0,0,0,0,0,0,0,1,19
"1577",0,0,0,0,0,0,0,0,0,1,100
"1578",0,0,0,0,0,0,0,0,0,1,12
"1579",0,0,0,0,0,0,0,0,0,1,3
"1580",0,0,0,0,0,0,0,0,0,1,2
"1581",0,0,0,0,0,0,0,0,0,1,1
"1582",0,0,0,0,0,0,0,0,0,1,3
"1583",0,0,0,0,0,0,0,0,0,1,3
"1584",0,0,0,0,0,0,0,0,0,1,4
"1585",0,0,0,0,0,0,0,0,0,1,30
"1586",0,0,0,0,0,0,0,0,0,1,7
"1587",0,0,0,0,0,0,0,0,0,1,5
"1588",0,0,0,0,0,0,0,0,0,1,14
"1589",0,0,0,0,0,0,0,0,0,1,4
"1590",0,0,0,0,0,0,0,0,0,1,4
"1591",0,0,0,0,0,0,0,0,0,1,11
"1592",0,0,0,0,0,0,0,0,0,1,94
"1593",0,0,0,0,0,0,0,0,0,1,4
"1594",0,0,0,0,0,0,0,0,0,1,14
"1595",0,0,0,0,0,0,0,0,0,1,3
"1596",0,0,0,0,0,0,0,0,0,1,30
"1597",0,0,0,0,0,0,0,0,0,1,14
"1598",0,0,0,0,0,0,0,0,0,1,2
"1599",0,0,0,0,0,0,0,0,0,1,74
"1600",0,0,0,0,0,0,0,0,0,1,2
"1601",0,0,0,0,0,0,0,0,0,1,6
"1602",0,0,0,0,0,0,0,0,0,1,19
"1603",0,0,0,0,0,0,0,0,0,1,32
"1604",0,0,0,0,0,0,0,0,0,1,7
"1605",0,0,0,0,0,0,0,0,0,1,4
"1606",0,0,0,0,0,0,0,0,0,1,4
"1607",0,0,0,0,0,0,0,0,0,1,3
"1608",0,0,0,0,0,0,0,0,0,1,1
"1609",0,0,0,0,0,0,0,0,0,1,40
"1610",0,0,0,0,0,0,0,0,0,1,6
"1611",0,0,0,0,0,0,0,0,0,1,6
"1612",0,0,0,0,0,0,0,0,0,1,10
"1613",0,0,0,0,0,0,0,0,0,1,8
"1614",0,0,0,0,0,0,0,0,0,1,2
"1615",0,0,0,0,0,0,0,0,0,1,4
"1616",0,0,0,0,0,0,0,0,0,1,2
"1617",0,0,0,0,0,0,0,0,0,1,4
"1618",0,0,0,0,0,0,0,0,0,1,39
"1619",0,0,0,0,0,0,0,0,0,1,1
"1620",0,0,0,0,0,0,0,0,0,1,3
"1621",0,0,0,0,0,0,0,0,0,1,4
"1622",0,0,0,0,0,0,0,0,0,1,68
"1623",0,0,0,0,0,0,0,0,0,1,20
"1624",0,0,0,0,0,0,0,0,0,1,7
"1625",0,0,0,0,0,0,0,0,0,1,7
"1626",0,0,0,0,0,0,0,0,0,1,12
"1627",0,0,0,0,0,0,0,0,0,1,13
"1628",0,0,0,0,0,0,0,0,0,1,2
"1629",0,0,0,0,0,0,0,0,0,1,1
"1630",0,0,0,0,0,0,0,0,0,1,27
"1631",0,0,0,0,0,0,0,0,0,1,6
"1632",0,0,0,0,0,0,0,0,0,1,5
"1633",0,0,0,0,0,0,0,0,0,1,4
"1634",0,0,0,0,0,0,0,0,0,1,2
"1635",0,0,0,0,0,0,0,0,0,1,7
"1636",0,0,0,0,0,0,0,0,0,1,1
