"","American Indian or Alaska native","Asian","Black or African American","Hispanic or Latino","Native Hawaiian or Other Pacific Islander","White","Not reported","Multi-race","Hispanic and other","value"
"1",1,0,0,0,0,0,0,0,0,5
"2",1,0,0,0,0,0,0,0,0,2
"3",1,0,0,0,0,0,0,0,0,5
"4",1,0,0,0,0,0,0,0,0,1
"5",1,0,0,0,0,0,0,0,0,14
"6",1,0,0,0,0,0,0,0,0,24
"7",1,0,0,0,0,0,0,0,0,22
"8",1,0,0,0,0,0,0,0,0,4
"9",1,0,0,0,0,0,0,0,0,17
"10",1,0,0,0,0,0,0,0,0,34
"11",1,0,0,0,0,0,0,0,0,1
"12",1,0,0,0,0,0,0,0,0,4
"13",1,0,0,0,0,0,0,0,0,4
"14",1,0,0,0,0,0,0,0,0,1
"15",1,0,0,0,0,0,0,0,0,9
"16",1,0,0,0,0,0,0,0,0,14
"17",1,0,0,0,0,0,0,0,0,1
"18",1,0,0,0,0,0,0,0,0,1
"19",1,0,0,0,0,0,0,0,0,4
"20",1,0,0,0,0,0,0,0,0,6
"21",0,1,0,0,0,0,0,0,0,3
"22",0,1,0,0,0,0,0,0,0,17
"23",0,1,0,0,0,0,0,0,0,14
"24",0,1,0,0,0,0,0,0,0,6
"25",0,1,0,0,0,0,0,0,0,18
"26",0,1,0,0,0,0,0,0,0,9
"27",0,1,0,0,0,0,0,0,0,179
"28",0,1,0,0,0,0,0,0,0,2
"29",0,1,0,0,0,0,0,0,0,10
"30",0,1,0,0,0,0,0,0,0,3
"31",0,1,0,0,0,0,0,0,0,17
"32",0,1,0,0,0,0,0,0,0,14
"33",0,1,0,0,0,0,0,0,0,3
"34",0,1,0,0,0,0,0,0,0,5
"35",0,1,0,0,0,0,0,0,0,10
"36",0,1,0,0,0,0,0,0,0,6
"37",0,1,0,0,0,0,0,0,0,3
"38",0,1,0,0,0,0,0,0,0,3
"39",0,1,0,0,0,0,0,0,0,12
"40",0,1,0,0,0,0,0,0,0,9
"41",0,1,0,0,0,0,0,0,0,60
"42",0,1,0,0,0,0,0,0,0,10
"43",0,1,0,0,0,0,0,0,0,3
"44",0,1,0,0,0,0,0,0,0,8
"45",0,1,0,0,0,0,0,0,0,3
"46",0,1,0,0,0,0,0,0,0,5
"47",0,1,0,0,0,0,0,0,0,3
"48",0,1,0,0,0,0,0,0,0,6
"49",0,1,0,0,0,0,0,0,0,6
"50",0,1,0,0,0,0,0,0,0,3
"51",0,1,0,0,0,0,0,0,0,12
"52",0,1,0,0,0,0,0,0,0,24
"53",0,1,0,0,0,0,0,0,0,18
"54",0,1,0,0,0,0,0,0,0,17
"55",0,1,0,0,0,0,0,0,0,14
"56",0,1,0,0,0,0,0,0,0,3
"57",0,1,0,0,0,0,0,0,0,5
"58",0,1,0,0,0,0,0,0,0,10
"59",0,1,0,0,0,0,0,0,0,6
"60",0,1,0,0,0,0,0,0,0,8
"61",0,1,0,0,0,0,0,0,0,5
"62",0,1,0,0,0,0,0,0,0,8
"63",0,1,0,0,0,0,0,0,0,9
"64",0,1,0,0,0,0,0,0,0,7
"65",0,1,0,0,0,0,0,0,0,6
"66",0,1,0,0,0,0,0,0,0,4
"67",0,1,0,0,0,0,0,0,0,2
"68",0,1,0,0,0,0,0,0,0,1
"69",0,1,0,0,0,0,0,0,0,14
"70",0,1,0,0,0,0,0,0,0,8
"71",0,1,0,0,0,0,0,0,0,3
"72",0,1,0,0,0,0,0,0,0,6
"73",0,1,0,0,0,0,0,0,0,3
"74",0,1,0,0,0,0,0,0,0,1
"75",0,1,0,0,0,0,0,0,0,3
"76",0,1,0,0,0,0,0,0,0,12
"77",0,1,0,0,0,0,0,0,0,9
"78",0,1,0,0,0,0,0,0,0,60
"79",0,1,0,0,0,0,0,0,0,4
"80",0,1,0,0,0,0,0,0,0,10
"81",0,1,0,0,0,0,0,0,0,3
"82",0,1,0,0,0,0,0,0,0,8
"83",0,1,0,0,0,0,0,0,0,46
"84",0,1,0,0,0,0,0,0,0,40
"85",0,1,0,0,0,0,0,0,0,19
"86",0,1,0,0,0,0,0,0,0,42
"87",0,1,0,0,0,0,0,0,0,27
"88",0,1,0,0,0,0,0,0,0,1
"89",0,1,0,0,0,0,0,0,0,73
"90",0,1,0,0,0,0,0,0,0,10
"91",0,1,0,0,0,0,0,0,0,15
"92",0,1,0,0,0,0,0,0,0,2
"93",0,1,0,0,0,0,0,0,0,3
"94",0,1,0,0,0,0,0,0,0,5
"95",0,1,0,0,0,0,0,0,0,3
"96",0,1,0,0,0,0,0,0,0,6
"97",0,1,0,0,0,0,0,0,0,6
"98",0,1,0,0,0,0,0,0,0,3
"99",0,1,0,0,0,0,0,0,0,9
"100",0,1,0,0,0,0,0,0,0,3
"101",0,1,0,0,0,0,0,0,0,24
"102",0,1,0,0,0,0,0,0,0,85
"103",0,1,0,0,0,0,0,0,0,1
"104",0,1,0,0,0,0,0,0,0,5
"105",0,1,0,0,0,0,0,0,0,85
"106",0,1,0,0,0,0,0,0,0,1
"107",0,1,0,0,0,0,0,0,0,20
"108",0,1,0,0,0,0,0,0,0,4
"109",0,1,0,0,0,0,0,0,0,2
"110",0,1,0,0,0,0,0,0,0,4
"111",0,1,0,0,0,0,0,0,0,15
"112",0,1,0,0,0,0,0,0,0,9
"113",0,1,0,0,0,0,0,0,0,7
"114",0,1,0,0,0,0,0,0,0,85
"115",0,1,0,0,0,0,0,0,0,1
"116",0,1,0,0,0,0,0,0,0,1
"117",0,1,0,0,0,0,0,0,0,4
"118",0,1,0,0,0,0,0,0,0,8
"119",0,1,0,0,0,0,0,0,0,11
"120",0,1,0,0,0,0,0,0,0,6
"121",0,1,0,0,0,0,0,0,0,6
"122",0,1,0,0,0,0,0,0,0,5
"123",0,1,0,0,0,0,0,0,0,3
"124",0,1,0,0,0,0,0,0,0,20
"125",0,1,0,0,0,0,0,0,0,7
"126",0,1,0,0,0,0,0,0,0,10
"127",0,1,0,0,0,0,0,0,0,2
"128",0,1,0,0,0,0,0,0,0,14
"129",0,1,0,0,0,0,0,0,0,14
"130",0,1,0,0,0,0,0,0,0,40
"131",0,1,0,0,0,0,0,0,0,3
"132",0,1,0,0,0,0,0,0,0,2
"133",0,1,0,0,0,0,0,0,0,9
"134",0,1,0,0,0,0,0,0,0,28
"135",0,1,0,0,0,0,0,0,0,180
"136",0,1,0,0,0,0,0,0,0,75
"137",0,1,0,0,0,0,0,0,0,7
"138",0,1,0,0,0,0,0,0,0,3
"139",0,1,0,0,0,0,0,0,0,20
"140",0,1,0,0,0,0,0,0,0,2
"141",0,1,0,0,0,0,0,0,0,15
"142",0,1,0,0,0,0,0,0,0,4
"143",0,1,0,0,0,0,0,0,0,12
"144",0,1,0,0,0,0,0,0,0,5
"145",0,1,0,0,0,0,0,0,0,45
"146",0,1,0,0,0,0,0,0,0,2
"147",0,1,0,0,0,0,0,0,0,4
"148",0,1,0,0,0,0,0,0,0,3
"149",0,1,0,0,0,0,0,0,0,7
"150",0,1,0,0,0,0,0,0,0,5
"151",0,0,1,0,0,0,0,0,0,47
"152",0,0,1,0,0,0,0,0,0,10
"153",0,0,1,0,0,0,0,0,0,16
"154",0,0,1,0,0,0,0,0,0,21
"155",0,0,1,0,0,0,0,0,0,3
"156",0,0,1,0,0,0,0,0,0,39
"157",0,0,1,0,0,0,0,0,0,2
"158",0,0,1,0,0,0,0,0,0,1
"159",0,0,1,0,0,0,0,0,0,16
"160",0,0,1,0,0,0,0,0,0,4
"161",0,0,1,0,0,0,0,0,0,3
"162",0,0,1,0,0,0,0,0,0,14
"163",0,0,1,0,0,0,0,0,0,3
"164",0,0,1,0,0,0,0,0,0,18
"165",0,0,1,0,0,0,0,0,0,9
"166",0,0,1,0,0,0,0,0,0,6
"167",0,0,1,0,0,0,0,0,0,5
"168",0,0,1,0,0,0,0,0,0,9
"169",0,0,1,0,0,0,0,0,0,8
"170",0,0,1,0,0,0,0,0,0,39
"171",0,0,1,0,0,0,0,0,0,47
"172",0,0,1,0,0,0,0,0,0,10
"173",0,0,1,0,0,0,0,0,0,9
"174",0,0,1,0,0,0,0,0,0,7
"175",0,0,1,0,0,0,0,0,0,6
"176",0,0,1,0,0,0,0,0,0,2
"177",0,0,1,0,0,0,0,0,0,4
"178",0,0,1,0,0,0,0,0,0,4
"179",0,0,1,0,0,0,0,0,0,21
"180",0,0,1,0,0,0,0,0,0,13
"181",0,0,1,0,0,0,0,0,0,26
"182",0,0,1,0,0,0,0,0,0,4
"183",0,0,1,0,0,0,0,0,0,5
"184",0,0,1,0,0,0,0,0,0,5
"185",0,0,1,0,0,0,0,0,0,10
"186",0,0,1,0,0,0,0,0,0,5
"187",0,0,1,0,0,0,0,0,0,11
"188",0,0,1,0,0,0,0,0,0,9
"189",0,0,1,0,0,0,0,0,0,2
"190",0,0,1,0,0,0,0,0,0,2
"191",0,0,1,0,0,0,0,0,0,1
"192",0,0,1,0,0,0,0,0,0,5
"193",0,0,1,0,0,0,0,0,0,6
"194",0,0,1,0,0,0,0,0,0,6
"195",0,0,1,0,0,0,0,0,0,6
"196",0,0,1,0,0,0,0,0,0,11
"197",0,0,1,0,0,0,0,0,0,5
"198",0,0,1,0,0,0,0,0,0,44
"199",0,0,1,0,0,0,0,0,0,5
"200",0,0,1,0,0,0,0,0,0,16
"201",0,0,1,0,0,0,0,0,0,4
"202",0,0,1,0,0,0,0,0,0,3
"203",0,0,1,0,0,0,0,0,0,14
"204",0,0,1,0,0,0,0,0,0,3
"205",0,0,1,0,0,0,0,0,0,18
"206",0,0,1,0,0,0,0,0,0,180
"207",0,0,1,0,0,0,0,0,0,1
"208",0,0,1,0,0,0,0,0,0,35
"209",0,0,1,0,0,0,0,0,0,35
"210",0,0,1,0,0,0,0,0,0,4
"211",0,0,1,0,0,0,0,0,0,47
"212",0,0,1,0,0,0,0,0,0,10
"213",0,0,1,0,0,0,0,0,0,23
"214",0,0,1,0,0,0,0,0,0,5
"215",0,0,1,0,0,0,0,0,0,5
"216",0,0,1,0,0,0,0,0,0,8
"217",0,0,1,0,0,0,0,0,0,9
"218",0,0,1,0,0,0,0,0,0,7
"219",0,0,1,0,0,0,0,0,0,6
"220",0,0,1,0,0,0,0,0,0,7
"221",0,0,1,0,0,0,0,0,0,12
"222",0,0,1,0,0,0,0,0,0,2
"223",0,0,1,0,0,0,0,0,0,4
"224",0,0,1,0,0,0,0,0,0,4
"225",0,0,1,0,0,0,0,0,0,21
"226",0,0,1,0,0,0,0,0,0,157
"227",0,0,1,0,0,0,0,0,0,5
"228",0,0,1,0,0,0,0,0,0,5
"229",0,0,1,0,0,0,0,0,0,4
"230",0,0,1,0,0,0,0,0,0,66
"231",0,0,1,0,0,0,0,0,0,2
"232",0,0,1,0,0,0,0,0,0,51
"233",0,0,1,0,0,0,0,0,0,1
"234",0,0,1,0,0,0,0,0,0,2
"235",0,0,1,0,0,0,0,0,0,4
"236",0,0,1,0,0,0,0,0,0,13
"237",0,0,1,0,0,0,0,0,0,26
"238",0,0,1,0,0,0,0,0,0,6
"239",0,0,1,0,0,0,0,0,0,4
"240",0,0,1,0,0,0,0,0,0,5
"241",0,0,1,0,0,0,0,0,0,5
"242",0,0,1,0,0,0,0,0,0,10
"243",0,0,1,0,0,0,0,0,0,7
"244",0,0,1,0,0,0,0,0,0,4
"245",0,0,1,0,0,0,0,0,0,5
"246",0,0,1,0,0,0,0,0,0,6
"247",0,0,1,0,0,0,0,0,0,16
"248",0,0,1,0,0,0,0,0,0,5
"249",0,0,1,0,0,0,0,0,0,11
"250",0,0,1,0,0,0,0,0,0,56
"251",0,0,1,0,0,0,0,0,0,5
"252",0,0,1,0,0,0,0,0,0,3
"253",0,0,1,0,0,0,0,0,0,9
"254",0,0,1,0,0,0,0,0,0,11
"255",0,0,1,0,0,0,0,0,0,4
"256",0,0,1,0,0,0,0,0,0,2
"257",0,0,1,0,0,0,0,0,0,7
"258",0,0,1,0,0,0,0,0,0,7
"259",0,0,1,0,0,0,0,0,0,2
"260",0,0,1,0,0,0,0,0,0,10
"261",0,0,1,0,0,0,0,0,0,2
"262",0,0,1,0,0,0,0,0,0,1
"263",0,0,1,0,0,0,0,0,0,26
"264",0,0,1,0,0,0,0,0,0,5
"265",0,0,1,0,0,0,0,0,0,6
"266",0,0,1,0,0,0,0,0,0,6
"267",0,0,1,0,0,0,0,0,0,6
"268",0,0,1,0,0,0,0,0,0,18
"269",0,0,1,0,0,0,0,0,0,11
"270",0,0,1,0,0,0,0,0,0,5
"271",0,0,1,0,0,0,0,0,0,14
"272",0,0,1,0,0,0,0,0,0,44
"273",0,0,1,0,0,0,0,0,0,5
"274",0,0,1,0,0,0,0,0,0,25
"275",0,0,1,0,0,0,0,0,0,150
"276",0,0,1,0,0,0,0,0,0,9
"277",0,0,1,0,0,0,0,0,0,14
"278",0,0,1,0,0,0,0,0,0,44
"279",0,0,1,0,0,0,0,0,0,6
"280",0,0,1,0,0,0,0,0,0,4
"281",0,0,1,0,0,0,0,0,0,2
"282",0,0,1,0,0,0,0,0,0,2
"283",0,0,1,0,0,0,0,0,0,7
"284",0,0,1,0,0,0,0,0,0,14
"285",0,0,1,0,0,0,0,0,0,10
"286",0,0,1,0,0,0,0,0,0,14
"287",0,0,1,0,0,0,0,0,0,5
"288",0,0,1,0,0,0,0,0,0,2
"289",0,0,1,0,0,0,0,0,0,1
"290",0,0,1,0,0,0,0,0,0,3
"291",0,0,1,0,0,0,0,0,0,2
"292",0,0,1,0,0,0,0,0,0,23
"293",0,0,1,0,0,0,0,0,0,3
"294",0,0,1,0,0,0,0,0,0,11
"295",0,0,1,0,0,0,0,0,0,16
"296",0,0,1,0,0,0,0,0,0,4
"297",0,0,1,0,0,0,0,0,0,3
"298",0,0,1,0,0,0,0,0,0,14
"299",0,0,1,0,0,0,0,0,0,5
"300",0,0,1,0,0,0,0,0,0,108
"301",0,0,1,0,0,0,0,0,0,5
"302",0,0,1,0,0,0,0,0,0,12
"303",0,0,1,0,0,0,0,0,0,10
"304",0,0,1,0,0,0,0,0,0,7
"305",0,0,1,0,0,0,0,0,0,5
"306",0,0,1,0,0,0,0,0,0,5
"307",0,0,1,0,0,0,0,0,0,10
"308",0,0,1,0,0,0,0,0,0,6
"309",0,0,1,0,0,0,0,0,0,5
"310",0,0,1,0,0,0,0,0,0,5
"311",0,0,1,0,0,0,0,0,0,3
"312",0,0,1,0,0,0,0,0,0,18
"313",0,0,1,0,0,0,0,0,0,5
"314",0,0,1,0,0,0,0,0,0,5
"315",0,0,1,0,0,0,0,0,0,2
"316",0,0,1,0,0,0,0,0,0,3
"317",0,0,1,0,0,0,0,0,0,64
"318",0,0,1,0,0,0,0,0,0,36
"319",0,0,1,0,0,0,0,0,0,7
"320",0,0,1,0,0,0,0,0,0,1
"321",0,0,1,0,0,0,0,0,0,9
"322",0,0,1,0,0,0,0,0,0,49
"323",0,0,1,0,0,0,0,0,0,180
"324",0,0,1,0,0,0,0,0,0,44
"325",0,0,1,0,0,0,0,0,0,2
"326",0,0,1,0,0,0,0,0,0,8
"327",0,0,1,0,0,0,0,0,0,8
"328",0,0,1,0,0,0,0,0,0,7
"329",0,0,1,0,0,0,0,0,0,12
"330",0,0,1,0,0,0,0,0,0,11
"331",0,0,1,0,0,0,0,0,0,2
"332",0,0,1,0,0,0,0,0,0,10
"333",0,0,1,0,0,0,0,0,0,3
"334",0,0,1,0,0,0,0,0,0,17
"335",0,0,1,0,0,0,0,0,0,1
"336",0,0,1,0,0,0,0,0,0,14
"337",0,0,1,0,0,0,0,0,0,1
"338",0,0,1,0,0,0,0,0,0,30
"339",0,0,1,0,0,0,0,0,0,8
"340",0,0,1,0,0,0,0,0,0,4
"341",0,0,1,0,0,0,0,0,0,1
"342",0,0,1,0,0,0,0,0,0,7
"343",0,0,1,0,0,0,0,0,0,4
"344",0,0,1,0,0,0,0,0,0,2
"345",0,0,1,0,0,0,0,0,0,4
"346",0,0,1,0,0,0,0,0,0,12
"347",0,0,1,0,0,0,0,0,0,3
"348",0,0,1,0,0,0,0,0,0,1
"349",0,0,1,0,0,0,0,0,0,6
"350",0,0,1,0,0,0,0,0,0,15
"351",0,0,1,0,0,0,0,0,0,3
"352",0,0,1,0,0,0,0,0,0,5
"353",0,0,1,0,0,0,0,0,0,2
"354",0,0,1,0,0,0,0,0,0,7
"355",0,0,1,0,0,0,0,0,0,5
"356",0,0,1,0,0,0,0,0,0,180
"357",0,0,1,0,0,0,0,0,0,7
"358",0,0,1,0,0,0,0,0,0,5
"359",0,0,1,0,0,0,0,0,0,7
"360",0,0,1,0,0,0,0,0,0,4
"361",0,0,1,0,0,0,0,0,0,6
"362",0,0,1,0,0,0,0,0,0,8
"363",0,0,1,0,0,0,0,0,0,10
"364",0,0,1,0,0,0,0,0,0,6
"365",0,0,1,0,0,0,0,0,0,1
"366",0,0,1,0,0,0,0,0,0,8
"367",0,0,1,0,0,0,0,0,0,5
"368",0,0,1,0,0,0,0,0,0,3
"369",0,0,1,0,0,0,0,0,0,8
"370",0,0,1,0,0,0,0,0,0,6
"371",0,0,1,0,0,0,0,0,0,3
"372",0,0,1,0,0,0,0,0,0,6
"373",0,0,1,0,0,0,0,0,0,5
"374",0,0,1,0,0,0,0,0,0,1
"375",0,0,1,0,0,0,0,0,0,2
"376",0,0,1,0,0,0,0,0,0,2
"377",0,0,1,0,0,0,0,0,0,1
"378",0,0,1,0,0,0,0,0,0,1
"379",0,0,1,0,0,0,0,0,0,2
"380",0,0,1,0,0,0,0,0,0,8
"381",0,0,1,0,0,0,0,0,0,4
"382",0,0,1,0,0,0,0,0,0,3
"383",0,0,1,0,0,0,0,0,0,6
"384",0,0,1,0,0,0,0,0,0,22
"385",0,0,1,0,0,0,0,0,0,5
"386",0,0,1,0,0,0,0,0,0,10
"387",0,0,1,0,0,0,0,0,0,4
"388",0,0,1,0,0,0,0,0,0,2
"389",0,0,1,0,0,0,0,0,0,2
"390",0,0,1,0,0,0,0,0,0,4
"391",0,0,1,0,0,0,0,0,0,5
"392",0,0,1,0,0,0,0,0,0,20
"393",0,0,1,0,0,0,0,0,0,20
"394",0,0,1,0,0,0,0,0,0,5
"395",0,0,1,0,0,0,0,0,0,7
"396",0,0,1,0,0,0,0,0,0,5
"397",0,0,1,0,0,0,0,0,0,2
"398",0,0,1,0,0,0,0,0,0,1
"399",0,0,1,0,0,0,0,0,0,3
"400",0,0,1,0,0,0,0,0,0,2
"401",0,0,1,0,0,0,0,0,0,4
"402",0,0,1,0,0,0,0,0,0,119
"403",0,0,1,0,0,0,0,0,0,1
"404",0,0,1,0,0,0,0,0,0,33
"405",0,0,1,0,0,0,0,0,0,11
"406",0,0,1,0,0,0,0,0,0,10
"407",0,0,1,0,0,0,0,0,0,6
"408",0,0,1,0,0,0,0,0,0,20
"409",0,0,1,0,0,0,0,0,0,6
"410",0,0,1,0,0,0,0,0,0,3
"411",0,0,1,0,0,0,0,0,0,9
"412",0,0,1,0,0,0,0,0,0,5
"413",0,0,1,0,0,0,0,0,0,14
"414",0,0,1,0,0,0,0,0,0,9
"415",0,0,1,0,0,0,0,0,0,24
"416",0,0,1,0,0,0,0,0,0,2
"417",0,0,1,0,0,0,0,0,0,5
"418",0,0,1,0,0,0,0,0,0,1
"419",0,0,1,0,0,0,0,0,0,5
"420",0,0,1,0,0,0,0,0,0,97
"421",0,0,1,0,0,0,0,0,0,12
"422",0,0,1,0,0,0,0,0,0,39
"423",0,0,1,0,0,0,0,0,0,15
"424",0,0,1,0,0,0,0,0,0,15
"425",0,0,1,0,0,0,0,0,0,5
"426",0,0,1,0,0,0,0,0,0,3
"427",0,0,1,0,0,0,0,0,0,2
"428",0,0,1,0,0,0,0,0,0,3
"429",0,0,1,0,0,0,0,0,0,5
"430",0,0,1,0,0,0,0,0,0,9
"431",0,0,1,0,0,0,0,0,0,68
"432",0,0,1,0,0,0,0,0,0,4
"433",0,0,1,0,0,0,0,0,0,44
"434",0,0,1,0,0,0,0,0,0,180
"435",0,0,1,0,0,0,0,0,0,3
"436",0,0,1,0,0,0,0,0,0,78
"437",0,0,1,0,0,0,0,0,0,2
"438",0,0,1,0,0,0,0,0,0,4
"439",0,0,1,0,0,0,0,0,0,7
"440",0,0,1,0,0,0,0,0,0,16
"441",0,0,1,0,0,0,0,0,0,7
"442",0,0,1,0,0,0,0,0,0,10
"443",0,0,1,0,0,0,0,0,0,3
"444",0,0,1,0,0,0,0,0,0,3
"445",0,0,1,0,0,0,0,0,0,3
"446",0,0,1,0,0,0,0,0,0,4
"447",0,0,1,0,0,0,0,0,0,3
"448",0,0,1,0,0,0,0,0,0,45
"449",0,0,1,0,0,0,0,0,0,4
"450",0,0,1,0,0,0,0,0,0,7
"451",0,0,1,0,0,0,0,0,0,2
"452",0,0,1,0,0,0,0,0,0,12
"453",0,0,1,0,0,0,0,0,0,5
"454",0,0,1,0,0,0,0,0,0,14
"455",0,0,1,0,0,0,0,0,0,5
"456",0,0,1,0,0,0,0,0,0,5
"457",0,0,1,0,0,0,0,0,0,3
"458",0,0,1,0,0,0,0,0,0,3
"459",0,0,1,0,0,0,0,0,0,12
"460",0,0,1,0,0,0,0,0,0,13
"461",0,0,1,0,0,0,0,0,0,18
"462",0,0,1,0,0,0,0,0,0,5
"463",0,0,1,0,0,0,0,0,0,2
"464",0,0,1,0,0,0,0,0,0,4
"465",0,0,1,0,0,0,0,0,0,27
"466",0,0,1,0,0,0,0,0,0,4
"467",0,0,1,0,0,0,0,0,0,5
"468",0,0,1,0,0,0,0,0,0,3
"469",0,0,1,0,0,0,0,0,0,3
"470",0,0,1,0,0,0,0,0,0,3
"471",0,0,1,0,0,0,0,0,0,7
"472",0,0,1,0,0,0,0,0,0,30
"473",0,0,1,0,0,0,0,0,0,7
"474",0,0,1,0,0,0,0,0,0,10
"475",0,0,1,0,0,0,0,0,0,3
"476",0,0,1,0,0,0,0,0,0,63
"477",0,0,1,0,0,0,0,0,0,3
"478",0,0,1,0,0,0,0,0,0,14
"479",0,0,1,0,0,0,0,0,0,9
"480",0,0,1,0,0,0,0,0,0,20
"481",0,0,1,0,0,0,0,0,0,1
"482",0,0,0,1,0,0,0,0,0,1
"483",0,0,0,1,0,0,0,0,0,4
"484",0,0,0,1,0,0,0,0,0,10
"485",0,0,0,1,0,0,0,0,0,18
"486",0,0,0,1,0,0,0,0,0,2
"487",0,0,0,1,0,0,0,0,0,26
"488",0,0,0,1,0,0,0,0,0,6
"489",0,0,0,1,0,0,0,0,0,8
"490",0,0,0,1,0,0,0,0,0,7
"491",0,0,0,1,0,0,0,0,0,3
"492",0,0,0,1,0,0,0,0,0,10
"493",0,0,0,1,0,0,0,0,0,6
"494",0,0,0,1,0,0,0,0,0,2
"495",0,0,0,1,0,0,0,0,0,4
"496",0,0,0,1,0,0,0,0,0,7
"497",0,0,0,1,0,0,0,0,0,6
"498",0,0,0,1,0,0,0,0,0,6
"499",0,0,0,1,0,0,0,0,0,5
"500",0,0,0,1,0,0,0,0,0,3
"501",0,0,0,1,0,0,0,0,0,33
"502",0,0,0,1,0,0,0,0,0,7
"503",0,0,0,1,0,0,0,0,0,7
"504",0,0,0,1,0,0,0,0,0,13
"505",0,0,0,1,0,0,0,0,0,13
"506",0,0,0,1,0,0,0,0,0,11
"507",0,0,0,1,0,0,0,0,0,30
"508",0,0,0,1,0,0,0,0,0,6
"509",0,0,0,1,0,0,0,0,0,15
"510",0,0,0,1,0,0,0,0,0,43
"511",0,0,0,1,0,0,0,0,0,1
"512",0,0,0,1,0,0,0,0,0,3
"513",0,0,0,1,0,0,0,0,0,10
"514",0,0,0,1,0,0,0,0,0,19
"515",0,0,0,1,0,0,0,0,0,6
"516",0,0,0,1,0,0,0,0,0,5
"517",0,0,0,1,0,0,0,0,0,7
"518",0,0,0,1,0,0,0,0,0,3
"519",0,0,0,1,0,0,0,0,0,7
"520",0,0,0,1,0,0,0,0,0,8
"521",0,0,0,1,0,0,0,0,0,2
"522",0,0,0,1,0,0,0,0,0,26
"523",0,0,0,1,0,0,0,0,0,4
"524",0,0,0,1,0,0,0,0,0,5
"525",0,0,0,1,0,0,0,0,0,4
"526",0,0,0,1,0,0,0,0,0,9
"527",0,0,0,1,0,0,0,0,0,6
"528",0,0,0,1,0,0,0,0,0,1
"529",0,0,0,1,0,0,0,0,0,15
"530",0,0,0,1,0,0,0,0,0,7
"531",0,0,0,1,0,0,0,0,0,8
"532",0,0,0,1,0,0,0,0,0,10
"533",0,0,0,1,0,0,0,0,0,13
"534",0,0,0,1,0,0,0,0,0,14
"535",0,0,0,1,0,0,0,0,0,13
"536",0,0,0,1,0,0,0,0,0,8
"537",0,0,0,1,0,0,0,0,0,7
"538",0,0,0,1,0,0,0,0,0,24
"539",0,0,0,1,0,0,0,0,0,8
"540",0,0,0,1,0,0,0,0,0,10
"541",0,0,0,1,0,0,0,0,0,8
"542",0,0,0,1,0,0,0,0,0,8
"543",0,0,0,1,0,0,0,0,0,10
"544",0,0,0,1,0,0,0,0,0,6
"545",0,0,0,1,0,0,0,0,0,2
"546",0,0,0,1,0,0,0,0,0,4
"547",0,0,0,1,0,0,0,0,0,7
"548",0,0,0,1,0,0,0,0,0,6
"549",0,0,0,1,0,0,0,0,0,6
"550",0,0,0,1,0,0,0,0,0,5
"551",0,0,0,1,0,0,0,0,0,9
"552",0,0,0,1,0,0,0,0,0,10
"553",0,0,0,1,0,0,0,0,0,5
"554",0,0,0,1,0,0,0,0,0,1
"555",0,0,0,1,0,0,0,0,0,3
"556",0,0,0,1,0,0,0,0,0,7
"557",0,0,0,1,0,0,0,0,0,11
"558",0,0,0,1,0,0,0,0,0,16
"559",0,0,0,1,0,0,0,0,0,10
"560",0,0,0,1,0,0,0,0,0,19
"561",0,0,0,1,0,0,0,0,0,5
"562",0,0,0,1,0,0,0,0,0,21
"563",0,0,0,1,0,0,0,0,0,6
"564",0,0,0,1,0,0,0,0,0,63
"565",0,0,0,1,0,0,0,0,0,6
"566",0,0,0,1,0,0,0,0,0,5
"567",0,0,0,1,0,0,0,0,0,7
"568",0,0,0,1,0,0,0,0,0,5
"569",0,0,0,1,0,0,0,0,0,7
"570",0,0,0,1,0,0,0,0,0,3
"571",0,0,0,1,0,0,0,0,0,7
"572",0,0,0,1,0,0,0,0,0,8
"573",0,0,0,1,0,0,0,0,0,5
"574",0,0,0,1,0,0,0,0,0,3
"575",0,0,0,1,0,0,0,0,0,4
"576",0,0,0,1,0,0,0,0,0,3
"577",0,0,0,1,0,0,0,0,0,13
"578",0,0,0,1,0,0,0,0,0,19
"579",0,0,0,1,0,0,0,0,0,6
"580",0,0,0,1,0,0,0,0,0,12
"581",0,0,0,1,0,0,0,0,0,12
"582",0,0,0,1,0,0,0,0,0,1
"583",0,0,0,1,0,0,0,0,0,2
"584",0,0,0,1,0,0,0,0,0,4
"585",0,0,0,1,0,0,0,0,0,9
"586",0,0,0,1,0,0,0,0,0,16
"587",0,0,0,1,0,0,0,0,0,3
"588",0,0,0,1,0,0,0,0,0,3
"589",0,0,0,1,0,0,0,0,0,2
"590",0,0,0,1,0,0,0,0,0,26
"591",0,0,0,1,0,0,0,0,0,14
"592",0,0,0,1,0,0,0,0,0,4
"593",0,0,0,1,0,0,0,0,0,5
"594",0,0,0,1,0,0,0,0,0,4
"595",0,0,0,1,0,0,0,0,0,3
"596",0,0,0,1,0,0,0,0,0,15
"597",0,0,0,1,0,0,0,0,0,7
"598",0,0,0,1,0,0,0,0,0,7
"599",0,0,0,1,0,0,0,0,0,10
"600",0,0,0,1,0,0,0,0,0,9
"601",0,0,0,1,0,0,0,0,0,6
"602",0,0,0,1,0,0,0,0,0,5
"603",0,0,0,1,0,0,0,0,0,12
"604",0,0,0,1,0,0,0,0,0,9
"605",0,0,0,1,0,0,0,0,0,15
"606",0,0,0,1,0,0,0,0,0,2
"607",0,0,0,1,0,0,0,0,0,2
"608",0,0,0,1,0,0,0,0,0,2
"609",0,0,0,1,0,0,0,0,0,1
"610",0,0,0,1,0,0,0,0,0,1
"611",0,0,0,1,0,0,0,0,0,15
"612",0,0,0,1,0,0,0,0,0,1
"613",0,0,0,1,0,0,0,0,0,3
"614",0,0,0,1,0,0,0,0,0,7
"615",0,0,0,1,0,0,0,0,0,8
"616",0,0,0,1,0,0,0,0,0,10
"617",0,0,0,1,0,0,0,0,0,13
"618",0,0,0,1,0,0,0,0,0,11
"619",0,0,0,1,0,0,0,0,0,14
"620",0,0,0,1,0,0,0,0,0,13
"621",0,0,0,1,0,0,0,0,0,5
"622",0,0,0,1,0,0,0,0,0,8
"623",0,0,0,1,0,0,0,0,0,7
"624",0,0,0,1,0,0,0,0,0,25
"625",0,0,0,1,0,0,0,0,0,5
"626",0,0,0,1,0,0,0,0,0,7
"627",0,0,0,1,0,0,0,0,0,48
"628",0,0,0,1,0,0,0,0,0,3
"629",0,0,0,1,0,0,0,0,0,10
"630",0,0,0,1,0,0,0,0,0,14
"631",0,0,0,1,0,0,0,0,0,26
"632",0,0,0,1,0,0,0,0,0,36
"633",0,0,0,1,0,0,0,0,0,30
"634",0,0,0,1,0,0,0,0,0,116
"635",0,0,0,1,0,0,0,0,0,4
"636",0,0,0,1,0,0,0,0,0,5
"637",0,0,0,1,0,0,0,0,0,1
"638",0,0,0,1,0,0,0,0,0,2
"639",0,0,0,1,0,0,0,0,0,4
"640",0,0,0,1,0,0,0,0,0,13
"641",0,0,0,1,0,0,0,0,0,3
"642",0,0,0,1,0,0,0,0,0,2
"643",0,0,0,1,0,0,0,0,0,10
"644",0,0,0,1,0,0,0,0,0,29
"645",0,0,0,1,0,0,0,0,0,2
"646",0,0,0,1,0,0,0,0,0,13
"647",0,0,0,1,0,0,0,0,0,23
"648",0,0,0,1,0,0,0,0,0,24
"649",0,0,0,1,0,0,0,0,0,8
"650",0,0,0,1,0,0,0,0,0,10
"651",0,0,0,1,0,0,0,0,0,8
"652",0,0,0,1,0,0,0,0,0,8
"653",0,0,0,1,0,0,0,0,0,4
"654",0,0,0,1,0,0,0,0,0,7
"655",0,0,0,1,0,0,0,0,0,60
"656",0,0,0,1,0,0,0,0,0,26
"657",0,0,0,1,0,0,0,0,0,8
"658",0,0,0,1,0,0,0,0,0,28
"659",0,0,0,1,0,0,0,0,0,10
"660",0,0,0,1,0,0,0,0,0,6
"661",0,0,0,1,0,0,0,0,0,3
"662",0,0,0,1,0,0,0,0,0,4
"663",0,0,0,1,0,0,0,0,0,7
"664",0,0,0,1,0,0,0,0,0,20
"665",0,0,0,1,0,0,0,0,0,4
"666",0,0,0,1,0,0,0,0,0,8
"667",0,0,0,1,0,0,0,0,0,17
"668",0,0,0,1,0,0,0,0,0,4
"669",0,0,0,1,0,0,0,0,0,14
"670",0,0,0,1,0,0,0,0,0,5
"671",0,0,0,1,0,0,0,0,0,2
"672",0,0,0,1,0,0,0,0,0,4
"673",0,0,0,1,0,0,0,0,0,8
"674",0,0,0,1,0,0,0,0,0,2
"675",0,0,0,1,0,0,0,0,0,30
"676",0,0,0,1,0,0,0,0,0,25
"677",0,0,0,1,0,0,0,0,0,2
"678",0,0,0,1,0,0,0,0,0,6
"679",0,0,0,1,0,0,0,0,0,6
"680",0,0,0,1,0,0,0,0,0,5
"681",0,0,0,1,0,0,0,0,0,6
"682",0,0,0,1,0,0,0,0,0,14
"683",0,0,0,1,0,0,0,0,0,8
"684",0,0,0,1,0,0,0,0,0,1
"685",0,0,0,1,0,0,0,0,0,8
"686",0,0,0,1,0,0,0,0,0,4
"687",0,0,0,1,0,0,0,0,0,22
"688",0,0,0,1,0,0,0,0,0,2
"689",0,0,0,1,0,0,0,0,0,4
"690",0,0,0,1,0,0,0,0,0,16
"691",0,0,0,1,0,0,0,0,0,5
"692",0,0,0,1,0,0,0,0,0,6
"693",0,0,0,1,0,0,0,0,0,5
"694",0,0,0,1,0,0,0,0,0,6
"695",0,0,0,1,0,0,0,0,0,8
"696",0,0,0,1,0,0,0,0,0,3
"697",0,0,0,1,0,0,0,0,0,8
"698",0,0,0,1,0,0,0,0,0,4
"699",0,0,0,1,0,0,0,0,0,1
"700",0,0,0,1,0,0,0,0,0,15
"701",0,0,0,1,0,0,0,0,0,3
"702",0,0,0,1,0,0,0,0,0,5
"703",0,0,0,1,0,0,0,0,0,10
"704",0,0,0,1,0,0,0,0,0,5
"705",0,0,0,1,0,0,0,0,0,3
"706",0,0,0,1,0,0,0,0,0,14
"707",0,0,0,1,0,0,0,0,0,5
"708",0,0,0,1,0,0,0,0,0,6
"709",0,0,0,1,0,0,0,0,0,3
"710",0,0,0,1,0,0,0,0,0,10
"711",0,0,0,1,0,0,0,0,0,21
"712",0,0,0,1,0,0,0,0,0,3
"713",0,0,0,1,0,0,0,0,0,2
"714",0,0,0,1,0,0,0,0,0,9
"715",0,0,0,1,0,0,0,0,0,5
"716",0,0,0,1,0,0,0,0,0,5
"717",0,0,0,1,0,0,0,0,0,3
"718",0,0,0,1,0,0,0,0,0,11
"719",0,0,0,1,0,0,0,0,0,33
"720",0,0,0,1,0,0,0,0,0,5
"721",0,0,0,1,0,0,0,0,0,7
"722",0,0,0,1,0,0,0,0,0,3
"723",0,0,0,1,0,0,0,0,0,3
"724",0,0,0,1,0,0,0,0,0,11
"725",0,0,0,1,0,0,0,0,0,6
"726",0,0,0,1,0,0,0,0,0,1
"727",0,0,0,1,0,0,0,0,0,6
"728",0,0,0,1,0,0,0,0,0,7
"729",0,0,0,1,0,0,0,0,0,5
"730",0,0,0,1,0,0,0,0,0,3
"731",0,0,0,1,0,0,0,0,0,11
"732",0,0,0,1,0,0,0,0,0,33
"733",0,0,0,1,0,0,0,0,0,5
"734",0,0,0,1,0,0,0,0,0,7
"735",0,0,0,1,0,0,0,0,0,1
"736",0,0,0,1,0,0,0,0,0,1
"737",0,0,0,1,0,0,0,0,0,4
"738",0,0,0,1,0,0,0,0,0,5
"739",0,0,0,1,0,0,0,0,0,12
"740",0,0,0,1,0,0,0,0,0,7
"741",0,0,0,1,0,0,0,0,0,8
"742",0,0,0,1,0,0,0,0,0,7
"743",0,0,0,1,0,0,0,0,0,9
"744",0,0,0,1,0,0,0,0,0,4
"745",0,0,0,1,0,0,0,0,0,15
"746",0,0,0,1,0,0,0,0,0,60
"747",0,0,0,1,0,0,0,0,0,7
"748",0,0,0,1,0,0,0,0,0,6
"749",0,0,0,1,0,0,0,0,0,23
"750",0,0,0,1,0,0,0,0,0,5
"751",0,0,0,1,0,0,0,0,0,3
"752",0,0,0,1,0,0,0,0,0,2
"753",0,0,0,1,0,0,0,0,0,2
"754",0,0,0,1,0,0,0,0,0,8
"755",0,0,0,1,0,0,0,0,0,7
"756",0,0,0,1,0,0,0,0,0,5
"757",0,0,0,1,0,0,0,0,0,7
"758",0,0,0,1,0,0,0,0,0,6
"759",0,0,0,1,0,0,0,0,0,2
"760",0,0,0,1,0,0,0,0,0,5
"761",0,0,0,1,0,0,0,0,0,2
"762",0,0,0,1,0,0,0,0,0,5
"763",0,0,0,1,0,0,0,0,0,6
"764",0,0,0,1,0,0,0,0,0,4
"765",0,0,0,1,0,0,0,0,0,21
"766",0,0,0,1,0,0,0,0,0,4
"767",0,0,0,1,0,0,0,0,0,7
"768",0,0,0,1,0,0,0,0,0,3
"769",0,0,0,1,0,0,0,0,0,5
"770",0,0,0,1,0,0,0,0,0,7
"771",0,0,0,1,0,0,0,0,0,3
"772",0,0,0,1,0,0,0,0,0,1
"773",0,0,0,1,0,0,0,0,0,2
"774",0,0,0,1,0,0,0,0,0,66
"775",0,0,0,1,0,0,0,0,0,3
"776",0,0,0,1,0,0,0,0,0,3
"777",0,0,0,1,0,0,0,0,0,3
"778",0,0,0,1,0,0,0,0,0,2
"779",0,0,0,1,0,0,0,0,0,2
"780",0,0,0,1,0,0,0,0,0,4
"781",0,0,0,1,0,0,0,0,0,7
"782",0,0,0,1,0,0,0,0,0,14
"783",0,0,0,1,0,0,0,0,0,4
"784",0,0,0,1,0,0,0,0,0,4
"785",0,0,0,1,0,0,0,0,0,5
"786",0,0,0,1,0,0,0,0,0,6
"787",0,0,0,1,0,0,0,0,0,3
"788",0,0,0,1,0,0,0,0,0,6
"789",0,0,0,1,0,0,0,0,0,14
"790",0,0,0,1,0,0,0,0,0,1
"791",0,0,0,1,0,0,0,0,0,3
"792",0,0,0,1,0,0,0,0,0,6
"793",0,0,0,1,0,0,0,0,0,2
"794",0,0,0,1,0,0,0,0,0,7
"795",0,0,0,1,0,0,0,0,0,2
"796",0,0,0,1,0,0,0,0,0,4
"797",0,0,0,1,0,0,0,0,0,11
"798",0,0,0,1,0,0,0,0,0,13
"799",0,0,0,1,0,0,0,0,0,5
"800",0,0,0,1,0,0,0,0,0,20
"801",0,0,0,1,0,0,0,0,0,2
"802",0,0,0,1,0,0,0,0,0,5
"803",0,0,0,1,0,0,0,0,0,2
"804",0,0,0,1,0,0,0,0,0,3
"805",0,0,0,1,0,0,0,0,0,13
"806",0,0,0,1,0,0,0,0,0,10
"807",0,0,0,1,0,0,0,0,0,6
"808",0,0,0,1,0,0,0,0,0,3
"809",0,0,0,1,0,0,0,0,0,8
"810",0,0,0,1,0,0,0,0,0,5
"811",0,0,0,1,0,0,0,0,0,70
"812",0,0,0,1,0,0,0,0,0,6
"813",0,0,0,1,0,0,0,0,0,15
"814",0,0,0,1,0,0,0,0,0,33
"815",0,0,0,1,0,0,0,0,0,4
"816",0,0,0,1,0,0,0,0,0,2
"817",0,0,0,1,0,0,0,0,0,4
"818",0,0,0,1,0,0,0,0,0,16
"819",0,0,0,1,0,0,0,0,0,60
"820",0,0,0,1,0,0,0,0,0,2
"821",0,0,0,1,0,0,0,0,0,2
"822",0,0,0,1,0,0,0,0,0,5
"823",0,0,0,1,0,0,0,0,0,4
"824",0,0,0,1,0,0,0,0,0,2
"825",0,0,0,1,0,0,0,0,0,8
"826",0,0,0,1,0,0,0,0,0,7
"827",0,0,0,1,0,0,0,0,0,5
"828",0,0,0,1,0,0,0,0,0,6
"829",0,0,0,1,0,0,0,0,0,10
"830",0,0,0,1,0,0,0,0,0,6
"831",0,0,0,1,0,0,0,0,0,14
"832",0,0,0,1,0,0,0,0,0,4
"833",0,0,0,1,0,0,0,0,0,3
"834",0,0,0,1,0,0,0,0,0,6
"835",0,0,0,1,0,0,0,0,0,4
"836",0,0,0,1,0,0,0,0,0,5
"837",0,0,0,1,0,0,0,0,0,7
"838",0,0,0,1,0,0,0,0,0,5
"839",0,0,0,1,0,0,0,0,0,3
"840",0,0,0,1,0,0,0,0,0,7
"841",0,0,0,1,0,0,0,0,0,7
"842",0,0,0,1,0,0,0,0,0,3
"843",0,0,0,1,0,0,0,0,0,3
"844",0,0,0,1,0,0,0,0,0,9
"845",0,0,0,1,0,0,0,0,0,3
"846",0,0,0,1,0,0,0,0,0,5
"847",0,0,0,1,0,0,0,0,0,6
"848",0,0,0,1,0,0,0,0,0,3
"849",0,0,0,1,0,0,0,0,0,2
"850",0,0,0,1,0,0,0,0,0,8
"851",0,0,0,1,0,0,0,0,0,10
"852",0,0,0,1,0,0,0,0,0,3
"853",0,0,0,1,0,0,0,0,0,6
"854",0,0,0,1,0,0,0,0,0,3
"855",0,0,0,1,0,0,0,0,0,3
"856",0,0,0,1,0,0,0,0,0,22
"857",0,0,0,1,0,0,0,0,0,8
"858",0,0,0,1,0,0,0,0,0,8
"859",0,0,0,1,0,0,0,0,0,9
"860",0,0,0,1,0,0,0,0,0,7
"861",0,0,0,1,0,0,0,0,0,2
"862",0,0,0,1,0,0,0,0,0,3
"863",0,0,0,1,0,0,0,0,0,2
"864",0,0,0,1,0,0,0,0,0,2
"865",0,0,0,1,0,0,0,0,0,17
"866",0,0,0,1,0,0,0,0,0,7
"867",0,0,0,1,0,0,0,0,0,1
"868",0,0,0,1,0,0,0,0,0,4
"869",0,0,0,1,0,0,0,0,0,7
"870",0,0,0,1,0,0,0,0,0,4
"871",0,0,0,1,0,0,0,0,0,6
"872",0,0,0,1,0,0,0,0,0,5
"873",0,0,0,1,0,0,0,0,0,2
"874",0,0,0,1,0,0,0,0,0,90
"875",0,0,0,1,0,0,0,0,0,7
"876",0,0,0,1,0,0,0,0,0,3
"877",0,0,0,1,0,0,0,0,0,14
"878",0,0,0,1,0,0,0,0,0,3
"879",0,0,0,1,0,0,0,0,0,1
"880",0,0,0,1,0,0,0,0,0,1
"881",0,0,0,1,0,0,0,0,0,4
"882",0,0,0,1,0,0,0,0,0,3
"883",0,0,0,1,0,0,0,0,0,3
"884",0,0,0,1,0,0,0,0,0,2
"885",0,0,0,1,0,0,0,0,0,43
"886",0,0,0,1,0,0,0,0,0,4
"887",0,0,0,1,0,0,0,0,0,2
"888",0,0,0,1,0,0,0,0,0,3
"889",0,0,0,0,1,0,0,0,0,16
"890",0,0,0,0,1,0,0,0,0,19
"891",0,0,0,0,1,0,0,0,0,22
"892",0,0,0,0,1,0,0,0,0,19
"893",0,0,0,0,1,0,0,0,0,3
"894",0,0,0,0,1,0,0,0,0,3
"895",0,0,0,0,1,0,0,0,0,3
"896",0,0,0,0,1,0,0,0,0,3
"897",0,0,0,0,1,0,0,0,0,3
"898",0,0,0,0,1,0,0,0,0,5
"899",0,0,0,0,1,0,0,0,0,4
"900",0,0,0,0,1,0,0,0,0,22
"901",0,0,0,0,1,0,0,0,0,19
"902",0,0,0,0,1,0,0,0,0,7
"903",0,0,0,0,1,0,0,0,0,14
"904",0,0,0,0,1,0,0,0,0,7
"905",0,0,0,0,1,0,0,0,0,11
"906",0,0,0,0,1,0,0,0,0,7
"907",0,0,0,0,1,0,0,0,0,3
"908",0,0,0,0,1,0,0,0,0,3
"909",0,0,0,0,1,0,0,0,0,3
"910",0,0,0,0,1,0,0,0,0,3
"911",0,0,0,0,1,0,0,0,0,3
"912",0,0,0,0,1,0,0,0,0,5
"913",0,0,0,0,1,0,0,0,0,40
"914",0,0,0,0,1,0,0,0,0,4
"915",0,0,0,0,1,0,0,0,0,8
"916",0,0,0,0,1,0,0,0,0,29
"917",0,0,0,0,1,0,0,0,0,2
"918",0,0,0,0,1,0,0,0,0,7
"919",0,0,0,0,1,0,0,0,0,10
"920",0,0,0,0,1,0,0,0,0,5
"921",0,0,0,0,1,0,0,0,0,3
"922",0,0,0,0,1,0,0,0,0,5
"923",0,0,0,0,1,0,0,0,0,7
"924",0,0,0,0,0,1,0,0,0,18
"925",0,0,0,0,0,1,0,0,0,8
"926",0,0,0,0,0,1,0,0,0,2
"927",0,0,0,0,0,1,0,0,0,4
"928",0,0,0,0,0,1,0,0,0,15
"929",0,0,0,0,0,1,0,0,0,11
"930",0,0,0,0,0,1,0,0,0,59
"931",0,0,0,0,0,1,0,0,0,2
"932",0,0,0,0,0,1,0,0,0,4
"933",0,0,0,0,0,1,0,0,0,3
"934",0,0,0,0,0,1,0,0,0,3
"935",0,0,0,0,0,1,0,0,0,6
"936",0,0,0,0,0,1,0,0,0,6
"937",0,0,0,0,0,1,0,0,0,2
"938",0,0,0,0,0,1,0,0,0,2
"939",0,0,0,0,0,1,0,0,0,1
"940",0,0,0,0,0,1,0,0,0,1
"941",0,0,0,0,0,1,0,0,0,6
"942",0,0,0,0,0,1,0,0,0,75
"943",0,0,0,0,0,1,0,0,0,8
"944",0,0,0,0,0,1,0,0,0,1
"945",0,0,0,0,0,1,0,0,0,14
"946",0,0,0,0,0,1,0,0,0,5
"947",0,0,0,0,0,1,0,0,0,4
"948",0,0,0,0,0,1,0,0,0,5
"949",0,0,0,0,0,1,0,0,0,3
"950",0,0,0,0,0,1,0,0,0,3
"951",0,0,0,0,0,1,0,0,0,12
"952",0,0,0,0,0,1,0,0,0,4
"953",0,0,0,0,0,1,0,0,0,50
"954",0,0,0,0,0,1,0,0,0,20
"955",0,0,0,0,0,1,0,0,0,5
"956",0,0,0,0,0,1,0,0,0,6
"957",0,0,0,0,0,1,0,0,0,9
"958",0,0,0,0,0,1,0,0,0,10
"959",0,0,0,0,0,1,0,0,0,5
"960",0,0,0,0,0,1,0,0,0,5
"961",0,0,0,0,0,1,0,0,0,8
"962",0,0,0,0,0,1,0,0,0,30
"963",0,0,0,0,0,1,0,0,0,14
"964",0,0,0,0,0,1,0,0,0,9
"965",0,0,0,0,0,1,0,0,0,18
"966",0,0,0,0,0,1,0,0,0,8
"967",0,0,0,0,0,1,0,0,0,2
"968",0,0,0,0,0,1,0,0,0,4
"969",0,0,0,0,0,1,0,0,0,14
"970",0,0,0,0,0,1,0,0,0,11
"971",0,0,0,0,0,1,0,0,0,10
"972",0,0,0,0,0,1,0,0,0,6
"973",0,0,0,0,0,1,0,0,0,14
"974",0,0,0,0,0,1,0,0,0,6
"975",0,0,0,0,0,1,0,0,0,36
"976",0,0,0,0,0,1,0,0,0,5
"977",0,0,0,0,0,1,0,0,0,4
"978",0,0,0,0,0,1,0,0,0,3
"979",0,0,0,0,0,1,0,0,0,3
"980",0,0,0,0,0,1,0,0,0,6
"981",0,0,0,0,0,1,0,0,0,6
"982",0,0,0,0,0,1,0,0,0,2
"983",0,0,0,0,0,1,0,0,0,4
"984",0,0,0,0,0,1,0,0,0,3
"985",0,0,0,0,0,1,0,0,0,61
"986",0,0,0,0,0,1,0,0,0,5
"987",0,0,0,0,0,1,0,0,0,5
"988",0,0,0,0,0,1,0,0,0,5
"989",0,0,0,0,0,1,0,0,0,24
"990",0,0,0,0,0,1,0,0,0,9
"991",0,0,0,0,0,1,0,0,0,10
"992",0,0,0,0,0,1,0,0,0,5
"993",0,0,0,0,0,1,0,0,0,5
"994",0,0,0,0,0,1,0,0,0,5
"995",0,0,0,0,0,1,0,0,0,5
"996",0,0,0,0,0,1,0,0,0,4
"997",0,0,0,0,0,1,0,0,0,7
"998",0,0,0,0,0,1,0,0,0,10
"999",0,0,0,0,0,1,0,0,0,5
"1000",0,0,0,0,0,1,0,0,0,11
"1001",0,0,0,0,0,1,0,0,0,16
"1002",0,0,0,0,0,1,0,0,0,2
"1003",0,0,0,0,0,1,0,0,0,75
"1004",0,0,0,0,0,1,0,0,0,8
"1005",0,0,0,0,0,1,0,0,0,1
"1006",0,0,0,0,0,1,0,0,0,14
"1007",0,0,0,0,0,1,0,0,0,5
"1008",0,0,0,0,0,1,0,0,0,4
"1009",0,0,0,0,0,1,0,0,0,4
"1010",0,0,0,0,0,1,0,0,0,5
"1011",0,0,0,0,0,1,0,0,0,3
"1012",0,0,0,0,0,1,0,0,0,3
"1013",0,0,0,0,0,1,0,0,0,12
"1014",0,0,0,0,0,1,0,0,0,14
"1015",0,0,0,0,0,1,0,0,0,14
"1016",0,0,0,0,0,1,0,0,0,14
"1017",0,0,0,0,0,1,0,0,0,5
"1018",0,0,0,0,0,1,0,0,0,2
"1019",0,0,0,0,0,1,0,0,0,7
"1020",0,0,0,0,0,1,0,0,0,14
"1021",0,0,0,0,0,1,0,0,0,3
"1022",0,0,0,0,0,1,0,0,0,18
"1023",0,0,0,0,0,1,0,0,0,8
"1024",0,0,0,0,0,1,0,0,0,3
"1025",0,0,0,0,0,1,0,0,0,6
"1026",0,0,0,0,0,1,0,0,0,45
"1027",0,0,0,0,0,1,0,0,0,11
"1028",0,0,0,0,0,1,0,0,0,2
"1029",0,0,0,0,0,1,0,0,0,4
"1030",0,0,0,0,0,1,0,0,0,59
"1031",0,0,0,0,0,1,0,0,0,14
"1032",0,0,0,0,0,1,0,0,0,13
"1033",0,0,0,0,0,1,0,0,0,14
"1034",0,0,0,0,0,1,0,0,0,9
"1035",0,0,0,0,0,1,0,0,0,7
"1036",0,0,0,0,0,1,0,0,0,1
"1037",0,0,0,0,0,1,0,0,0,18
"1038",0,0,0,0,0,1,0,0,0,5
"1039",0,0,0,0,0,1,0,0,0,13
"1040",0,0,0,0,0,1,0,0,0,1
"1041",0,0,0,0,0,1,0,0,0,3
"1042",0,0,0,0,0,1,0,0,0,4
"1043",0,0,0,0,0,1,0,0,0,10
"1044",0,0,0,0,0,1,0,0,0,6
"1045",0,0,0,0,0,1,0,0,0,14
"1046",0,0,0,0,0,1,0,0,0,6
"1047",0,0,0,0,0,1,0,0,0,11
"1048",0,0,0,0,0,1,0,0,0,9
"1049",0,0,0,0,0,1,0,0,0,5
"1050",0,0,0,0,0,1,0,0,0,5
"1051",0,0,0,0,0,1,0,0,0,12
"1052",0,0,0,0,0,1,0,0,0,5
"1053",0,0,0,0,0,1,0,0,0,14
"1054",0,0,0,0,0,1,0,0,0,12
"1055",0,0,0,0,0,1,0,0,0,5
"1056",0,0,0,0,0,1,0,0,0,10
"1057",0,0,0,0,0,1,0,0,0,1
"1058",0,0,0,0,0,1,0,0,0,8
"1059",0,0,0,0,0,1,0,0,0,7
"1060",0,0,0,0,0,1,0,0,0,3
"1061",0,0,0,0,0,1,0,0,0,1
"1062",0,0,0,0,0,1,0,0,0,6
"1063",0,0,0,0,0,1,0,0,0,2
"1064",0,0,0,0,0,1,0,0,0,9
"1065",0,0,0,0,0,1,0,0,0,5
"1066",0,0,0,0,0,1,0,0,0,4
"1067",0,0,0,0,0,1,0,0,0,5
"1068",0,0,0,0,0,1,0,0,0,4
"1069",0,0,0,0,0,1,0,0,0,2
"1070",0,0,0,0,0,1,0,0,0,22
"1071",0,0,0,0,0,1,0,0,0,67
"1072",0,0,0,0,0,1,0,0,0,4
"1073",0,0,0,0,0,1,0,0,0,4
"1074",0,0,0,0,0,1,0,0,0,1
"1075",0,0,0,0,0,1,0,0,0,36
"1076",0,0,0,0,0,1,0,0,0,5
"1077",0,0,0,0,0,1,0,0,0,10
"1078",0,0,0,0,0,1,0,0,0,4
"1079",0,0,0,0,0,1,0,0,0,5
"1080",0,0,0,0,0,1,0,0,0,3
"1081",0,0,0,0,0,1,0,0,0,6
"1082",0,0,0,0,0,1,0,0,0,6
"1083",0,0,0,0,0,1,0,0,0,2
"1084",0,0,0,0,0,1,0,0,0,6
"1085",0,0,0,0,0,1,0,0,0,3
"1086",0,0,0,0,0,1,0,0,0,61
"1087",0,0,0,0,0,1,0,0,0,2
"1088",0,0,0,0,0,1,0,0,0,3
"1089",0,0,0,0,0,1,0,0,0,15
"1090",0,0,0,0,0,1,0,0,0,70
"1091",0,0,0,0,0,1,0,0,0,4
"1092",0,0,0,0,0,1,0,0,0,5
"1093",0,0,0,0,0,1,0,0,0,4
"1094",0,0,0,0,0,1,0,0,0,12
"1095",0,0,0,0,0,1,0,0,0,12
"1096",0,0,0,0,0,1,0,0,0,5
"1097",0,0,0,0,0,1,0,0,0,5
"1098",0,0,0,0,0,1,0,0,0,6
"1099",0,0,0,0,0,1,0,0,0,3
"1100",0,0,0,0,0,1,0,0,0,13
"1101",0,0,0,0,0,1,0,0,0,3
"1102",0,0,0,0,0,1,0,0,0,4
"1103",0,0,0,0,0,1,0,0,0,4
"1104",0,0,0,0,0,1,0,0,0,24
"1105",0,0,0,0,0,1,0,0,0,2
"1106",0,0,0,0,0,1,0,0,0,3
"1107",0,0,0,0,0,1,0,0,0,9
"1108",0,0,0,0,0,1,0,0,0,10
"1109",0,0,0,0,0,1,0,0,0,5
"1110",0,0,0,0,0,1,0,0,0,5
"1111",0,0,0,0,0,1,0,0,0,5
"1112",0,0,0,0,0,1,0,0,0,1
"1113",0,0,0,0,0,1,0,0,0,4
"1114",0,0,0,0,0,1,0,0,0,7
"1115",0,0,0,0,0,1,0,0,0,7
"1116",0,0,0,0,0,1,0,0,0,34
"1117",0,0,0,0,0,1,0,0,0,5
"1118",0,0,0,0,0,1,0,0,0,4
"1119",0,0,0,0,0,1,0,0,0,7
"1120",0,0,0,0,0,1,0,0,0,10
"1121",0,0,0,0,0,1,0,0,0,7
"1122",0,0,0,0,0,1,0,0,0,6
"1123",0,0,0,0,0,1,0,0,0,21
"1124",0,0,0,0,0,1,0,0,0,3
"1125",0,0,0,0,0,1,0,0,0,16
"1126",0,0,0,0,0,1,0,0,0,2
"1127",0,0,0,0,0,1,0,0,0,72
"1128",0,0,0,0,0,1,0,0,0,6
"1129",0,0,0,0,0,1,0,0,0,10
"1130",0,0,0,0,0,1,0,0,0,16
"1131",0,0,0,0,0,1,0,0,0,7
"1132",0,0,0,0,0,1,0,0,0,6
"1133",0,0,0,0,0,1,0,0,0,7
"1134",0,0,0,0,0,1,0,0,0,11
"1135",0,0,0,0,0,1,0,0,0,16
"1136",0,0,0,0,0,1,0,0,0,5
"1137",0,0,0,0,0,1,0,0,0,3
"1138",0,0,0,0,0,1,0,0,0,14
"1139",0,0,0,0,0,1,0,0,0,3
"1140",0,0,0,0,0,1,0,0,0,3
"1141",0,0,0,0,0,1,0,0,0,7
"1142",0,0,0,0,0,1,0,0,0,35
"1143",0,0,0,0,0,1,0,0,0,3
"1144",0,0,0,0,0,1,0,0,0,7
"1145",0,0,0,0,0,1,0,0,0,3
"1146",0,0,0,0,0,1,0,0,0,8
"1147",0,0,0,0,0,1,0,0,0,5
"1148",0,0,0,0,0,1,0,0,0,8
"1149",0,0,0,0,0,1,0,0,0,2
"1150",0,0,0,0,0,1,0,0,0,3
"1151",0,0,0,0,0,1,0,0,0,10
"1152",0,0,0,0,0,1,0,0,0,3
"1153",0,0,0,0,0,1,0,0,0,20
"1154",0,0,0,0,0,1,0,0,0,3
"1155",0,0,0,0,0,1,0,0,0,7
"1156",0,0,0,0,0,1,0,0,0,7
"1157",0,0,0,0,0,1,0,0,0,5
"1158",0,0,0,0,0,1,0,0,0,10
"1159",0,0,0,0,0,1,0,0,0,5
"1160",0,0,0,0,0,1,0,0,0,75
"1161",0,0,0,0,0,1,0,0,0,21
"1162",0,0,0,0,0,1,0,0,0,1
"1163",0,0,0,0,0,1,0,0,0,6
"1164",0,0,0,0,0,1,0,0,0,5
"1165",0,0,0,0,0,1,0,0,0,12
"1166",0,0,0,0,0,1,0,0,0,3
"1167",0,0,0,0,0,1,0,0,0,14
"1168",0,0,0,0,0,1,0,0,0,10
"1169",0,0,0,0,0,1,0,0,0,10
"1170",0,0,0,0,0,1,0,0,0,15
"1171",0,0,0,0,0,1,0,0,0,11
"1172",0,0,0,0,0,1,0,0,0,9
"1173",0,0,0,0,0,1,0,0,0,3
"1174",0,0,0,0,0,1,0,0,0,3
"1175",0,0,0,0,0,1,0,0,0,4
"1176",0,0,0,0,0,1,0,0,0,9
"1177",0,0,0,0,0,1,0,0,0,3
"1178",0,0,0,0,0,1,0,0,0,4
"1179",0,0,0,0,0,1,0,0,0,6
"1180",0,0,0,0,0,1,0,0,0,3
"1181",0,0,0,0,0,1,0,0,0,2
"1182",0,0,0,0,0,1,0,0,0,9
"1183",0,0,0,0,0,1,0,0,0,4
"1184",0,0,0,0,0,1,0,0,0,7
"1185",0,0,0,0,0,1,0,0,0,6
"1186",0,0,0,0,0,1,0,0,0,5
"1187",0,0,0,0,0,1,0,0,0,4
"1188",0,0,0,0,0,1,0,0,0,4
"1189",0,0,0,0,0,1,0,0,0,10
"1190",0,0,0,0,0,1,0,0,0,3
"1191",0,0,0,0,0,1,0,0,0,3
"1192",0,0,0,0,0,1,0,0,0,2
"1193",0,0,0,0,0,1,0,0,0,12
"1194",0,0,0,0,0,1,0,0,0,8
"1195",0,0,0,0,0,1,0,0,0,12
"1196",0,0,0,0,0,1,0,0,0,12
"1197",0,0,0,0,0,1,0,0,0,11
"1198",0,0,0,0,0,1,0,0,0,5
"1199",0,0,0,0,0,1,0,0,0,50
"1200",0,0,0,0,0,1,0,0,0,2
"1201",0,0,0,0,0,1,0,0,0,5
"1202",0,0,0,0,0,1,0,0,0,10
"1203",0,0,0,0,0,1,0,0,0,5
"1204",0,0,0,0,0,1,0,0,0,2
"1205",0,0,0,0,0,1,0,0,0,2
"1206",0,0,0,0,0,1,0,0,0,4
"1207",0,0,0,0,0,1,0,0,0,75
"1208",0,0,0,0,0,1,0,0,0,7
"1209",0,0,0,0,0,1,0,0,0,3
"1210",0,0,0,0,0,1,0,0,0,7
"1211",0,0,0,0,0,1,0,0,0,5
"1212",0,0,0,0,0,1,0,0,0,5
"1213",0,0,0,0,0,1,0,0,0,2
"1214",0,0,0,0,0,1,0,0,0,2
"1215",0,0,0,0,0,1,0,0,0,2
"1216",0,0,0,0,0,1,0,0,0,10
"1217",0,0,0,0,0,1,0,0,0,8
"1218",0,0,0,0,0,1,0,0,0,12
"1219",0,0,0,0,0,1,0,0,0,16
"1220",0,0,0,0,0,1,0,0,0,48
"1221",0,0,0,0,0,1,0,0,0,5
"1222",0,0,0,0,0,1,0,0,0,2
"1223",0,0,0,0,0,1,0,0,0,3
"1224",0,0,0,0,0,1,0,0,0,1
"1225",0,0,0,0,0,1,0,0,0,5
"1226",0,0,0,0,0,1,0,0,0,4
"1227",0,0,0,0,0,1,0,0,0,6
"1228",0,0,0,0,0,1,0,0,0,4
"1229",0,0,0,0,0,1,0,0,0,4
"1230",0,0,0,0,0,1,0,0,0,6
"1231",0,0,0,0,0,1,0,0,0,19
"1232",0,0,0,0,0,1,0,0,0,3
"1233",0,0,0,0,0,1,0,0,0,2
"1234",0,0,0,0,0,1,0,0,0,5
"1235",0,0,0,0,0,1,0,0,0,33
"1236",0,0,0,0,0,1,0,0,0,14
"1237",0,0,0,0,0,1,0,0,0,14
"1238",0,0,0,0,0,1,0,0,0,2
"1239",0,0,0,0,0,1,0,0,0,37
"1240",0,0,0,0,0,1,0,0,0,36
"1241",0,0,0,0,0,1,0,0,0,65
"1242",0,0,0,0,0,1,0,0,0,5
"1243",0,0,0,0,0,1,0,0,0,35
"1244",0,0,0,0,0,1,0,0,0,14
"1245",0,0,0,0,0,1,0,0,0,2
"1246",0,0,0,0,0,1,0,0,0,7
"1247",0,0,0,0,0,1,0,0,0,4
"1248",0,0,0,0,0,1,0,0,0,6
"1249",0,0,0,0,0,1,0,0,0,62
"1250",0,0,0,0,0,1,0,0,0,11
"1251",0,0,0,0,0,1,0,0,0,5
"1252",0,0,0,0,0,1,0,0,0,7
"1253",0,0,0,0,0,1,0,0,0,5
"1254",0,0,0,0,0,1,0,0,0,17
"1255",0,0,0,0,0,1,0,0,0,10
"1256",0,0,0,0,0,1,0,0,0,10
"1257",0,0,0,0,0,1,0,0,0,4
"1258",0,0,0,0,0,1,0,0,0,4
"1259",0,0,0,0,0,1,0,0,0,2
"1260",0,0,0,0,0,1,0,0,0,15
"1261",0,0,0,0,0,1,0,0,0,4
"1262",0,0,0,0,0,1,0,0,0,3
"1263",0,0,0,0,0,1,0,0,0,7
"1264",0,0,0,0,0,1,0,0,0,27
"1265",0,0,0,0,0,1,0,0,0,3
"1266",0,0,0,0,0,1,0,0,0,14
"1267",0,0,0,0,0,1,0,0,0,5
"1268",0,0,0,0,0,1,0,0,0,4
"1269",0,0,0,0,0,1,0,0,0,4
"1270",0,0,0,0,0,1,0,0,0,2
"1271",0,0,0,0,0,1,0,0,0,3
"1272",0,0,0,0,0,1,0,0,0,5
"1273",0,0,0,0,0,1,0,0,0,2
"1274",0,0,0,0,0,1,0,0,0,14
"1275",0,0,0,0,0,1,0,0,0,3
"1276",0,0,0,0,0,1,0,0,0,6
"1277",0,0,0,0,0,1,0,0,0,37
"1278",0,0,0,0,0,1,0,0,0,174
"1279",0,0,0,0,0,1,0,0,0,5
"1280",0,0,0,0,0,1,0,0,0,5
"1281",0,0,0,0,0,1,0,0,0,3
"1282",0,0,0,0,0,1,0,0,0,2
"1283",0,0,0,0,0,1,0,0,0,3
"1284",0,0,0,0,0,1,0,0,0,4
"1285",0,0,0,0,0,1,0,0,0,5
"1286",0,0,0,0,0,1,0,0,0,2
"1287",0,0,0,0,0,1,0,0,0,3
"1288",0,0,0,0,0,1,0,0,0,2
"1289",0,0,0,0,0,1,0,0,0,3
"1290",0,0,0,0,0,1,0,0,0,5
"1291",0,0,0,0,0,1,0,0,0,15
"1292",0,0,0,0,0,1,0,0,0,10
"1293",0,0,0,0,0,1,0,0,0,4
"1294",0,0,0,0,0,1,0,0,0,28
"1295",0,0,0,0,0,1,0,0,0,3
"1296",0,0,0,0,0,1,0,0,0,3
"1297",0,0,0,0,0,1,0,0,0,4
"1298",0,0,0,0,0,1,0,0,0,3
"1299",0,0,0,0,0,1,0,0,0,3
"1300",0,0,0,0,0,1,0,0,0,4
"1301",0,0,0,0,0,1,0,0,0,2
"1302",0,0,0,0,0,1,0,0,0,10
"1303",0,0,0,0,0,1,0,0,0,3
"1304",0,0,0,0,0,1,0,0,0,3
"1305",0,0,0,0,0,1,0,0,0,2
"1306",0,0,0,0,0,1,0,0,0,2
"1307",0,0,0,0,0,1,0,0,0,74
"1308",0,0,0,0,0,1,0,0,0,4
"1309",0,0,0,0,0,1,0,0,0,2
"1310",0,0,0,0,0,1,0,0,0,4
"1311",0,0,0,0,0,1,0,0,0,3
"1312",0,0,0,0,0,1,0,0,0,2
"1313",0,0,0,0,0,1,0,0,0,60
"1314",0,0,0,0,0,1,0,0,0,35
"1315",0,0,0,0,0,1,0,0,0,2
"1316",0,0,0,0,0,1,0,0,0,4
"1317",0,0,0,0,0,1,0,0,0,4
"1318",0,0,0,0,0,1,0,0,0,3
"1319",0,0,0,0,0,1,0,0,0,5
"1320",0,0,0,0,0,1,0,0,0,7
"1321",0,0,0,0,0,1,0,0,0,3
"1322",0,0,0,0,0,1,0,0,0,3
"1323",0,0,0,0,0,1,0,0,0,4
"1324",0,0,0,0,0,1,0,0,0,5
"1325",0,0,0,0,0,1,0,0,0,10
"1326",0,0,0,0,0,1,0,0,0,4
"1327",0,0,0,0,0,1,0,0,0,4
"1328",0,0,0,0,0,1,0,0,0,2
"1329",0,0,0,0,0,1,0,0,0,4
"1330",0,0,0,0,0,1,0,0,0,6
"1331",0,0,0,0,0,1,0,0,0,4
"1332",0,0,0,0,0,1,0,0,0,5
"1333",0,0,0,0,0,1,0,0,0,16
"1334",0,0,0,0,0,1,0,0,0,4
"1335",0,0,0,0,0,1,0,0,0,3
"1336",0,0,0,0,0,1,0,0,0,3
"1337",0,0,0,0,0,1,0,0,0,10
"1338",0,0,0,0,0,1,0,0,0,10
"1339",0,0,0,0,0,1,0,0,0,8
"1340",0,0,0,0,0,1,0,0,0,4
"1341",0,0,0,0,0,1,0,0,0,2
"1342",0,0,0,0,0,1,0,0,0,4
"1343",0,0,0,0,0,1,0,0,0,50
"1344",0,0,0,0,0,1,0,0,0,2
"1345",0,0,0,0,0,1,0,0,0,4
"1346",0,0,0,0,0,1,0,0,0,6
"1347",0,0,0,0,0,1,0,0,0,2
"1348",0,0,0,0,0,1,0,0,0,3
"1349",0,0,0,0,0,1,0,0,0,3
"1350",0,0,0,0,0,1,0,0,0,10
"1351",0,0,0,0,0,1,0,0,0,5
"1352",0,0,0,0,0,1,0,0,0,15
"1353",0,0,0,0,0,1,0,0,0,7
"1354",0,0,0,0,0,1,0,0,0,5
"1355",0,0,0,0,0,1,0,0,0,3
"1356",0,0,0,0,0,1,0,0,0,4
"1357",0,0,0,0,0,1,0,0,0,3
"1358",0,0,0,0,0,1,0,0,0,10
"1359",0,0,0,0,0,1,0,0,0,11
"1360",0,0,0,0,0,1,0,0,0,12
"1361",0,0,0,0,0,1,0,0,0,5
"1362",0,0,0,0,0,1,0,0,0,5
"1363",0,0,0,0,0,1,0,0,0,32
"1364",0,0,0,0,0,1,0,0,0,6
"1365",0,0,0,0,0,1,0,0,0,3
"1366",0,0,0,0,0,1,0,0,0,5
"1367",0,0,0,0,0,1,0,0,0,2
"1368",0,0,0,0,0,1,0,0,0,4
"1369",0,0,0,0,0,1,0,0,0,6
"1370",0,0,0,0,0,1,0,0,0,8
"1371",0,0,0,0,0,1,0,0,0,4
"1372",0,0,0,0,0,1,0,0,0,2
"1373",0,0,0,0,0,1,0,0,0,3
"1374",0,0,0,0,0,1,0,0,0,1
"1375",0,0,0,0,0,1,0,0,0,2
"1376",0,0,0,0,0,1,0,0,0,6
"1377",0,0,0,0,0,1,0,0,0,2
"1378",0,0,0,0,0,1,0,0,0,6
"1379",0,0,0,0,0,1,0,0,0,3
"1380",0,0,0,0,0,1,0,0,0,7
"1381",0,0,0,0,0,1,0,0,0,3
"1382",0,0,0,0,0,1,0,0,0,10
"1383",0,0,0,0,0,1,0,0,0,7
"1384",0,0,0,0,0,1,0,0,0,4
"1385",0,0,0,0,0,1,0,0,0,3
"1386",0,0,0,0,0,1,0,0,0,3
"1387",0,0,0,0,0,1,0,0,0,15
"1388",0,0,0,0,0,1,0,0,0,6
"1389",0,0,0,0,0,1,0,0,0,4
"1390",0,0,0,0,0,1,0,0,0,6
"1391",0,0,0,0,0,1,0,0,0,28
"1392",0,0,0,0,0,1,0,0,0,4
"1393",0,0,0,0,0,1,0,0,0,5
"1394",0,0,0,0,0,1,0,0,0,5
"1395",0,0,0,0,0,1,0,0,0,3
"1396",0,0,0,0,0,1,0,0,0,2
"1397",0,0,0,0,0,1,0,0,0,4
"1398",0,0,0,0,0,1,0,0,0,3
"1399",0,0,0,0,0,1,0,0,0,5
"1400",0,0,0,0,0,1,0,0,0,11
"1401",0,0,0,0,0,1,0,0,0,3
"1402",0,0,0,0,0,1,0,0,0,3
"1403",0,0,0,0,0,1,0,0,0,4
"1404",0,0,0,0,0,1,0,0,0,4
"1405",0,0,0,0,0,1,0,0,0,44
"1406",0,0,0,0,0,1,0,0,0,4
"1407",0,0,0,0,0,1,0,0,0,4
"1408",0,0,0,0,0,1,0,0,0,5
"1409",0,0,0,0,0,1,0,0,0,4
"1410",0,0,0,0,0,1,0,0,0,4
"1411",0,0,0,0,0,1,0,0,0,2
"1412",0,0,0,0,0,1,0,0,0,6
"1413",0,0,0,0,0,1,0,0,0,7
"1414",0,0,0,0,0,1,0,0,0,4
"1415",0,0,0,0,0,1,0,0,0,4
"1416",0,0,0,0,0,1,0,0,0,3
"1417",0,0,0,0,0,1,0,0,0,14
"1418",0,0,0,0,0,1,0,0,0,7
"1419",0,0,0,0,0,1,0,0,0,3
"1420",0,0,0,0,0,1,0,0,0,9
"1421",0,0,0,0,0,1,0,0,0,5
"1422",0,0,0,0,0,1,0,0,0,13
"1423",0,0,0,0,0,1,0,0,0,6
"1424",0,0,0,0,0,1,0,0,0,4
"1425",0,0,0,0,0,1,0,0,0,2
"1426",0,0,0,0,0,1,0,0,0,4
"1427",0,0,0,0,0,1,0,0,0,2
"1428",0,0,0,0,0,1,0,0,0,10
"1429",0,0,0,0,0,1,0,0,0,2
"1430",0,0,0,0,0,1,0,0,0,1
"1431",0,0,0,0,0,1,0,0,0,5
"1432",0,0,0,0,0,1,0,0,0,14
"1433",0,0,0,0,0,1,0,0,0,2
"1434",0,0,0,0,0,1,0,0,0,2
"1435",0,0,0,0,0,1,0,0,0,3
"1436",0,0,0,0,0,1,0,0,0,2
"1437",0,0,0,0,0,1,0,0,0,7
"1438",0,0,0,0,0,1,0,0,0,2
"1439",0,0,0,0,0,1,0,0,0,65
"1440",0,0,0,0,0,1,0,0,0,10
"1441",0,0,0,0,0,1,0,0,0,32
"1442",0,0,0,0,0,1,0,0,0,3
"1443",0,0,0,0,0,1,0,0,0,4
"1444",0,0,0,0,0,1,0,0,0,30
"1445",0,0,0,0,0,1,0,0,0,108
"1446",0,0,0,0,0,1,0,0,0,120
"1447",0,0,0,0,0,1,0,0,0,8
"1448",0,0,0,0,0,1,0,0,0,7
"1449",0,0,0,0,0,1,0,0,0,8
"1450",0,0,0,0,0,1,0,0,0,4
"1451",0,0,0,0,0,1,0,0,0,5
"1452",0,0,0,0,0,1,0,0,0,3
"1453",0,0,0,0,0,1,0,0,0,3
"1454",0,0,0,0,0,1,0,0,0,5
"1455",0,0,0,0,0,1,0,0,0,3
"1456",0,0,0,0,0,1,0,0,0,7
"1457",0,0,0,0,0,1,0,0,0,7
"1458",0,0,0,0,0,1,0,0,0,5
"1459",0,0,0,0,0,1,0,0,0,14
"1460",0,0,0,0,0,1,0,0,0,15
"1461",0,0,0,0,0,1,0,0,0,5
"1462",0,0,0,0,0,1,0,0,0,15
"1463",0,0,0,0,0,1,0,0,0,15
"1464",0,0,0,0,0,1,0,0,0,6
"1465",0,0,0,0,0,1,0,0,0,3
"1466",0,0,0,0,0,1,0,0,0,14
"1467",0,0,0,0,0,1,0,0,0,48
"1468",0,0,0,0,0,1,0,0,0,35
"1469",0,0,0,0,0,1,0,0,0,2
"1470",0,0,0,0,0,1,0,0,0,6
"1471",0,0,0,0,0,1,0,0,0,2
"1472",0,0,0,0,0,1,0,0,0,7
"1473",0,0,0,0,0,1,0,0,0,3
"1474",0,0,0,0,0,1,0,0,0,4
"1475",0,0,0,0,0,1,0,0,0,8
"1476",0,0,0,0,0,1,0,0,0,3
"1477",0,0,0,0,0,1,0,0,0,4
"1478",0,0,0,0,0,1,0,0,0,4
"1479",0,0,0,0,0,1,0,0,0,2
"1480",0,0,0,0,0,1,0,0,0,3
"1481",0,0,0,0,0,1,0,0,0,6
"1482",0,0,0,0,0,1,0,0,0,5
"1483",0,0,0,0,0,1,0,0,0,7
"1484",0,0,0,0,0,1,0,0,0,3
"1485",0,0,0,0,0,1,0,0,0,45
"1486",0,0,0,0,0,1,0,0,0,4
"1487",0,0,0,0,0,1,0,0,0,5
"1488",0,0,0,0,0,1,0,0,0,4
"1489",0,0,0,0,0,1,0,0,0,1
"1490",0,0,0,0,0,1,0,0,0,3
"1491",0,0,0,0,0,1,0,0,0,3
"1492",0,0,0,0,0,1,0,0,0,4
"1493",0,0,0,0,0,1,0,0,0,4
"1494",0,0,0,0,0,1,0,0,0,8
"1495",0,0,0,0,0,1,0,0,0,2
"1496",0,0,0,0,0,1,0,0,0,12
"1497",0,0,0,0,0,1,0,0,0,12
"1498",0,0,0,0,0,1,0,0,0,12
"1499",0,0,0,0,0,1,0,0,0,2
"1500",0,0,0,0,0,1,0,0,0,3
"1501",0,0,0,0,0,1,0,0,0,10
"1502",0,0,0,0,0,1,0,0,0,3
"1503",0,0,0,0,0,1,0,0,0,6
"1504",0,0,0,0,0,1,0,0,0,4
"1505",0,0,0,0,0,1,0,0,0,3
"1506",0,0,0,0,0,1,0,0,0,3
"1507",0,0,0,0,0,1,0,0,0,5
"1508",0,0,0,0,0,1,0,0,0,3
"1509",0,0,0,0,0,1,0,0,0,9
"1510",0,0,0,0,0,1,0,0,0,2
"1511",0,0,0,0,0,1,0,0,0,7
"1512",0,0,0,0,0,1,0,0,0,4
"1513",0,0,0,0,0,1,0,0,0,2
"1514",0,0,0,0,0,1,0,0,0,5
"1515",0,0,0,0,0,1,0,0,0,4
"1516",0,0,0,0,0,0,1,0,0,3
"1517",0,0,0,0,0,0,1,0,0,5
"1518",0,0,0,0,0,0,1,0,0,3
"1519",0,0,0,0,0,0,1,0,0,18
"1520",0,0,0,0,0,0,1,0,0,6
"1521",0,0,0,0,0,0,1,0,0,9
"1522",0,0,0,0,0,0,1,0,0,13
"1523",0,0,0,0,0,0,1,0,0,56
"1524",0,0,0,0,0,0,1,0,0,6
"1525",0,0,0,0,0,0,1,0,0,8
"1526",0,0,0,0,0,0,1,0,0,3
"1527",0,0,0,0,0,0,1,0,0,2
"1528",0,0,0,0,0,0,1,0,0,4
"1529",0,0,0,0,0,0,1,0,0,12
"1530",0,0,0,0,0,0,1,0,0,6
"1531",0,0,0,0,0,0,1,0,0,9
"1532",0,0,0,0,0,0,1,0,0,5
"1533",0,0,0,0,0,0,1,0,0,14
"1534",0,0,0,0,0,0,1,0,0,3
"1535",0,0,0,0,0,0,1,0,0,6
"1536",0,0,0,0,0,0,1,0,0,8
"1537",0,0,0,0,0,0,1,0,0,6
"1538",0,0,0,0,0,0,1,0,0,2
"1539",0,0,0,0,0,0,1,0,0,5
"1540",0,0,0,0,0,0,1,0,0,68
"1541",0,0,0,0,0,0,1,0,0,5
"1542",0,0,0,0,0,0,1,0,0,1
"1543",0,0,0,0,0,0,1,0,0,7
"1544",0,0,0,0,0,0,1,0,0,9
"1545",0,0,0,0,0,0,1,0,0,10
"1546",0,0,0,0,0,0,1,0,0,11
"1547",0,0,0,0,0,0,1,0,0,18
"1548",0,0,0,0,0,0,1,0,0,8
"1549",0,0,0,0,0,0,1,0,0,11
"1550",0,0,0,0,0,0,1,0,0,15
"1551",0,0,0,0,0,0,1,0,0,36
"1552",0,0,0,0,0,0,1,0,0,17
"1553",0,0,0,0,0,0,1,0,0,7
"1554",0,0,0,0,0,0,1,0,0,5
"1555",0,0,0,0,0,0,1,0,0,3
"1556",0,0,0,0,0,0,1,0,0,5
"1557",0,0,0,0,0,0,1,0,0,3
"1558",0,0,0,0,0,0,1,0,0,13
"1559",0,0,0,0,0,0,1,0,0,6
"1560",0,0,0,0,0,0,1,0,0,7
"1561",0,0,0,0,0,0,1,0,0,6
"1562",0,0,0,0,0,0,1,0,0,7
"1563",0,0,0,0,0,0,1,0,0,4
"1564",0,0,0,0,0,0,1,0,0,2
"1565",0,0,0,0,0,0,1,0,0,20
"1566",0,0,0,0,0,0,1,0,0,2
"1567",0,0,0,0,0,0,1,0,0,12
"1568",0,0,0,0,0,0,1,0,0,5
"1569",0,0,0,0,0,0,1,0,0,5
"1570",0,0,0,0,0,0,1,0,0,56
"1571",0,0,0,0,0,0,1,0,0,6
"1572",0,0,0,0,0,0,1,0,0,8
"1573",0,0,0,0,0,0,1,0,0,3
"1574",0,0,0,0,0,0,1,0,0,2
"1575",0,0,0,0,0,0,1,0,0,2
"1576",0,0,0,0,0,0,1,0,0,9
"1577",0,0,0,0,0,0,1,0,0,3
"1578",0,0,0,0,0,0,1,0,0,12
"1579",0,0,0,0,0,0,1,0,0,3
"1580",0,0,0,0,0,0,1,0,0,2
"1581",0,0,0,0,0,0,1,0,0,12
"1582",0,0,0,0,0,0,1,0,0,5
"1583",0,0,0,0,0,0,1,0,0,19
"1584",0,0,0,0,0,0,1,0,0,7
"1585",0,0,0,0,0,0,1,0,0,7
"1586",0,0,0,0,0,0,1,0,0,3
"1587",0,0,0,0,0,0,1,0,0,7
"1588",0,0,0,0,0,0,1,0,0,8
"1589",0,0,0,0,0,0,1,0,0,10
"1590",0,0,0,0,0,0,1,0,0,10
"1591",0,0,0,0,0,0,1,0,0,10
"1592",0,0,0,0,0,0,1,0,0,11
"1593",0,0,0,0,0,0,1,0,0,3
"1594",0,0,0,0,0,0,1,0,0,10
"1595",0,0,0,0,0,0,1,0,0,6
"1596",0,0,0,0,0,0,1,0,0,14
"1597",0,0,0,0,0,0,1,0,0,3
"1598",0,0,0,0,0,0,1,0,0,6
"1599",0,0,0,0,0,0,1,0,0,8
"1600",0,0,0,0,0,0,1,0,0,6
"1601",0,0,0,0,0,0,1,0,0,7
"1602",0,0,0,0,0,0,1,0,0,8
"1603",0,0,0,0,0,0,1,0,0,2
"1604",0,0,0,0,0,0,1,0,0,5
"1605",0,0,0,0,0,0,1,0,0,68
"1606",0,0,0,0,0,0,1,0,0,3
"1607",0,0,0,0,0,0,1,0,0,21
"1608",0,0,0,0,0,0,1,0,0,7
"1609",0,0,0,0,0,0,1,0,0,4
"1610",0,0,0,0,0,0,1,0,0,4
"1611",0,0,0,0,0,0,1,0,0,4
"1612",0,0,0,0,0,0,1,0,0,5
"1613",0,0,0,0,0,0,1,0,0,4
"1614",0,0,0,0,0,0,1,0,0,3
"1615",0,0,0,0,0,0,1,0,0,5
"1616",0,0,0,0,0,0,1,0,0,3
"1617",0,0,0,0,0,0,1,0,0,4
"1618",0,0,0,0,0,0,1,0,0,5
"1619",0,0,0,0,0,0,1,0,0,6
"1620",0,0,0,0,0,0,1,0,0,3
"1621",0,0,0,0,0,0,1,0,0,18
"1622",0,0,0,0,0,0,1,0,0,16
"1623",0,0,0,0,0,0,1,0,0,4
"1624",0,0,0,0,0,0,1,0,0,14
"1625",0,0,0,0,0,0,1,0,0,6
"1626",0,0,0,0,0,0,1,0,0,1
"1627",0,0,0,0,0,0,1,0,0,6
"1628",0,0,0,0,0,0,1,0,0,7
"1629",0,0,0,0,0,0,1,0,0,1
"1630",0,0,0,0,0,0,1,0,0,7
"1631",0,0,0,0,0,0,1,0,0,6
"1632",0,0,0,0,0,0,1,0,0,7
"1633",0,0,0,0,0,0,1,0,0,9
"1634",0,0,0,0,0,0,1,0,0,7
"1635",0,0,0,0,0,0,1,0,0,4
"1636",0,0,0,0,0,0,1,0,0,2
"1637",0,0,0,0,0,0,1,0,0,20
"1638",0,0,0,0,0,0,1,0,0,2
"1639",0,0,0,0,0,0,1,0,0,8
"1640",0,0,0,0,0,0,1,0,0,7
"1641",0,0,0,0,0,0,1,0,0,10
"1642",0,0,0,0,0,0,1,0,0,9
"1643",0,0,0,0,0,0,1,0,0,12
"1644",0,0,0,0,0,0,1,0,0,10
"1645",0,0,0,0,0,0,1,0,0,15
"1646",0,0,0,0,0,0,1,0,0,5
"1647",0,0,0,0,0,0,1,0,0,10
"1648",0,0,0,0,0,0,1,0,0,7
"1649",0,0,0,0,0,0,1,0,0,6
"1650",0,0,0,0,0,0,1,0,0,2
"1651",0,0,0,0,0,0,1,0,0,21
"1652",0,0,0,0,0,0,1,0,0,1
"1653",0,0,0,0,0,0,1,0,0,3
"1654",0,0,0,0,0,0,1,0,0,10
"1655",0,0,0,0,0,0,1,0,0,2
"1656",0,0,0,0,0,0,1,0,0,8
"1657",0,0,0,0,0,0,1,0,0,12
"1658",0,0,0,0,0,0,1,0,0,5
"1659",0,0,0,0,0,0,1,0,0,4
"1660",0,0,0,0,0,0,1,0,0,5
"1661",0,0,0,0,0,0,1,0,0,56
"1662",0,0,0,0,0,0,1,0,0,5
"1663",0,0,0,0,0,0,1,0,0,8
"1664",0,0,0,0,0,0,1,0,0,3
"1665",0,0,0,0,0,0,1,0,0,2
"1666",0,0,0,0,0,0,1,0,0,2
"1667",0,0,0,0,0,0,1,0,0,9
"1668",0,0,0,0,0,0,1,0,0,3
"1669",0,0,0,0,0,0,1,0,0,9
"1670",0,0,0,0,0,0,1,0,0,5
"1671",0,0,0,0,0,0,1,0,0,3
"1672",0,0,0,0,0,0,1,0,0,9
"1673",0,0,0,0,0,0,1,0,0,5
"1674",0,0,0,0,0,0,1,0,0,12
"1675",0,0,0,0,0,0,1,0,0,3
"1676",0,0,0,0,0,0,1,0,0,4
"1677",0,0,0,0,0,0,1,0,0,5
"1678",0,0,0,0,0,0,1,0,0,3
"1679",0,0,0,0,0,0,1,0,0,2
"1680",0,0,0,0,0,0,1,0,0,3
"1681",0,0,0,0,0,0,1,0,0,1
"1682",0,0,0,0,0,0,1,0,0,3
"1683",0,0,0,0,0,0,1,0,0,2
"1684",0,0,0,0,0,0,1,0,0,5
"1685",0,0,0,0,0,0,1,0,0,8
"1686",0,0,0,0,0,0,1,0,0,5
"1687",0,0,0,0,0,0,1,0,0,3
"1688",0,0,0,0,0,0,1,0,0,5
"1689",0,0,0,0,0,0,1,0,0,5
"1690",0,0,0,0,0,0,1,0,0,19
"1691",0,0,0,0,0,0,1,0,0,7
"1692",0,0,0,0,0,0,1,0,0,7
"1693",0,0,0,0,0,0,1,0,0,3
"1694",0,0,0,0,0,0,1,0,0,4
"1695",0,0,0,0,0,0,1,0,0,4
"1696",0,0,0,0,0,0,1,0,0,80
"1697",0,0,0,0,0,0,1,0,0,4
"1698",0,0,0,0,0,0,1,0,0,7
"1699",0,0,0,0,0,0,1,0,0,8
"1700",0,0,0,0,0,0,1,0,0,10
"1701",0,0,0,0,0,0,1,0,0,10
"1702",0,0,0,0,0,0,1,0,0,17
"1703",0,0,0,0,0,0,1,0,0,10
"1704",0,0,0,0,0,0,1,0,0,11
"1705",0,0,0,0,0,0,1,0,0,4
"1706",0,0,0,0,0,0,1,0,0,3
"1707",0,0,0,0,0,0,1,0,0,27
"1708",0,0,0,0,0,0,1,0,0,31
"1709",0,0,0,0,0,0,1,0,0,7
"1710",0,0,0,0,0,0,1,0,0,15
"1711",0,0,0,0,0,0,1,0,0,18
"1712",0,0,0,0,0,0,1,0,0,16
"1713",0,0,0,0,0,0,1,0,0,10
"1714",0,0,0,0,0,0,1,0,0,10
"1715",0,0,0,0,0,0,1,0,0,9
"1716",0,0,0,0,0,0,1,0,0,13
"1717",0,0,0,0,0,0,1,0,0,2
"1718",0,0,0,0,0,0,1,0,0,2
"1719",0,0,0,0,0,0,1,0,0,3
"1720",0,0,0,0,0,0,1,0,0,2
"1721",0,0,0,0,0,0,1,0,0,5
"1722",0,0,0,0,0,0,1,0,0,4
"1723",0,0,0,0,0,0,1,0,0,20
"1724",0,0,0,0,0,0,1,0,0,3
"1725",0,0,0,0,0,0,1,0,0,6
"1726",0,0,0,0,0,0,1,0,0,6
"1727",0,0,0,0,0,0,1,0,0,5
"1728",0,0,0,0,0,0,1,0,0,3
"1729",0,0,0,0,0,0,1,0,0,3
"1730",0,0,0,0,0,0,1,0,0,4
"1731",0,0,0,0,0,0,1,0,0,6
"1732",0,0,0,0,0,0,1,0,0,1
"1733",0,0,0,0,0,0,1,0,0,19
"1734",0,0,0,0,0,0,1,0,0,1
"1735",0,0,0,0,0,0,1,0,0,14
"1736",0,0,0,0,0,0,1,0,0,4
"1737",0,0,0,0,0,0,1,0,0,14
"1738",0,0,0,0,0,0,1,0,0,3
"1739",0,0,0,0,0,0,1,0,0,6
"1740",0,0,0,0,0,0,1,0,0,3
"1741",0,0,0,0,0,0,1,0,0,6
"1742",0,0,0,0,0,0,1,0,0,12
"1743",0,0,0,0,0,0,1,0,0,6
"1744",0,0,0,0,0,0,1,0,0,6
"1745",0,0,0,0,0,0,1,0,0,2
"1746",0,0,0,0,0,0,1,0,0,12
"1747",0,0,0,0,0,0,1,0,0,6
"1748",0,0,0,0,0,0,1,0,0,5
"1749",0,0,0,0,0,0,1,0,0,4
"1750",0,0,0,0,0,0,1,0,0,15
"1751",0,0,0,0,0,0,1,0,0,4
"1752",0,0,0,0,0,0,1,0,0,18
"1753",0,0,0,0,0,0,1,0,0,5
"1754",0,0,0,0,0,0,1,0,0,4
"1755",0,0,0,0,0,0,1,0,0,11
"1756",0,0,0,0,0,0,1,0,0,3
"1757",0,0,0,0,0,0,1,0,0,5
"1758",0,0,0,0,0,0,1,0,0,12
"1759",0,0,0,0,0,0,1,0,0,5
"1760",0,0,0,0,0,0,1,0,0,7
"1761",0,0,0,0,0,0,1,0,0,6
"1762",0,0,0,0,0,0,1,0,0,4
"1763",0,0,0,0,0,0,1,0,0,14
"1764",0,0,0,0,0,0,1,0,0,4
"1765",0,0,0,0,0,0,1,0,0,3
"1766",0,0,0,0,0,0,1,0,0,7
"1767",0,0,0,0,0,0,1,0,0,8
"1768",0,0,0,0,0,0,1,0,0,2
"1769",0,0,0,0,0,0,1,0,0,5
"1770",0,0,0,0,0,0,1,0,0,14
"1771",0,0,0,0,0,0,1,0,0,68
"1772",0,0,0,0,0,0,1,0,0,2
"1773",0,0,0,0,0,0,1,0,0,3
"1774",0,0,0,0,0,0,1,0,0,6
"1775",0,0,0,0,0,0,1,0,0,4
"1776",0,0,0,0,0,0,1,0,0,7
"1777",0,0,0,0,0,0,1,0,0,4
"1778",0,0,0,0,0,0,1,0,0,4
"1779",0,0,0,0,0,0,1,0,0,4
"1780",0,0,0,0,0,0,1,0,0,4
"1781",0,0,0,0,0,0,1,0,0,3
"1782",0,0,0,0,0,0,1,0,0,3
"1783",0,0,0,0,0,0,1,0,0,14
"1784",0,0,0,0,0,0,1,0,0,21
"1785",0,0,0,0,0,0,1,0,0,10
"1786",0,0,0,0,0,0,1,0,0,6
"1787",0,0,0,0,0,0,1,0,0,24
"1788",0,0,0,0,0,0,1,0,0,7
"1789",0,0,0,0,0,0,1,0,0,4
"1790",0,0,0,0,0,0,1,0,0,7
"1791",0,0,0,0,0,0,1,0,0,6
"1792",0,0,0,0,0,0,1,0,0,5
"1793",0,0,0,0,0,0,1,0,0,14
"1794",0,0,0,0,0,0,1,0,0,10
"1795",0,0,0,0,0,0,1,0,0,16
"1796",0,0,0,0,0,0,1,0,0,15
"1797",0,0,0,0,0,0,1,0,0,10
"1798",0,0,0,0,0,0,1,0,0,5
"1799",0,0,0,0,0,0,1,0,0,7
"1800",0,0,0,0,0,0,1,0,0,5
"1801",0,0,0,0,0,0,1,0,0,3
"1802",0,0,0,0,0,0,1,0,0,4
"1803",0,0,0,0,0,0,1,0,0,7
"1804",0,0,0,0,0,0,1,0,0,8
"1805",0,0,0,0,0,0,1,0,0,2
"1806",0,0,0,0,0,0,1,0,0,6
"1807",0,0,0,0,0,0,1,0,0,2
"1808",0,0,0,0,0,0,1,0,0,14
"1809",0,0,0,0,0,0,1,0,0,2
"1810",0,0,0,0,0,0,1,0,0,4
"1811",0,0,0,0,0,0,1,0,0,2
"1812",0,0,0,0,0,0,1,0,0,10
"1813",0,0,0,0,0,0,1,0,0,2
"1814",0,0,0,0,0,0,1,0,0,43
"1815",0,0,0,0,0,0,1,0,0,10
"1816",0,0,0,0,0,0,1,0,0,7
"1817",0,0,0,0,0,0,1,0,0,5
"1818",0,0,0,0,0,0,1,0,0,37
"1819",0,0,0,0,0,0,1,0,0,14
"1820",0,0,0,0,0,0,1,0,0,1
"1821",0,0,0,0,0,0,1,0,0,3
"1822",0,0,0,0,0,0,1,0,0,30
"1823",0,0,0,0,0,0,1,0,0,7
"1824",0,0,0,0,0,0,1,0,0,19
"1825",0,0,0,0,0,0,1,0,0,6
"1826",0,0,0,0,0,0,1,0,0,3
"1827",0,0,0,0,0,0,1,0,0,20
"1828",0,0,0,0,0,0,1,0,0,5
"1829",0,0,0,0,0,0,1,0,0,15
"1830",0,0,0,0,0,0,1,0,0,32
"1831",0,0,0,0,0,0,1,0,0,9
"1832",0,0,0,0,0,0,1,0,0,3
"1833",0,0,0,0,0,0,1,0,0,3
"1834",0,0,0,0,0,0,1,0,0,37
"1835",0,0,0,0,0,0,1,0,0,6
"1836",0,0,0,0,0,0,1,0,0,5
"1837",0,0,0,0,0,0,1,0,0,4
"1838",0,0,0,0,0,0,1,0,0,1
"1839",0,0,0,0,0,0,1,0,0,18
"1840",0,0,0,0,0,0,1,0,0,5
"1841",0,0,0,0,0,0,1,0,0,10
"1842",0,0,0,0,0,0,1,0,0,2
"1843",0,0,0,0,0,0,1,0,0,4
"1844",0,0,0,0,0,0,1,0,0,3
"1845",0,0,0,0,0,0,1,0,0,11
"1846",0,0,0,0,0,0,1,0,0,6
"1847",0,0,0,0,0,0,1,0,0,9
"1848",0,0,0,0,0,0,1,0,0,5
"1849",0,0,0,0,0,0,1,0,0,42
"1850",0,0,0,0,0,0,1,0,0,16
"1851",0,0,0,0,0,0,1,0,0,3
"1852",0,0,0,0,0,0,1,0,0,11
"1853",0,0,0,0,0,0,1,0,0,2
"1854",0,0,0,0,0,0,1,0,0,3
"1855",0,0,0,0,0,0,1,0,0,2
"1856",0,0,0,0,0,0,1,0,0,5
"1857",0,0,0,0,0,0,1,0,0,6
"1858",0,0,0,0,0,0,1,0,0,14
"1859",0,0,0,0,0,0,1,0,0,91
"1860",0,0,0,0,0,0,1,0,0,18
"1861",0,0,0,0,0,0,1,0,0,7
"1862",0,0,0,0,0,0,1,0,0,37
"1863",0,0,0,0,0,0,1,0,0,4
"1864",0,0,0,0,0,0,1,0,0,5
"1865",0,0,0,0,0,0,1,0,0,11
"1866",0,0,0,0,0,0,1,0,0,15
"1867",0,0,0,0,0,0,1,0,0,4
"1868",0,0,0,0,0,0,1,0,0,4
"1869",0,0,0,0,0,0,1,0,0,2
"1870",0,0,0,0,0,0,1,0,0,2
"1871",0,0,0,0,0,0,1,0,0,3
"1872",0,0,0,0,0,0,1,0,0,1
"1873",0,0,0,0,0,0,1,0,0,1
"1874",0,0,0,0,0,0,1,0,0,50
"1875",0,0,0,0,0,0,1,0,0,16
"1876",0,0,0,0,0,0,1,0,0,15
"1877",0,0,0,0,0,0,1,0,0,13
"1878",0,0,0,0,0,0,1,0,0,9
"1879",0,0,0,0,0,0,1,0,0,5
"1880",0,0,0,0,0,0,1,0,0,42
"1881",0,0,0,0,0,0,1,0,0,11
"1882",0,0,0,0,0,0,1,0,0,3
"1883",0,0,0,0,0,0,1,0,0,9
"1884",0,0,0,0,0,0,1,0,0,4
"1885",0,0,0,0,0,0,1,0,0,3
"1886",0,0,0,0,0,0,1,0,0,2
"1887",0,0,0,0,0,0,1,0,0,3
"1888",0,0,0,0,0,0,1,0,0,5
"1889",0,0,0,0,0,0,1,0,0,2
"1890",0,0,0,0,0,0,1,0,0,2
"1891",0,0,0,0,0,0,1,0,0,11
"1892",0,0,0,0,0,0,1,0,0,6
"1893",0,0,0,0,0,0,1,0,0,10
"1894",0,0,0,0,0,0,1,0,0,6
"1895",0,0,0,0,0,0,1,0,0,4
"1896",0,0,0,0,0,0,1,0,0,4
"1897",0,0,0,0,0,0,1,0,0,12
"1898",0,0,0,0,0,0,1,0,0,14
"1899",0,0,0,0,0,0,1,0,0,15
"1900",0,0,0,0,0,0,1,0,0,14
"1901",0,0,0,0,0,0,1,0,0,30
"1902",0,0,0,0,0,0,1,0,0,3
"1903",0,0,0,0,0,0,1,0,0,14
"1904",0,0,0,0,0,0,1,0,0,55
"1905",0,0,0,0,0,0,1,0,0,10
"1906",0,0,0,0,0,0,1,0,0,4
"1907",0,0,0,0,0,0,1,0,0,25
"1908",0,0,0,0,0,0,1,0,0,5
"1909",0,0,0,0,0,0,1,0,0,3
"1910",0,0,0,0,0,0,1,0,0,3
"1911",0,0,0,0,0,0,1,0,0,5
"1912",0,0,0,0,0,0,1,0,0,5
"1913",0,0,0,0,0,0,1,0,0,8
"1914",0,0,0,0,0,0,1,0,0,7
"1915",0,0,0,0,0,0,1,0,0,10
"1916",0,0,0,0,0,0,1,0,0,2
"1917",0,0,0,0,0,0,1,0,0,14
"1918",0,0,0,0,0,0,1,0,0,7
"1919",0,0,0,0,0,0,1,0,0,4
"1920",0,0,0,0,0,0,1,0,0,15
"1921",0,0,0,0,0,0,1,0,0,9
"1922",0,0,0,0,0,0,1,0,0,10
"1923",0,0,0,0,0,0,1,0,0,15
"1924",0,0,0,0,0,0,1,0,0,13
"1925",0,0,0,0,0,0,1,0,0,5
"1926",0,0,0,0,0,0,1,0,0,6
"1927",0,0,0,0,0,0,1,0,0,6
"1928",0,0,0,0,0,0,1,0,0,8
"1929",0,0,0,0,0,0,1,0,0,14
"1930",0,0,0,0,0,0,1,0,0,6
"1931",0,0,0,0,0,0,1,0,0,4
"1932",0,0,0,0,0,0,1,0,0,3
"1933",0,0,0,0,0,0,1,0,0,7
"1934",0,0,0,0,0,0,1,0,0,7
"1935",0,0,0,0,0,0,1,0,0,5
"1936",0,0,0,0,0,0,1,0,0,3
"1937",0,0,0,0,0,0,1,0,0,10
"1938",0,0,0,0,0,0,1,0,0,6
"1939",0,0,0,0,0,0,1,0,0,7
"1940",0,0,0,0,0,0,1,0,0,13
"1941",0,0,0,0,0,0,1,0,0,5
"1942",0,0,0,0,0,0,1,0,0,7
"1943",0,0,0,0,0,0,1,0,0,9
"1944",0,0,0,0,0,0,1,0,0,5
"1945",0,0,0,0,0,0,1,0,0,6
"1946",0,0,0,0,0,0,1,0,0,7
"1947",0,0,0,0,0,0,1,0,0,10
"1948",0,0,0,0,0,0,1,0,0,12
"1949",0,0,0,0,0,0,1,0,0,10
"1950",0,0,0,0,0,0,1,0,0,4
"1951",0,0,0,0,0,0,1,0,0,15
"1952",0,0,0,0,0,0,1,0,0,32
"1953",0,0,0,0,0,0,1,0,0,7
"1954",0,0,0,0,0,0,1,0,0,10
"1955",0,0,0,0,0,0,1,0,0,5
"1956",0,0,0,0,0,0,1,0,0,9
"1957",0,0,0,0,0,0,1,0,0,30
"1958",0,0,0,0,0,0,1,0,0,5
"1959",0,0,0,0,0,0,1,0,0,2
"1960",0,0,0,0,0,0,1,0,0,4
"1961",0,0,0,0,0,0,1,0,0,3
"1962",0,0,0,0,0,0,1,0,0,3
"1963",0,0,0,0,0,0,1,0,0,3
"1964",0,0,0,0,0,0,1,0,0,4
"1965",0,0,0,0,0,0,1,0,0,3
"1966",0,0,0,0,0,0,1,0,0,3
"1967",0,0,0,0,0,0,1,0,0,3
"1968",0,0,0,0,0,0,1,0,0,13
"1969",0,0,0,0,0,0,1,0,0,5
"1970",0,0,0,0,0,0,1,0,0,4
"1971",0,0,0,0,0,0,1,0,0,10
"1972",0,0,0,0,0,0,1,0,0,7
"1973",0,0,0,0,0,0,1,0,0,2
"1974",0,0,0,0,0,0,1,0,0,22
"1975",0,0,0,0,0,0,1,0,0,5
"1976",0,0,0,0,0,0,1,0,0,11
"1977",0,0,0,0,0,0,1,0,0,9
"1978",0,0,0,0,0,0,1,0,0,42
"1979",0,0,0,0,0,0,1,0,0,3
"1980",0,0,0,0,0,0,1,0,0,10
"1981",0,0,0,0,0,0,1,0,0,10
"1982",0,0,0,0,0,0,1,0,0,11
"1983",0,0,0,0,0,0,1,0,0,6
"1984",0,0,0,0,0,0,1,0,0,4
"1985",0,0,0,0,0,0,1,0,0,7
"1986",0,0,0,0,0,0,1,0,0,19
"1987",0,0,0,0,0,0,1,0,0,5
"1988",0,0,0,0,0,0,1,0,0,8
"1989",0,0,0,0,0,0,1,0,0,12
"1990",0,0,0,0,0,0,1,0,0,5
"1991",0,0,0,0,0,0,1,0,0,6
"1992",0,0,0,0,0,0,1,0,0,10
"1993",0,0,0,0,0,0,1,0,0,6
"1994",0,0,0,0,0,0,1,0,0,15
"1995",0,0,0,0,0,0,1,0,0,9
"1996",0,0,0,0,0,0,1,0,0,5
"1997",0,0,0,0,0,0,1,0,0,4
"1998",0,0,0,0,0,0,1,0,0,4
"1999",0,0,0,0,0,0,1,0,0,10
"2000",0,0,0,0,0,0,1,0,0,9
"2001",0,0,0,0,0,0,1,0,0,16
"2002",0,0,0,0,0,0,1,0,0,9
"2003",0,0,0,0,0,0,1,0,0,4
"2004",0,0,0,0,0,0,1,0,0,7
"2005",0,0,0,0,0,0,1,0,0,7
"2006",0,0,0,0,0,0,1,0,0,5
"2007",0,0,0,0,0,0,1,0,0,11
"2008",0,0,0,0,0,0,1,0,0,2
"2009",0,0,0,0,0,0,1,0,0,8
"2010",0,0,0,0,0,0,1,0,0,2
"2011",0,0,0,0,0,0,1,0,0,4
"2012",0,0,0,0,0,0,1,0,0,4
"2013",0,0,0,0,0,0,1,0,0,4
"2014",0,0,0,0,0,0,1,0,0,15
"2015",0,0,0,0,0,0,1,0,0,10
"2016",0,0,0,0,0,0,1,0,0,3
"2017",0,0,0,0,0,0,1,0,0,6
"2018",0,0,0,0,0,0,1,0,0,2
"2019",0,0,0,0,0,0,1,0,0,32
"2020",0,0,0,0,0,0,1,0,0,10
"2021",0,0,0,0,0,0,1,0,0,10
"2022",0,0,0,0,0,0,1,0,0,13
"2023",0,0,0,0,0,0,1,0,0,14
"2024",0,0,0,0,0,0,1,0,0,13
"2025",0,0,0,0,0,0,1,0,0,10
"2026",0,0,0,0,0,0,1,0,0,7
"2027",0,0,0,0,0,0,1,0,0,14
"2028",0,0,0,0,0,0,1,0,0,9
"2029",0,0,0,0,0,0,1,0,0,8
"2030",0,0,0,0,0,0,1,0,0,7
"2031",0,0,0,0,0,0,1,0,0,3
"2032",0,0,0,0,0,0,1,0,0,13
"2033",0,0,0,0,0,0,1,0,0,3
"2034",0,0,0,0,0,0,1,0,0,3
"2035",0,0,0,0,0,0,1,0,0,4
"2036",0,0,0,0,0,0,1,0,0,7
"2037",0,0,0,0,0,0,1,0,0,15
"2038",0,0,0,0,0,0,1,0,0,15
"2039",0,0,0,0,0,0,1,0,0,4
"2040",0,0,0,0,0,0,1,0,0,59
"2041",0,0,0,0,0,0,1,0,0,6
"2042",0,0,0,0,0,0,1,0,0,15
"2043",0,0,0,0,0,0,1,0,0,4
"2044",0,0,0,0,0,0,1,0,0,3
"2045",0,0,0,0,0,0,1,0,0,3
"2046",0,0,0,0,0,0,1,0,0,3
"2047",0,0,0,0,0,0,1,0,0,5
"2048",0,0,0,0,0,0,1,0,0,7
"2049",0,0,0,0,0,0,1,0,0,12
"2050",0,0,0,0,0,0,1,0,0,3
"2051",0,0,0,0,0,0,1,0,0,5
"2052",0,0,0,0,0,0,1,0,0,30
"2053",0,0,0,0,0,0,1,0,0,7
"2054",0,0,0,0,0,0,1,0,0,4
"2055",0,0,0,0,0,0,1,0,0,6
"2056",0,0,0,0,0,0,1,0,0,23
"2057",0,0,0,0,0,0,1,0,0,70
"2058",0,0,0,0,0,0,1,0,0,4
"2059",0,0,0,0,0,0,1,0,0,10
"2060",0,0,0,0,0,0,1,0,0,37
"2061",0,0,0,0,0,0,1,0,0,19
"2062",0,0,0,0,0,0,1,0,0,7
"2063",0,0,0,0,0,0,1,0,0,7
"2064",0,0,0,0,0,0,1,0,0,3
"2065",0,0,0,0,0,0,1,0,0,2
"2066",0,0,0,0,0,0,1,0,0,8
"2067",0,0,0,0,0,0,1,0,0,6
"2068",0,0,0,0,0,0,1,0,0,7
"2069",0,0,0,0,0,0,1,0,0,5
"2070",0,0,0,0,0,0,1,0,0,10
"2071",0,0,0,0,0,0,1,0,0,3
"2072",0,0,0,0,0,0,1,0,0,6
"2073",0,0,0,0,0,0,1,0,0,11
"2074",0,0,0,0,0,0,1,0,0,7
"2075",0,0,0,0,0,0,1,0,0,9
"2076",0,0,0,0,0,0,1,0,0,5
"2077",0,0,0,0,0,0,1,0,0,2
"2078",0,0,0,0,0,0,1,0,0,4
"2079",0,0,0,0,0,0,1,0,0,18
"2080",0,0,0,0,0,0,1,0,0,5
"2081",0,0,0,0,0,0,1,0,0,4
"2082",0,0,0,0,0,0,1,0,0,9
"2083",0,0,0,0,0,0,1,0,0,3
"2084",0,0,0,0,0,0,1,0,0,4
"2085",0,0,0,0,0,0,1,0,0,8
"2086",0,0,0,0,0,0,1,0,0,10
"2087",0,0,0,0,0,0,1,0,0,7
"2088",0,0,0,0,0,0,1,0,0,3
"2089",0,0,0,0,0,0,1,0,0,3
"2090",0,0,0,0,0,0,1,0,0,3
"2091",0,0,0,0,0,0,1,0,0,2
"2092",0,0,0,0,0,0,1,0,0,3
"2093",0,0,0,0,0,0,1,0,0,4
"2094",0,0,0,0,0,0,1,0,0,2
"2095",0,0,0,0,0,0,1,0,0,3
"2096",0,0,0,0,0,0,1,0,0,6
"2097",0,0,0,0,0,0,1,0,0,76
"2098",0,0,0,0,0,0,1,0,0,10
"2099",0,0,0,0,0,0,1,0,0,8
"2100",0,0,0,0,0,0,1,0,0,3
"2101",0,0,0,0,0,0,1,0,0,7
"2102",0,0,0,0,0,0,1,0,0,4
"2103",0,0,0,0,0,0,1,0,0,3
"2104",0,0,0,0,0,0,0,1,0,3
"2105",0,0,0,0,0,0,0,0,1,7
"2106",0,0,0,0,0,0,0,0,1,1
