"","Containers, furniture, and fixtures","Machinery","Firearms, law enforcement, and other self-defense equipment","Tools, instruments, and equipment","Highway vehicle, motorized","Vehicles","Ice, sleet, snow","Liquids-nonchemical","all other","value"
"1",1,0,0,0,0,0,0,0,0,15
"2",1,0,0,0,0,0,0,0,0,6
"3",1,0,0,0,0,0,0,0,0,23
"4",1,0,0,0,0,0,0,0,0,2
"5",1,0,0,0,0,0,0,0,0,2
"6",1,0,0,0,0,0,0,0,0,5
"7",1,0,0,0,0,0,0,0,0,7
"8",1,0,0,0,0,0,0,0,0,14
"9",1,0,0,0,0,0,0,0,0,15
"10",1,0,0,0,0,0,0,0,0,25
"11",1,0,0,0,0,0,0,0,0,15
"12",1,0,0,0,0,0,0,0,0,6
"13",1,0,0,0,0,0,0,0,0,12
"14",1,0,0,0,0,0,0,0,0,6
"15",1,0,0,0,0,0,0,0,0,6
"16",1,0,0,0,0,0,0,0,0,55
"17",1,0,0,0,0,0,0,0,0,5
"18",1,0,0,0,0,0,0,0,0,7
"19",1,0,0,0,0,0,0,0,0,10
"20",1,0,0,0,0,0,0,0,0,12
"21",1,0,0,0,0,0,0,0,0,83
"22",1,0,0,0,0,0,0,0,0,23
"23",1,0,0,0,0,0,0,0,0,2
"24",1,0,0,0,0,0,0,0,0,2
"25",1,0,0,0,0,0,0,0,0,11
"26",1,0,0,0,0,0,0,0,0,180
"27",1,0,0,0,0,0,0,0,0,40
"28",1,0,0,0,0,0,0,0,0,15
"29",1,0,0,0,0,0,0,0,0,18
"30",1,0,0,0,0,0,0,0,0,15
"31",1,0,0,0,0,0,0,0,0,6
"32",1,0,0,0,0,0,0,0,0,6
"33",1,0,0,0,0,0,0,0,0,10
"34",1,0,0,0,0,0,0,0,0,18
"35",1,0,0,0,0,0,0,0,0,10
"36",1,0,0,0,0,0,0,0,0,9
"37",1,0,0,0,0,0,0,0,0,51
"38",1,0,0,0,0,0,0,0,0,5
"39",1,0,0,0,0,0,0,0,0,12
"40",1,0,0,0,0,0,0,0,0,6
"41",1,0,0,0,0,0,0,0,0,2
"42",1,0,0,0,0,0,0,0,0,6
"43",1,0,0,0,0,0,0,0,0,2
"44",1,0,0,0,0,0,0,0,0,7
"45",1,0,0,0,0,0,0,0,0,55
"46",1,0,0,0,0,0,0,0,0,5
"47",1,0,0,0,0,0,0,0,0,7
"48",1,0,0,0,0,0,0,0,0,10
"49",1,0,0,0,0,0,0,0,0,12
"50",1,0,0,0,0,0,0,0,0,25
"51",1,0,0,0,0,0,0,0,0,83
"52",1,0,0,0,0,0,0,0,0,47
"53",1,0,0,0,0,0,0,0,0,28
"54",1,0,0,0,0,0,0,0,0,18
"55",1,0,0,0,0,0,0,0,0,55
"56",1,0,0,0,0,0,0,0,0,30
"57",1,0,0,0,0,0,0,0,0,9
"58",1,0,0,0,0,0,0,0,0,3
"59",1,0,0,0,0,0,0,0,0,47
"60",1,0,0,0,0,0,0,0,0,3
"61",1,0,0,0,0,0,0,0,0,7
"62",1,0,0,0,0,0,0,0,0,3
"63",1,0,0,0,0,0,0,0,0,2
"64",1,0,0,0,0,0,0,0,0,20
"65",1,0,0,0,0,0,0,0,0,2
"66",1,0,0,0,0,0,0,0,0,2
"67",1,0,0,0,0,0,0,0,0,91
"68",1,0,0,0,0,0,0,0,0,28
"69",1,0,0,0,0,0,0,0,0,31
"70",1,0,0,0,0,0,0,0,0,2
"71",1,0,0,0,0,0,0,0,0,36
"72",1,0,0,0,0,0,0,0,0,5
"73",1,0,0,0,0,0,0,0,0,1
"74",1,0,0,0,0,0,0,0,0,4
"75",1,0,0,0,0,0,0,0,0,6
"76",1,0,0,0,0,0,0,0,0,2
"77",1,0,0,0,0,0,0,0,0,3
"78",1,0,0,0,0,0,0,0,0,1
"79",1,0,0,0,0,0,0,0,0,5
"80",1,0,0,0,0,0,0,0,0,15
"81",1,0,0,0,0,0,0,0,0,5
"82",1,0,0,0,0,0,0,0,0,48
"83",1,0,0,0,0,0,0,0,0,4
"84",1,0,0,0,0,0,0,0,0,6
"85",1,0,0,0,0,0,0,0,0,2
"86",1,0,0,0,0,0,0,0,0,1
"87",1,0,0,0,0,0,0,0,0,1
"88",1,0,0,0,0,0,0,0,0,10
"89",1,0,0,0,0,0,0,0,0,4
"90",1,0,0,0,0,0,0,0,0,1
"91",1,0,0,0,0,0,0,0,0,2
"92",1,0,0,0,0,0,0,0,0,4
"93",1,0,0,0,0,0,0,0,0,30
"94",1,0,0,0,0,0,0,0,0,3
"95",1,0,0,0,0,0,0,0,0,12
"96",1,0,0,0,0,0,0,0,0,16
"97",1,0,0,0,0,0,0,0,0,180
"98",1,0,0,0,0,0,0,0,0,6
"99",1,0,0,0,0,0,0,0,0,16
"100",1,0,0,0,0,0,0,0,0,5
"101",1,0,0,0,0,0,0,0,0,5
"102",1,0,0,0,0,0,0,0,0,9
"103",1,0,0,0,0,0,0,0,0,36
"104",1,0,0,0,0,0,0,0,0,6
"105",1,0,0,0,0,0,0,0,0,9
"106",1,0,0,0,0,0,0,0,0,14
"107",1,0,0,0,0,0,0,0,0,7
"108",1,0,0,0,0,0,0,0,0,32
"109",1,0,0,0,0,0,0,0,0,30
"110",1,0,0,0,0,0,0,0,0,5
"111",1,0,0,0,0,0,0,0,0,3
"112",1,0,0,0,0,0,0,0,0,1
"113",1,0,0,0,0,0,0,0,0,48
"114",1,0,0,0,0,0,0,0,0,4
"115",1,0,0,0,0,0,0,0,0,3
"116",1,0,0,0,0,0,0,0,0,20
"117",1,0,0,0,0,0,0,0,0,3
"118",1,0,0,0,0,0,0,0,0,2
"119",1,0,0,0,0,0,0,0,0,2
"120",1,0,0,0,0,0,0,0,0,13
"121",1,0,0,0,0,0,0,0,0,180
"122",1,0,0,0,0,0,0,0,0,10
"123",1,0,0,0,0,0,0,0,0,1
"124",1,0,0,0,0,0,0,0,0,4
"125",1,0,0,0,0,0,0,0,0,8
"126",1,0,0,0,0,0,0,0,0,10
"127",1,0,0,0,0,0,0,0,0,4
"128",1,0,0,0,0,0,0,0,0,3
"129",1,0,0,0,0,0,0,0,0,12
"130",1,0,0,0,0,0,0,0,0,23
"131",1,0,0,0,0,0,0,0,0,6
"132",1,0,0,0,0,0,0,0,0,15
"133",1,0,0,0,0,0,0,0,0,18
"134",1,0,0,0,0,0,0,0,0,11
"135",1,0,0,0,0,0,0,0,0,65
"136",1,0,0,0,0,0,0,0,0,2
"137",1,0,0,0,0,0,0,0,0,157
"138",1,0,0,0,0,0,0,0,0,2
"139",1,0,0,0,0,0,0,0,0,4
"140",1,0,0,0,0,0,0,0,0,13
"141",1,0,0,0,0,0,0,0,0,5
"142",1,0,0,0,0,0,0,0,0,19
"143",1,0,0,0,0,0,0,0,0,1
"144",1,0,0,0,0,0,0,0,0,1
"145",1,0,0,0,0,0,0,0,0,60
"146",1,0,0,0,0,0,0,0,0,4
"147",1,0,0,0,0,0,0,0,0,10
"148",1,0,0,0,0,0,0,0,0,84
"149",1,0,0,0,0,0,0,0,0,2
"150",1,0,0,0,0,0,0,0,0,2
"151",1,0,0,0,0,0,0,0,0,36
"152",1,0,0,0,0,0,0,0,0,3
"153",1,0,0,0,0,0,0,0,0,12
"154",1,0,0,0,0,0,0,0,0,82
"155",1,0,0,0,0,0,0,0,0,7
"156",1,0,0,0,0,0,0,0,0,5
"157",1,0,0,0,0,0,0,0,0,3
"158",1,0,0,0,0,0,0,0,0,3
"159",1,0,0,0,0,0,0,0,0,9
"160",1,0,0,0,0,0,0,0,0,71
"161",1,0,0,0,0,0,0,0,0,15
"162",1,0,0,0,0,0,0,0,0,61
"163",1,0,0,0,0,0,0,0,0,9
"164",1,0,0,0,0,0,0,0,0,2
"165",1,0,0,0,0,0,0,0,0,12
"166",1,0,0,0,0,0,0,0,0,2
"167",1,0,0,0,0,0,0,0,0,36
"168",1,0,0,0,0,0,0,0,0,6
"169",1,0,0,0,0,0,0,0,0,69
"170",1,0,0,0,0,0,0,0,0,23
"171",1,0,0,0,0,0,0,0,0,34
"172",1,0,0,0,0,0,0,0,0,3
"173",1,0,0,0,0,0,0,0,0,14
"174",1,0,0,0,0,0,0,0,0,2
"175",1,0,0,0,0,0,0,0,0,1
"176",1,0,0,0,0,0,0,0,0,7
"177",1,0,0,0,0,0,0,0,0,21
"178",1,0,0,0,0,0,0,0,0,19
"179",1,0,0,0,0,0,0,0,0,3
"180",1,0,0,0,0,0,0,0,0,4
"181",1,0,0,0,0,0,0,0,0,21
"182",1,0,0,0,0,0,0,0,0,1
"183",1,0,0,0,0,0,0,0,0,2
"184",1,0,0,0,0,0,0,0,0,14
"185",1,0,0,0,0,0,0,0,0,3
"186",1,0,0,0,0,0,0,0,0,2
"187",1,0,0,0,0,0,0,0,0,9
"188",1,0,0,0,0,0,0,0,0,1
"189",1,0,0,0,0,0,0,0,0,2
"190",1,0,0,0,0,0,0,0,0,47
"191",1,0,0,0,0,0,0,0,0,7
"192",0,1,0,0,0,0,0,0,0,28
"193",0,1,0,0,0,0,0,0,0,8
"194",0,1,0,0,0,0,0,0,0,28
"195",0,1,0,0,0,0,0,0,0,7
"196",0,1,0,0,0,0,0,0,0,8
"197",0,1,0,0,0,0,0,0,0,5
"198",0,1,0,0,0,0,0,0,0,30
"199",0,1,0,0,0,0,0,0,0,32
"200",0,1,0,0,0,0,0,0,0,28
"201",0,1,0,0,0,0,0,0,0,10
"202",0,1,0,0,0,0,0,0,0,27
"203",0,1,0,0,0,0,0,0,0,5
"204",0,1,0,0,0,0,0,0,0,7
"205",0,1,0,0,0,0,0,0,0,8
"206",0,1,0,0,0,0,0,0,0,8
"207",0,1,0,0,0,0,0,0,0,103
"208",0,1,0,0,0,0,0,0,0,3
"209",0,1,0,0,0,0,0,0,0,2
"210",0,1,0,0,0,0,0,0,0,15
"211",0,1,0,0,0,0,0,0,0,58
"212",0,1,0,0,0,0,0,0,0,53
"213",0,1,0,0,0,0,0,0,0,2
"214",0,1,0,0,0,0,0,0,0,3
"215",0,1,0,0,0,0,0,0,0,16
"216",0,1,0,0,0,0,0,0,0,2
"217",0,1,0,0,0,0,0,0,0,4
"218",0,1,0,0,0,0,0,0,0,78
"219",0,1,0,0,0,0,0,0,0,31
"220",0,1,0,0,0,0,0,0,0,103
"221",0,1,0,0,0,0,0,0,0,7
"222",0,1,0,0,0,0,0,0,0,7
"223",0,1,0,0,0,0,0,0,0,2
"224",0,0,1,0,0,0,0,0,0,3
"225",0,0,1,0,0,0,0,0,0,2
"226",0,0,0,1,0,0,0,0,0,10
"227",0,0,0,1,0,0,0,0,0,27
"228",0,0,0,1,0,0,0,0,0,1
"229",0,0,0,1,0,0,0,0,0,10
"230",0,0,0,1,0,0,0,0,0,108
"231",0,0,0,1,0,0,0,0,0,10
"232",0,0,0,1,0,0,0,0,0,27
"233",0,0,0,1,0,0,0,0,0,10
"234",0,0,0,1,0,0,0,0,0,162
"235",0,0,0,1,0,0,0,0,0,7
"236",0,0,0,1,0,0,0,0,0,10
"237",0,0,0,1,0,0,0,0,0,28
"238",0,0,0,1,0,0,0,0,0,15
"239",0,0,0,1,0,0,0,0,0,7
"240",0,0,0,1,0,0,0,0,0,10
"241",0,0,0,1,0,0,0,0,0,27
"242",0,0,0,1,0,0,0,0,0,19
"243",0,0,0,1,0,0,0,0,0,3
"244",0,0,0,1,0,0,0,0,0,2
"245",0,0,0,1,0,0,0,0,0,10
"246",0,0,0,1,0,0,0,0,0,162
"247",0,0,0,1,0,0,0,0,0,7
"248",0,0,0,1,0,0,0,0,0,108
"249",0,0,0,1,0,0,0,0,0,3
"250",0,0,0,1,0,0,0,0,0,11
"251",0,0,0,1,0,0,0,0,0,2
"252",0,0,0,1,0,0,0,0,0,32
"253",0,0,0,1,0,0,0,0,0,10
"254",0,0,0,1,0,0,0,0,0,180
"255",0,0,0,1,0,0,0,0,0,18
"256",0,0,0,1,0,0,0,0,0,180
"257",0,0,0,1,0,0,0,0,0,1
"258",0,0,0,1,0,0,0,0,0,13
"259",0,0,0,1,0,0,0,0,0,20
"260",0,0,0,1,0,0,0,0,0,5
"261",0,0,0,1,0,0,0,0,0,180
"262",0,0,0,1,0,0,0,0,0,180
"263",0,0,0,1,0,0,0,0,0,1
"264",0,0,0,1,0,0,0,0,0,3
"265",0,0,0,1,0,0,0,0,0,20
"266",0,0,0,1,0,0,0,0,0,13
"267",0,0,0,1,0,0,0,0,0,91
"268",0,0,0,1,0,0,0,0,0,79
"269",0,0,0,1,0,0,0,0,0,20
"270",0,0,0,1,0,0,0,0,0,1
"271",0,0,0,1,0,0,0,0,0,1
"272",0,0,0,1,0,0,0,0,0,36
"273",0,0,0,1,0,0,0,0,0,4
"274",0,0,0,1,0,0,0,0,0,2
"275",0,0,0,1,0,0,0,0,0,66
"276",0,0,0,1,0,0,0,0,0,6
"277",0,0,0,1,0,0,0,0,0,30
"278",0,0,0,1,0,0,0,0,0,61
"279",0,0,0,1,0,0,0,0,0,180
"280",0,0,0,1,0,0,0,0,0,63
"281",0,0,0,1,0,0,0,0,0,2
"282",0,0,0,1,0,0,0,0,0,2
"283",0,0,0,1,0,0,0,0,0,6
"284",0,0,0,1,0,0,0,0,0,42
"285",0,0,0,1,0,0,0,0,0,21
"286",0,0,0,0,1,0,0,0,0,79
"287",0,0,0,0,1,0,0,0,0,8
"288",0,0,0,0,1,0,0,0,0,79
"289",0,0,0,0,1,0,0,0,0,8
"290",0,0,0,0,1,0,0,0,0,79
"291",0,0,0,0,1,0,0,0,0,3
"292",0,0,0,0,1,0,0,0,0,8
"293",0,0,0,0,1,0,0,0,0,5
"294",0,0,0,0,1,0,0,0,0,5
"295",0,0,0,0,1,0,0,0,0,5
"296",0,0,0,0,1,0,0,0,0,11
"297",0,0,0,0,1,0,0,0,0,13
"298",0,0,0,0,1,0,0,0,0,6
"299",0,0,0,0,1,0,0,0,0,84
"300",0,0,0,0,1,0,0,0,0,5
"301",0,0,0,0,1,0,0,0,0,4
"302",0,0,0,0,1,0,0,0,0,4
"303",0,0,0,0,1,0,0,0,0,3
"304",0,0,0,0,1,0,0,0,0,4
"305",0,0,0,0,1,0,0,0,0,19
"306",0,0,0,0,1,0,0,0,0,2
"307",0,0,0,0,1,0,0,0,0,10
"308",0,0,0,0,1,0,0,0,0,1
"309",0,0,0,0,1,0,0,0,0,74
"310",0,0,0,0,1,0,0,0,0,2
"311",0,0,0,0,1,0,0,0,0,30
"312",0,0,0,0,1,0,0,0,0,2
"313",0,0,0,0,1,0,0,0,0,5
"314",0,0,0,0,1,0,0,0,0,8
"315",0,0,0,0,1,0,0,0,0,64
"316",0,0,0,0,1,0,0,0,0,12
"317",0,0,0,0,1,0,0,0,0,13
"318",0,0,0,0,1,0,0,0,0,6
"319",0,0,0,0,1,0,0,0,0,5
"320",0,0,0,0,0,1,0,0,0,42
"321",0,0,0,0,0,1,0,0,0,5
"322",0,0,0,0,0,1,0,0,0,10
"323",0,0,0,0,0,1,0,0,0,8
"324",0,0,0,0,0,1,0,0,0,13
"325",0,0,0,0,0,1,0,0,0,20
"326",0,0,0,0,0,1,0,0,0,42
"327",0,0,0,0,0,1,0,0,0,10
"328",0,0,0,0,0,1,0,0,0,8
"329",0,0,0,0,0,1,0,0,0,13
"330",0,0,0,0,0,1,0,0,0,5
"331",0,0,0,0,0,1,0,0,0,59
"332",0,0,0,0,0,1,0,0,0,7
"333",0,0,0,0,0,1,0,0,0,26
"334",0,0,0,0,0,1,0,0,0,42
"335",0,0,0,0,0,1,0,0,0,4
"336",0,0,0,0,0,1,0,0,0,10
"337",0,0,0,0,0,1,0,0,0,8
"338",0,0,0,0,0,1,0,0,0,13
"339",0,0,0,0,0,1,0,0,0,20
"340",0,0,0,0,0,1,0,0,0,3
"341",0,0,0,0,0,1,0,0,0,1
"342",0,0,0,0,0,1,0,0,0,8
"343",0,0,0,0,0,1,0,0,0,74
"344",0,0,0,0,0,1,0,0,0,5
"345",0,0,0,0,0,1,0,0,0,1
"346",0,0,0,0,0,1,0,0,0,5
"347",0,0,0,0,0,1,0,0,0,5
"348",0,0,0,0,0,1,0,0,0,11
"349",0,0,0,0,0,1,0,0,0,13
"350",0,0,0,0,0,1,0,0,0,6
"351",0,0,0,0,0,1,0,0,0,40
"352",0,0,0,0,0,1,0,0,0,1
"353",0,0,0,0,0,1,0,0,0,84
"354",0,0,0,0,0,1,0,0,0,2
"355",0,0,0,0,0,1,0,0,0,1
"356",0,0,0,0,0,1,0,0,0,5
"357",0,0,0,0,0,1,0,0,0,4
"358",0,0,0,0,0,1,0,0,0,4
"359",0,0,0,0,0,1,0,0,0,3
"360",0,0,0,0,0,1,0,0,0,128
"361",0,0,0,0,0,1,0,0,0,4
"362",0,0,0,0,0,1,0,0,0,19
"363",0,0,0,0,0,1,0,0,0,2
"364",0,0,0,0,0,1,0,0,0,55
"365",0,0,0,0,0,1,0,0,0,2
"366",0,0,0,0,0,1,0,0,0,10
"367",0,0,0,0,0,1,0,0,0,24
"368",0,0,0,0,0,1,0,0,0,6
"369",0,0,0,0,0,1,0,0,0,1
"370",0,0,0,0,0,1,0,0,0,74
"371",0,0,0,0,0,1,0,0,0,2
"372",0,0,0,0,0,1,0,0,0,30
"373",0,0,0,0,0,1,0,0,0,4
"374",0,0,0,0,0,1,0,0,0,4
"375",0,0,0,0,0,1,0,0,0,5
"376",0,0,0,0,0,1,0,0,0,10
"377",0,0,0,0,0,1,0,0,0,3
"378",0,0,0,0,0,1,0,0,0,64
"379",0,0,0,0,0,1,0,0,0,2
"380",0,0,0,0,0,1,0,0,0,12
"381",0,0,0,0,0,1,0,0,0,13
"382",0,0,0,0,0,1,0,0,0,6
"383",0,0,0,0,0,1,0,0,0,5
"384",0,0,0,0,0,1,0,0,0,8
"385",0,0,0,0,0,0,1,0,0,6
"386",0,0,0,0,0,0,1,0,0,39
"387",0,0,0,0,0,0,1,0,0,3
"388",0,0,0,0,0,0,1,0,0,8
"389",0,0,0,0,0,0,1,0,0,178
"390",0,0,0,0,0,0,1,0,0,36
"391",0,0,0,0,0,0,1,0,0,6
"392",0,0,0,0,0,0,1,0,0,39
"393",0,0,0,0,0,0,1,0,0,3
"394",0,0,0,0,0,0,1,0,0,8
"395",0,0,0,0,0,0,1,0,0,36
"396",0,0,0,0,0,0,1,0,0,178
"397",0,0,0,0,0,0,1,0,0,32
"398",0,0,0,0,0,0,1,0,0,14
"399",0,0,0,0,0,0,1,0,0,5
"400",0,0,0,0,0,0,1,0,0,6
"401",0,0,0,0,0,0,1,0,0,39
"402",0,0,0,0,0,0,1,0,0,3
"403",0,0,0,0,0,0,1,0,0,18
"404",0,0,0,0,0,0,1,0,0,74
"405",0,0,0,0,0,0,1,0,0,15
"406",0,0,0,0,0,0,1,0,0,1
"407",0,0,0,0,0,0,1,0,0,6
"408",0,0,0,0,0,0,1,0,0,8
"409",0,0,0,0,0,0,1,0,0,6
"410",0,0,0,0,0,0,1,0,0,2
"411",0,0,0,0,0,0,1,0,0,16
"412",0,0,0,0,0,0,1,0,0,4
"413",0,0,0,0,0,0,1,0,0,1
"414",0,0,0,0,0,0,1,0,0,36
"415",0,0,0,0,0,0,1,0,0,8
"416",0,0,0,0,0,0,1,0,0,2
"417",0,0,0,0,0,0,1,0,0,7
"418",0,0,0,0,0,0,1,0,0,2
"419",0,0,0,0,0,0,1,0,0,1
"420",0,0,0,0,0,0,1,0,0,2
"421",0,0,0,0,0,0,1,0,0,13
"422",0,0,0,0,0,0,1,0,0,178
"423",0,0,0,0,0,0,1,0,0,4
"424",0,0,0,0,0,0,1,0,0,20
"425",0,0,0,0,0,0,1,0,0,1
"426",0,0,0,0,0,0,1,0,0,32
"427",0,0,0,0,0,0,1,0,0,14
"428",0,0,0,0,0,0,1,0,0,5
"429",0,0,0,0,0,0,1,0,0,5
"430",0,0,0,0,0,0,1,0,0,51
"431",0,0,0,0,0,0,1,0,0,8
"432",0,0,0,0,0,0,1,0,0,39
"433",0,0,0,0,0,0,1,0,0,8
"434",0,0,0,0,0,0,1,0,0,4
"435",0,0,0,0,0,0,1,0,0,1
"436",0,0,0,0,0,0,1,0,0,41
"437",0,0,0,0,0,0,1,0,0,2
"438",0,0,0,0,0,0,1,0,0,43
"439",0,0,0,0,0,0,1,0,0,30
"440",0,0,0,0,0,0,1,0,0,1
"441",0,0,0,0,0,0,1,0,0,120
"442",0,0,0,0,0,0,1,0,0,24
"443",0,0,0,0,0,0,1,0,0,15
"444",0,0,0,0,0,0,1,0,0,8
"445",0,0,0,0,0,0,1,0,0,2
"446",0,0,0,0,0,0,1,0,0,11
"447",0,0,0,0,0,0,1,0,0,35
"448",0,0,0,0,0,0,1,0,0,7
"449",0,0,0,0,0,0,1,0,0,2
"450",0,0,0,0,0,0,1,0,0,4
"451",0,0,0,0,0,0,1,0,0,1
"452",0,0,0,0,0,0,1,0,0,15
"453",0,0,0,0,0,0,1,0,0,43
"454",0,0,0,0,0,0,1,0,0,4
"455",0,0,0,0,0,0,1,0,0,3
"456",0,0,0,0,0,0,1,0,0,5
"457",0,0,0,0,0,0,1,0,0,1
"458",0,0,0,0,0,0,1,0,0,67
"459",0,0,0,0,0,0,1,0,0,52
"460",0,0,0,0,0,0,1,0,0,75
"461",0,0,0,0,0,0,1,0,0,35
"462",0,0,0,0,0,0,1,0,0,107
"463",0,0,0,0,0,0,1,0,0,25
"464",0,0,0,0,0,0,1,0,0,55
"465",0,0,0,0,0,0,1,0,0,5
"466",0,0,0,0,0,0,1,0,0,113
"467",0,0,0,0,0,0,1,0,0,21
"468",0,0,0,0,0,0,1,0,0,6
"469",0,0,0,0,0,0,1,0,0,1
"470",0,0,0,0,0,0,1,0,0,10
"471",0,0,0,0,0,0,1,0,0,2
"472",0,0,0,0,0,0,1,0,0,8
"473",0,0,0,0,0,0,1,0,0,41
"474",0,0,0,0,0,0,1,0,0,10
"475",0,0,0,0,0,0,1,0,0,42
"476",0,0,0,0,0,0,1,0,0,40
"477",0,0,0,0,0,0,1,0,0,23
"478",0,0,0,0,0,0,1,0,0,9
"479",0,0,0,0,0,0,0,1,0,6
"480",0,0,0,0,0,0,0,1,0,15
"481",0,0,0,0,0,0,0,1,0,7
"482",0,0,0,0,0,0,0,1,0,11
"483",0,0,0,0,0,0,0,1,0,1
"484",0,0,0,0,0,0,0,1,0,2
"485",0,0,0,0,0,0,0,1,0,8
"486",0,0,0,0,0,0,0,1,0,7
"487",0,0,0,0,0,0,0,1,0,15
"488",0,0,0,0,0,0,0,1,0,12
"489",0,0,0,0,0,0,0,1,0,21
"490",0,0,0,0,0,0,0,1,0,14
"491",0,0,0,0,0,0,0,1,0,20
"492",0,0,0,0,0,0,0,1,0,30
"493",0,0,0,0,0,0,0,1,0,9
"494",0,0,0,0,0,0,0,1,0,6
"495",0,0,0,0,0,0,0,1,0,15
"496",0,0,0,0,0,0,0,1,0,6
"497",0,0,0,0,0,0,0,1,0,11
"498",0,0,0,0,0,0,0,1,0,4
"499",0,0,0,0,0,0,0,1,0,11
"500",0,0,0,0,0,0,0,1,0,9
"501",0,0,0,0,0,0,0,1,0,7
"502",0,0,0,0,0,0,0,1,0,14
"503",0,0,0,0,0,0,0,1,0,11
"504",0,0,0,0,0,0,0,1,0,10
"505",0,0,0,0,0,0,0,1,0,9
"506",0,0,0,0,0,0,0,1,0,26
"507",0,0,0,0,0,0,0,1,0,4
"508",0,0,0,0,0,0,0,1,0,6
"509",0,0,0,0,0,0,0,1,0,11
"510",0,0,0,0,0,0,0,1,0,1
"511",0,0,0,0,0,0,0,1,0,2
"512",0,0,0,0,0,0,0,1,0,17
"513",0,0,0,0,0,0,0,1,0,1
"514",0,0,0,0,0,0,0,1,0,128
"515",0,0,0,0,0,0,0,1,0,23
"516",0,0,0,0,0,0,0,1,0,34
"517",0,0,0,0,0,0,0,1,0,6
"518",0,0,0,0,0,0,0,1,0,15
"519",0,0,0,0,0,0,0,1,0,6
"520",0,0,0,0,0,0,0,1,0,6
"521",0,0,0,0,0,0,0,1,0,11
"522",0,0,0,0,0,0,0,1,0,4
"523",0,0,0,0,0,0,0,1,0,7
"524",0,0,0,0,0,0,0,1,0,3
"525",0,0,0,0,0,0,0,1,0,5
"526",0,0,0,0,0,0,0,1,0,12
"527",0,0,0,0,0,0,0,1,0,19
"528",0,0,0,0,0,0,0,1,0,9
"529",0,0,0,0,0,0,0,1,0,9
"530",0,0,0,0,0,0,0,1,0,120
"531",0,0,0,0,0,0,0,1,0,42
"532",0,0,0,0,0,0,0,1,0,30
"533",0,0,0,0,0,0,0,1,0,66
"534",0,0,0,0,0,0,0,1,0,3
"535",0,0,0,0,0,0,0,1,0,2
"536",0,0,0,0,0,0,0,1,0,8
"537",0,0,0,0,0,0,0,1,0,53
"538",0,0,0,0,0,0,0,1,0,54
"539",0,0,0,0,0,0,0,1,0,28
"540",0,0,0,0,0,0,0,1,0,7
"541",0,0,0,0,0,0,0,1,0,11
"542",0,0,0,0,0,0,0,1,0,4
"543",0,0,0,0,0,0,0,1,0,12
"544",0,0,0,0,0,0,0,1,0,4
"545",0,0,0,0,0,0,0,1,0,3
"546",0,0,0,0,0,0,0,1,0,9
"547",0,0,0,0,0,0,0,1,0,7
"548",0,0,0,0,0,0,0,1,0,14
"549",0,0,0,0,0,0,0,1,0,11
"550",0,0,0,0,0,0,0,1,0,12
"551",0,0,0,0,0,0,0,1,0,10
"552",0,0,0,0,0,0,0,1,0,16
"553",0,0,0,0,0,0,0,1,0,2
"554",0,0,0,0,0,0,0,1,0,26
"555",0,0,0,0,0,0,0,1,0,4
"556",0,0,0,0,0,0,0,1,0,54
"557",0,0,0,0,0,0,0,1,0,70
"558",0,0,0,0,0,0,0,1,0,7
"559",0,0,0,0,0,0,0,1,0,46
"560",0,0,0,0,0,0,0,1,0,4
"561",0,0,0,0,0,0,0,1,0,60
"562",0,0,0,0,0,0,0,1,0,36
"563",0,0,0,0,0,0,0,1,0,15
"564",0,0,0,0,0,0,0,1,0,6
"565",0,0,0,0,0,0,0,1,0,2
"566",0,0,0,0,0,0,0,1,0,5
"567",0,0,0,0,0,0,0,1,0,11
"568",0,0,0,0,0,0,0,1,0,1
"569",0,0,0,0,0,0,0,1,0,2
"570",0,0,0,0,0,0,0,1,0,107
"571",0,0,0,0,0,0,0,1,0,8
"572",0,0,0,0,0,0,0,1,0,4
"573",0,0,0,0,0,0,0,1,0,4
"574",0,0,0,0,0,0,0,1,0,4
"575",0,0,0,0,0,0,0,1,0,1
"576",0,0,0,0,0,0,0,1,0,5
"577",0,0,0,0,0,0,0,1,0,4
"578",0,0,0,0,0,0,0,1,0,180
"579",0,0,0,0,0,0,0,1,0,49
"580",0,0,0,0,0,0,0,1,0,22
"581",0,0,0,0,0,0,0,1,0,6
"582",0,0,0,0,0,0,0,1,0,1
"583",0,0,0,0,0,0,0,1,0,65
"584",0,0,0,0,0,0,0,1,0,4
"585",0,0,0,0,0,0,0,1,0,5
"586",0,0,0,0,0,0,0,1,0,21
"587",0,0,0,0,0,0,0,1,0,18
"588",0,0,0,0,0,0,0,1,0,14
"589",0,0,0,0,0,0,0,1,0,5
"590",0,0,0,0,0,0,0,1,0,5
"591",0,0,0,0,0,0,0,1,0,3
"592",0,0,0,0,0,0,0,1,0,1
"593",0,0,0,0,0,0,0,1,0,3
"594",0,0,0,0,0,0,0,1,0,37
"595",0,0,0,0,0,0,0,1,0,7
"596",0,0,0,0,0,0,0,1,0,3
"597",0,0,0,0,0,0,0,1,0,6
"598",0,0,0,0,0,0,0,1,0,5
"599",0,0,0,0,0,0,0,1,0,16
"600",0,0,0,0,0,0,0,1,0,3
"601",0,0,0,0,0,0,0,1,0,180
"602",0,0,0,0,0,0,0,1,0,1
"603",0,0,0,0,0,0,0,1,0,17
"604",0,0,0,0,0,0,0,1,0,7
"605",0,0,0,0,0,0,0,1,0,20
"606",0,0,0,0,0,0,0,1,0,32
"607",0,0,0,0,0,0,0,1,0,32
"608",0,0,0,0,0,0,0,1,0,101
"609",0,0,0,0,0,0,0,1,0,5
"610",0,0,0,0,0,0,0,1,0,7
"611",0,0,0,0,0,0,0,1,0,7
"612",0,0,0,0,0,0,0,1,0,2
"613",0,0,0,0,0,0,0,1,0,59
"614",0,0,0,0,0,0,0,1,0,37
"615",0,0,0,0,0,0,0,1,0,7
"616",0,0,0,0,0,0,0,1,0,1
"617",0,0,0,0,0,0,0,1,0,2
"618",0,0,0,0,0,0,0,1,0,7
"619",0,0,0,0,0,0,0,1,0,50
"620",0,0,0,0,0,0,0,1,0,16
"621",0,0,0,0,0,0,0,1,0,12
"622",0,0,0,0,0,0,0,1,0,92
"623",0,0,0,0,0,0,0,1,0,6
"624",0,0,0,0,0,0,0,1,0,179
"625",0,0,0,0,0,0,0,1,0,2
"626",0,0,0,0,0,0,0,1,0,60
"627",0,0,0,0,0,0,0,1,0,20
"628",0,0,0,0,0,0,0,1,0,3
"629",0,0,0,0,0,0,0,1,0,3
"630",0,0,0,0,0,0,0,1,0,8
"631",0,0,0,0,0,0,0,1,0,3
"632",0,0,0,0,0,0,0,1,0,6
"633",0,0,0,0,0,0,0,1,0,55
"634",0,0,0,0,0,0,0,1,0,2
"635",0,0,0,0,0,0,0,1,0,9
"636",0,0,0,0,0,0,0,1,0,2
"637",0,0,0,0,0,0,0,1,0,113
"638",0,0,0,0,0,0,0,1,0,1
"639",0,0,0,0,0,0,0,1,0,5
"640",0,0,0,0,0,0,0,1,0,2
"641",0,0,0,0,0,0,0,1,0,7
"642",0,0,0,0,0,0,0,1,0,21
"643",0,0,0,0,0,0,0,1,0,5
"644",0,0,0,0,0,0,0,1,0,27
"645",0,0,0,0,0,0,0,1,0,147
"646",0,0,0,0,0,0,0,1,0,3
"647",0,0,0,0,0,0,0,1,0,7
"648",0,0,0,0,0,0,0,1,0,3
"649",0,0,0,0,0,0,0,1,0,10
"650",0,0,0,0,0,0,0,1,0,3
"651",0,0,0,0,0,0,0,1,0,7
"652",0,0,0,0,0,0,0,1,0,17
"653",0,0,0,0,0,0,0,1,0,16
"654",0,0,0,0,0,0,0,1,0,9
"655",0,0,0,0,0,0,0,1,0,9
"656",0,0,0,0,0,0,0,1,0,40
"657",0,0,0,0,0,0,0,1,0,1
"658",0,0,0,0,0,0,0,1,0,5
"659",0,0,0,0,0,0,0,1,0,14
"660",0,0,0,0,0,0,0,1,0,16
"661",0,0,0,0,0,0,0,1,0,1
"662",0,0,0,0,0,0,0,1,0,5
"663",0,0,0,0,0,0,0,1,0,14
"664",0,0,0,0,0,0,0,1,0,13
"665",0,0,0,0,0,0,0,1,0,5
"666",0,0,0,0,0,0,0,1,0,65
"667",0,0,0,0,0,0,0,1,0,7
"668",0,0,0,0,0,0,0,1,0,18
"669",0,0,0,0,0,0,0,1,0,3
"670",0,0,0,0,0,0,0,1,0,18
"671",0,0,0,0,0,0,0,1,0,22
"672",0,0,0,0,0,0,0,1,0,8
"673",0,0,0,0,0,0,0,1,0,15
"674",0,0,0,0,0,0,0,1,0,34
"675",0,0,0,0,0,0,0,1,0,77
"676",0,0,0,0,0,0,0,1,0,15
"677",0,0,0,0,0,0,0,1,0,5
"678",0,0,0,0,0,0,0,1,0,11
"679",0,0,0,0,0,0,0,1,0,180
"680",0,0,0,0,0,0,0,1,0,70
"681",0,0,0,0,0,0,0,1,0,5
"682",0,0,0,0,0,0,0,1,0,30
"683",0,0,0,0,0,0,0,1,0,5
"684",0,0,0,0,0,0,0,1,0,6
"685",0,0,0,0,0,0,0,1,0,3
"686",0,0,0,0,0,0,0,1,0,32
"687",0,0,0,0,0,0,0,1,0,13
"688",0,0,0,0,0,0,0,1,0,6
"689",0,0,0,0,0,0,0,1,0,1
"690",0,0,0,0,0,0,0,1,0,2
"691",0,0,0,0,0,0,0,1,0,24
"692",0,0,0,0,0,0,0,1,0,14
"693",0,0,0,0,0,0,0,1,0,3
"694",0,0,0,0,0,0,0,1,0,180
"695",0,0,0,0,0,0,0,1,0,21
"696",0,0,0,0,0,0,0,1,0,10
"697",0,0,0,0,0,0,0,1,0,4
"698",0,0,0,0,0,0,0,1,0,18
"699",0,0,0,0,0,0,0,1,0,2
"700",0,0,0,0,0,0,0,1,0,6
"701",0,0,0,0,0,0,0,1,0,1
"702",0,0,0,0,0,0,0,1,0,34
"703",0,0,0,0,0,0,0,1,0,1
"704",0,0,0,0,0,0,0,1,0,22
"705",0,0,0,0,0,0,0,1,0,2
"706",0,0,0,0,0,0,0,1,0,50
"707",0,0,0,0,0,0,0,1,0,3
"708",0,0,0,0,0,0,0,1,0,30
"709",0,0,0,0,0,0,0,1,0,4
"710",0,0,0,0,0,0,0,1,0,17
"711",0,0,0,0,0,0,0,1,0,19
"712",0,0,0,0,0,0,0,1,0,10
"713",0,0,0,0,0,0,0,1,0,12
"714",0,0,0,0,0,0,0,1,0,113
"715",0,0,0,0,0,0,0,0,1,3
"716",0,0,0,0,0,0,0,0,1,7
"717",0,0,0,0,0,0,0,0,1,4
"718",0,0,0,0,0,0,0,0,1,3
"719",0,0,0,0,0,0,0,0,1,1
"720",0,0,0,0,0,0,0,0,1,4
"721",0,0,0,0,0,0,0,0,1,4
"722",0,0,0,0,0,0,0,0,1,16
"723",0,0,0,0,0,0,0,0,1,11
"724",0,0,0,0,0,0,0,0,1,7
"725",0,0,0,0,0,0,0,0,1,13
"726",0,0,0,0,0,0,0,0,1,4
"727",0,0,0,0,0,0,0,0,1,2
"728",0,0,0,0,0,0,0,0,1,4
"729",0,0,0,0,0,0,0,0,1,8
"730",0,0,0,0,0,0,0,0,1,3
"731",0,0,0,0,0,0,0,0,1,3
"732",0,0,0,0,0,0,0,0,1,1
"733",0,0,0,0,0,0,0,0,1,5
"734",0,0,0,0,0,0,0,0,1,5
"735",0,0,0,0,0,0,0,0,1,7
"736",0,0,0,0,0,0,0,0,1,3
"737",0,0,0,0,0,0,0,0,1,12
"738",0,0,0,0,0,0,0,0,1,4
"739",0,0,0,0,0,0,0,0,1,2
"740",0,0,0,0,0,0,0,0,1,6
"741",0,0,0,0,0,0,0,0,1,7
"742",0,0,0,0,0,0,0,0,1,4
"743",0,0,0,0,0,0,0,0,1,6
"744",0,0,0,0,0,0,0,0,1,3
"745",0,0,0,0,0,0,0,0,1,4
"746",0,0,0,0,0,0,0,0,1,18
"747",0,0,0,0,0,0,0,0,1,5
"748",0,0,0,0,0,0,0,0,1,14
"749",0,0,0,0,0,0,0,0,1,9
"750",0,0,0,0,0,0,0,0,1,6
"751",0,0,0,0,0,0,0,0,1,8
"752",0,0,0,0,0,0,0,0,1,10
"753",0,0,0,0,0,0,0,0,1,11
"754",0,0,0,0,0,0,0,0,1,11
"755",0,0,0,0,0,0,0,0,1,11
"756",0,0,0,0,0,0,0,0,1,10
"757",0,0,0,0,0,0,0,0,1,12
"758",0,0,0,0,0,0,0,0,1,28
"759",0,0,0,0,0,0,0,0,1,20
"760",0,0,0,0,0,0,0,0,1,7
"761",0,0,0,0,0,0,0,0,1,9
"762",0,0,0,0,0,0,0,0,1,3
"763",0,0,0,0,0,0,0,0,1,7
"764",0,0,0,0,0,0,0,0,1,4
"765",0,0,0,0,0,0,0,0,1,3
"766",0,0,0,0,0,0,0,0,1,1
"767",0,0,0,0,0,0,0,0,1,4
"768",0,0,0,0,0,0,0,0,1,3
"769",0,0,0,0,0,0,0,0,1,15
"770",0,0,0,0,0,0,0,0,1,11
"771",0,0,0,0,0,0,0,0,1,7
"772",0,0,0,0,0,0,0,0,1,6
"773",0,0,0,0,0,0,0,0,1,7
"774",0,0,0,0,0,0,0,0,1,5
"775",0,0,0,0,0,0,0,0,1,3
"776",0,0,0,0,0,0,0,0,1,14
"777",0,0,0,0,0,0,0,0,1,6
"778",0,0,0,0,0,0,0,0,1,10
"779",0,0,0,0,0,0,0,0,1,13
"780",0,0,0,0,0,0,0,0,1,4
"781",0,0,0,0,0,0,0,0,1,2
"782",0,0,0,0,0,0,0,0,1,4
"783",0,0,0,0,0,0,0,0,1,8
"784",0,0,0,0,0,0,0,0,1,5
"785",0,0,0,0,0,0,0,0,1,3
"786",0,0,0,0,0,0,0,0,1,3
"787",0,0,0,0,0,0,0,0,1,5
"788",0,0,0,0,0,0,0,0,1,10
"789",0,0,0,0,0,0,0,0,1,8
"790",0,0,0,0,0,0,0,0,1,5
"791",0,0,0,0,0,0,0,0,1,3
"792",0,0,0,0,0,0,0,0,1,8
"793",0,0,0,0,0,0,0,0,1,2
"794",0,0,0,0,0,0,0,0,1,5
"795",0,0,0,0,0,0,0,0,1,14
"796",0,0,0,0,0,0,0,0,1,6
"797",0,0,0,0,0,0,0,0,1,5
"798",0,0,0,0,0,0,0,0,1,6
"799",0,0,0,0,0,0,0,0,1,8
"800",0,0,0,0,0,0,0,0,1,10
"801",0,0,0,0,0,0,0,0,1,10
"802",0,0,0,0,0,0,0,0,1,10
"803",0,0,0,0,0,0,0,0,1,10
"804",0,0,0,0,0,0,0,0,1,3
"805",0,0,0,0,0,0,0,0,1,10
"806",0,0,0,0,0,0,0,0,1,24
"807",0,0,0,0,0,0,0,0,1,8
"808",0,0,0,0,0,0,0,0,1,10
"809",0,0,0,0,0,0,0,0,1,8
"810",0,0,0,0,0,0,0,0,1,9
"811",0,0,0,0,0,0,0,0,1,12
"812",0,0,0,0,0,0,0,0,1,4
"813",0,0,0,0,0,0,0,0,1,2
"814",0,0,0,0,0,0,0,0,1,6
"815",0,0,0,0,0,0,0,0,1,7
"816",0,0,0,0,0,0,0,0,1,6
"817",0,0,0,0,0,0,0,0,1,5
"818",0,0,0,0,0,0,0,0,1,6
"819",0,0,0,0,0,0,0,0,1,4
"820",0,0,0,0,0,0,0,0,1,4
"821",0,0,0,0,0,0,0,0,1,18
"822",0,0,0,0,0,0,0,0,1,5
"823",0,0,0,0,0,0,0,0,1,12
"824",0,0,0,0,0,0,0,0,1,7
"825",0,0,0,0,0,0,0,0,1,3
"826",0,0,0,0,0,0,0,0,1,4
"827",0,0,0,0,0,0,0,0,1,3
"828",0,0,0,0,0,0,0,0,1,4
"829",0,0,0,0,0,0,0,0,1,5
"830",0,0,0,0,0,0,0,0,1,5
"831",0,0,0,0,0,0,0,0,1,78
"832",0,0,0,0,0,0,0,0,1,2
"833",0,0,0,0,0,0,0,0,1,5
"834",0,0,0,0,0,0,0,0,1,7
"835",0,0,0,0,0,0,0,0,1,3
"836",0,0,0,0,0,0,0,0,1,7
"837",0,0,0,0,0,0,0,0,1,4
"838",0,0,0,0,0,0,0,0,1,4
"839",0,0,0,0,0,0,0,0,1,5
"840",0,0,0,0,0,0,0,0,1,4
"841",0,0,0,0,0,0,0,0,1,37
"842",0,0,0,0,0,0,0,0,1,5
"843",0,0,0,0,0,0,0,0,1,3
"844",0,0,0,0,0,0,0,0,1,1
"845",0,0,0,0,0,0,0,0,1,4
"846",0,0,0,0,0,0,0,0,1,3
"847",0,0,0,0,0,0,0,0,1,9
"848",0,0,0,0,0,0,0,0,1,14
"849",0,0,0,0,0,0,0,0,1,10
"850",0,0,0,0,0,0,0,0,1,15
"851",0,0,0,0,0,0,0,0,1,11
"852",0,0,0,0,0,0,0,0,1,5
"853",0,0,0,0,0,0,0,0,1,5
"854",0,0,0,0,0,0,0,0,1,6
"855",0,0,0,0,0,0,0,0,1,8
"856",0,0,0,0,0,0,0,0,1,3
"857",0,0,0,0,0,0,0,0,1,5
"858",0,0,0,0,0,0,0,0,1,5
"859",0,0,0,0,0,0,0,0,1,2
"860",0,0,0,0,0,0,0,0,1,48
"861",0,0,0,0,0,0,0,0,1,7
"862",0,0,0,0,0,0,0,0,1,6
"863",0,0,0,0,0,0,0,0,1,7
"864",0,0,0,0,0,0,0,0,1,6
"865",0,0,0,0,0,0,0,0,1,7
"866",0,0,0,0,0,0,0,0,1,5
"867",0,0,0,0,0,0,0,0,1,3
"868",0,0,0,0,0,0,0,0,1,14
"869",0,0,0,0,0,0,0,0,1,6
"870",0,0,0,0,0,0,0,0,1,8
"871",0,0,0,0,0,0,0,0,1,7
"872",0,0,0,0,0,0,0,0,1,8
"873",0,0,0,0,0,0,0,0,1,8
"874",0,0,0,0,0,0,0,0,1,8
"875",0,0,0,0,0,0,0,0,1,8
"876",0,0,0,0,0,0,0,0,1,14
"877",0,0,0,0,0,0,0,0,1,5
"878",0,0,0,0,0,0,0,0,1,9
"879",0,0,0,0,0,0,0,0,1,10
"880",0,0,0,0,0,0,0,0,1,2
"881",0,0,0,0,0,0,0,0,1,5
"882",0,0,0,0,0,0,0,0,1,6
"883",0,0,0,0,0,0,0,0,1,3
"884",0,0,0,0,0,0,0,0,1,1
"885",0,0,0,0,0,0,0,0,1,4
"886",0,0,0,0,0,0,0,0,1,2
"887",0,0,0,0,0,0,0,0,1,6
"888",0,0,0,0,0,0,0,0,1,3
"889",0,0,0,0,0,0,0,0,1,3
"890",0,0,0,0,0,0,0,0,1,8
"891",0,0,0,0,0,0,0,0,1,5
"892",0,0,0,0,0,0,0,0,1,16
"893",0,0,0,0,0,0,0,0,1,22
"894",0,0,0,0,0,0,0,0,1,2
"895",0,0,0,0,0,0,0,0,1,4
"896",0,0,0,0,0,0,0,0,1,3
"897",0,0,0,0,0,0,0,0,1,5
"898",0,0,0,0,0,0,0,0,1,10
"899",0,0,0,0,0,0,0,0,1,13
"900",0,0,0,0,0,0,0,0,1,6
"901",0,0,0,0,0,0,0,0,1,4
"902",0,0,0,0,0,0,0,0,1,3
"903",0,0,0,0,0,0,0,0,1,3
"904",0,0,0,0,0,0,0,0,1,8
"905",0,0,0,0,0,0,0,0,1,5
"906",0,0,0,0,0,0,0,0,1,3
"907",0,0,0,0,0,0,0,0,1,3
"908",0,0,0,0,0,0,0,0,1,5
"909",0,0,0,0,0,0,0,0,1,10
"910",0,0,0,0,0,0,0,0,1,3
"911",0,0,0,0,0,0,0,0,1,3
"912",0,0,0,0,0,0,0,0,1,5
"913",0,0,0,0,0,0,0,0,1,17
"914",0,0,0,0,0,0,0,0,1,6
"915",0,0,0,0,0,0,0,0,1,8
"916",0,0,0,0,0,0,0,0,1,5
"917",0,0,0,0,0,0,0,0,1,12
"918",0,0,0,0,0,0,0,0,1,12
"919",0,0,0,0,0,0,0,0,1,3
"920",0,0,0,0,0,0,0,0,1,5
"921",0,0,0,0,0,0,0,0,1,8
"922",0,0,0,0,0,0,0,0,1,2
"923",0,0,0,0,0,0,0,0,1,6
"924",0,0,0,0,0,0,0,0,1,5
"925",0,0,0,0,0,0,0,0,1,4
"926",0,0,0,0,0,0,0,0,1,5
"927",0,0,0,0,0,0,0,0,1,5
"928",0,0,0,0,0,0,0,0,1,4
"929",0,0,0,0,0,0,0,0,1,3
"930",0,0,0,0,0,0,0,0,1,3
"931",0,0,0,0,0,0,0,0,1,5
"932",0,0,0,0,0,0,0,0,1,14
"933",0,0,0,0,0,0,0,0,1,5
"934",0,0,0,0,0,0,0,0,1,5
"935",0,0,0,0,0,0,0,0,1,3
"936",0,0,0,0,0,0,0,0,1,4
"937",0,0,0,0,0,0,0,0,1,2
"938",0,0,0,0,0,0,0,0,1,5
"939",0,0,0,0,0,0,0,0,1,33
"940",0,0,0,0,0,0,0,0,1,7
"941",0,0,0,0,0,0,0,0,1,8
"942",0,0,0,0,0,0,0,0,1,6
"943",0,0,0,0,0,0,0,0,1,8
"944",0,0,0,0,0,0,0,0,1,10
"945",0,0,0,0,0,0,0,0,1,10
"946",0,0,0,0,0,0,0,0,1,11
"947",0,0,0,0,0,0,0,0,1,10
"948",0,0,0,0,0,0,0,0,1,10
"949",0,0,0,0,0,0,0,0,1,5
"950",0,0,0,0,0,0,0,0,1,3
"951",0,0,0,0,0,0,0,0,1,12
"952",0,0,0,0,0,0,0,0,1,25
"953",0,0,0,0,0,0,0,0,1,5
"954",0,0,0,0,0,0,0,0,1,10
"955",0,0,0,0,0,0,0,0,1,14
"956",0,0,0,0,0,0,0,0,1,12
"957",0,0,0,0,0,0,0,0,1,12
"958",0,0,0,0,0,0,0,0,1,16
"959",0,0,0,0,0,0,0,0,1,11
"960",0,0,0,0,0,0,0,0,1,19
"961",0,0,0,0,0,0,0,0,1,21
"962",0,0,0,0,0,0,0,0,1,5
"963",0,0,0,0,0,0,0,0,1,5
"964",0,0,0,0,0,0,0,0,1,7
"965",0,0,0,0,0,0,0,0,1,4
"966",0,0,0,0,0,0,0,0,1,1
"967",0,0,0,0,0,0,0,0,1,3
"968",0,0,0,0,0,0,0,0,1,3
"969",0,0,0,0,0,0,0,0,1,10
"970",0,0,0,0,0,0,0,0,1,180
"971",0,0,0,0,0,0,0,0,1,4
"972",0,0,0,0,0,0,0,0,1,12
"973",0,0,0,0,0,0,0,0,1,3
"974",0,0,0,0,0,0,0,0,1,4
"975",0,0,0,0,0,0,0,0,1,6
"976",0,0,0,0,0,0,0,0,1,9
"977",0,0,0,0,0,0,0,0,1,3
"978",0,0,0,0,0,0,0,0,1,5
"979",0,0,0,0,0,0,0,0,1,10
"980",0,0,0,0,0,0,0,0,1,24
"981",0,0,0,0,0,0,0,0,1,8
"982",0,0,0,0,0,0,0,0,1,10
"983",0,0,0,0,0,0,0,0,1,8
"984",0,0,0,0,0,0,0,0,1,9
"985",0,0,0,0,0,0,0,0,1,4
"986",0,0,0,0,0,0,0,0,1,7
"987",0,0,0,0,0,0,0,0,1,3
"988",0,0,0,0,0,0,0,0,1,7
"989",0,0,0,0,0,0,0,0,1,2
"990",0,0,0,0,0,0,0,0,1,6
"991",0,0,0,0,0,0,0,0,1,18
"992",0,0,0,0,0,0,0,0,1,5
"993",0,0,0,0,0,0,0,0,1,12
"994",0,0,0,0,0,0,0,0,1,5
"995",0,0,0,0,0,0,0,0,1,3
"996",0,0,0,0,0,0,0,0,1,5
"997",0,0,0,0,0,0,0,0,1,7
"998",0,0,0,0,0,0,0,0,1,10
"999",0,0,0,0,0,0,0,0,1,5
"1000",0,0,0,0,0,0,0,0,1,14
"1001",0,0,0,0,0,0,0,0,1,4
"1002",0,0,0,0,0,0,0,0,1,10
"1003",0,0,0,0,0,0,0,0,1,15
"1004",0,0,0,0,0,0,0,0,1,5
"1005",0,0,0,0,0,0,0,0,1,5
"1006",0,0,0,0,0,0,0,0,1,9
"1007",0,0,0,0,0,0,0,0,1,4
"1008",0,0,0,0,0,0,0,0,1,8
"1009",0,0,0,0,0,0,0,0,1,5
"1010",0,0,0,0,0,0,0,0,1,3
"1011",0,0,0,0,0,0,0,0,1,5
"1012",0,0,0,0,0,0,0,0,1,5
"1013",0,0,0,0,0,0,0,0,1,5
"1014",0,0,0,0,0,0,0,0,1,5
"1015",0,0,0,0,0,0,0,0,1,5
"1016",0,0,0,0,0,0,0,0,1,5
"1017",0,0,0,0,0,0,0,0,1,7
"1018",0,0,0,0,0,0,0,0,1,5
"1019",0,0,0,0,0,0,0,0,1,4
"1020",0,0,0,0,0,0,0,0,1,10
"1021",0,0,0,0,0,0,0,0,1,4
"1022",0,0,0,0,0,0,0,0,1,8
"1023",0,0,0,0,0,0,0,0,1,4
"1024",0,0,0,0,0,0,0,0,1,5
"1025",0,0,0,0,0,0,0,0,1,6
"1026",0,0,0,0,0,0,0,0,1,5
"1027",0,0,0,0,0,0,0,0,1,9
"1028",0,0,0,0,0,0,0,0,1,5
"1029",0,0,0,0,0,0,0,0,1,4
"1030",0,0,0,0,0,0,0,0,1,2
"1031",0,0,0,0,0,0,0,0,1,18
"1032",0,0,0,0,0,0,0,0,1,3
"1033",0,0,0,0,0,0,0,0,1,5
"1034",0,0,0,0,0,0,0,0,1,12
"1035",0,0,0,0,0,0,0,0,1,11
"1036",0,0,0,0,0,0,0,0,1,5
"1037",0,0,0,0,0,0,0,0,1,3
"1038",0,0,0,0,0,0,0,0,1,4
"1039",0,0,0,0,0,0,0,0,1,3
"1040",0,0,0,0,0,0,0,0,1,4
"1041",0,0,0,0,0,0,0,0,1,5
"1042",0,0,0,0,0,0,0,0,1,37
"1043",0,0,0,0,0,0,0,0,1,2
"1044",0,0,0,0,0,0,0,0,1,4
"1045",0,0,0,0,0,0,0,0,1,5
"1046",0,0,0,0,0,0,0,0,1,5
"1047",0,0,0,0,0,0,0,0,1,7
"1048",0,0,0,0,0,0,0,0,1,4
"1049",0,0,0,0,0,0,0,0,1,1
"1050",0,0,0,0,0,0,0,0,1,13
"1051",0,0,0,0,0,0,0,0,1,7
"1052",0,0,0,0,0,0,0,0,1,4
"1053",0,0,0,0,0,0,0,0,1,5
"1054",0,0,0,0,0,0,0,0,1,4
"1055",0,0,0,0,0,0,0,0,1,5
"1056",0,0,0,0,0,0,0,0,1,5
"1057",0,0,0,0,0,0,0,0,1,10
"1058",0,0,0,0,0,0,0,0,1,5
"1059",0,0,0,0,0,0,0,0,1,7
"1060",0,0,0,0,0,0,0,0,1,7
"1061",0,0,0,0,0,0,0,0,1,4
"1062",0,0,0,0,0,0,0,0,1,13
"1063",0,0,0,0,0,0,0,0,1,30
"1064",0,0,0,0,0,0,0,0,1,4
"1065",0,0,0,0,0,0,0,0,1,4
"1066",0,0,0,0,0,0,0,0,1,4
"1067",0,0,0,0,0,0,0,0,1,2
"1068",0,0,0,0,0,0,0,0,1,1
"1069",0,0,0,0,0,0,0,0,1,5
"1070",0,0,0,0,0,0,0,0,1,4
"1071",0,0,0,0,0,0,0,0,1,6
"1072",0,0,0,0,0,0,0,0,1,4
"1073",0,0,0,0,0,0,0,0,1,6
"1074",0,0,0,0,0,0,0,0,1,2
"1075",0,0,0,0,0,0,0,0,1,7
"1076",0,0,0,0,0,0,0,0,1,4
"1077",0,0,0,0,0,0,0,0,1,26
"1078",0,0,0,0,0,0,0,0,1,10
"1079",0,0,0,0,0,0,0,0,1,2
"1080",0,0,0,0,0,0,0,0,1,2
"1081",0,0,0,0,0,0,0,0,1,33
"1082",0,0,0,0,0,0,0,0,1,14
"1083",0,0,0,0,0,0,0,0,1,7
"1084",0,0,0,0,0,0,0,0,1,2
"1085",0,0,0,0,0,0,0,0,1,6
"1086",0,0,0,0,0,0,0,0,1,21
"1087",0,0,0,0,0,0,0,0,1,7
"1088",0,0,0,0,0,0,0,0,1,3
"1089",0,0,0,0,0,0,0,0,1,5
"1090",0,0,0,0,0,0,0,0,1,14
"1091",0,0,0,0,0,0,0,0,1,5
"1092",0,0,0,0,0,0,0,0,1,7
"1093",0,0,0,0,0,0,0,0,1,9
"1094",0,0,0,0,0,0,0,0,1,3
"1095",0,0,0,0,0,0,0,0,1,9
"1096",0,0,0,0,0,0,0,0,1,3
"1097",0,0,0,0,0,0,0,0,1,5
"1098",0,0,0,0,0,0,0,0,1,20
"1099",0,0,0,0,0,0,0,0,1,9
"1100",0,0,0,0,0,0,0,0,1,3
"1101",0,0,0,0,0,0,0,0,1,3
"1102",0,0,0,0,0,0,0,0,1,10
"1103",0,0,0,0,0,0,0,0,1,6
"1104",0,0,0,0,0,0,0,0,1,5
"1105",0,0,0,0,0,0,0,0,1,14
"1106",0,0,0,0,0,0,0,0,1,1
"1107",0,0,0,0,0,0,0,0,1,10
"1108",0,0,0,0,0,0,0,0,1,3
"1109",0,0,0,0,0,0,0,0,1,5
"1110",0,0,0,0,0,0,0,0,1,2
"1111",0,0,0,0,0,0,0,0,1,4
"1112",0,0,0,0,0,0,0,0,1,15
"1113",0,0,0,0,0,0,0,0,1,6
"1114",0,0,0,0,0,0,0,0,1,6
"1115",0,0,0,0,0,0,0,0,1,5
"1116",0,0,0,0,0,0,0,0,1,10
"1117",0,0,0,0,0,0,0,0,1,3
"1118",0,0,0,0,0,0,0,0,1,34
"1119",0,0,0,0,0,0,0,0,1,6
"1120",0,0,0,0,0,0,0,0,1,2
"1121",0,0,0,0,0,0,0,0,1,7
"1122",0,0,0,0,0,0,0,0,1,2
"1123",0,0,0,0,0,0,0,0,1,3
"1124",0,0,0,0,0,0,0,0,1,2
"1125",0,0,0,0,0,0,0,0,1,4
"1126",0,0,0,0,0,0,0,0,1,8
"1127",0,0,0,0,0,0,0,0,1,4
"1128",0,0,0,0,0,0,0,0,1,7
"1129",0,0,0,0,0,0,0,0,1,11
"1130",0,0,0,0,0,0,0,0,1,7
"1131",0,0,0,0,0,0,0,0,1,10
"1132",0,0,0,0,0,0,0,0,1,2
"1133",0,0,0,0,0,0,0,0,1,5
"1134",0,0,0,0,0,0,0,0,1,8
"1135",0,0,0,0,0,0,0,0,1,3
"1136",0,0,0,0,0,0,0,0,1,4
"1137",0,0,0,0,0,0,0,0,1,5
"1138",0,0,0,0,0,0,0,0,1,2
"1139",0,0,0,0,0,0,0,0,1,2
"1140",0,0,0,0,0,0,0,0,1,4
"1141",0,0,0,0,0,0,0,0,1,2
"1142",0,0,0,0,0,0,0,0,1,2
"1143",0,0,0,0,0,0,0,0,1,12
"1144",0,0,0,0,0,0,0,0,1,16
"1145",0,0,0,0,0,0,0,0,1,11
"1146",0,0,0,0,0,0,0,0,1,7
"1147",0,0,0,0,0,0,0,0,1,10
"1148",0,0,0,0,0,0,0,0,1,3
"1149",0,0,0,0,0,0,0,0,1,14
"1150",0,0,0,0,0,0,0,0,1,5
"1151",0,0,0,0,0,0,0,0,1,3
"1152",0,0,0,0,0,0,0,0,1,7
"1153",0,0,0,0,0,0,0,0,1,3
"1154",0,0,0,0,0,0,0,0,1,5
"1155",0,0,0,0,0,0,0,0,1,2
"1156",0,0,0,0,0,0,0,0,1,3
"1157",0,0,0,0,0,0,0,0,1,6
"1158",0,0,0,0,0,0,0,0,1,2
"1159",0,0,0,0,0,0,0,0,1,3
"1160",0,0,0,0,0,0,0,0,1,3
"1161",0,0,0,0,0,0,0,0,1,2
"1162",0,0,0,0,0,0,0,0,1,16
"1163",0,0,0,0,0,0,0,0,1,5
"1164",0,0,0,0,0,0,0,0,1,4
"1165",0,0,0,0,0,0,0,0,1,4
"1166",0,0,0,0,0,0,0,0,1,10
"1167",0,0,0,0,0,0,0,0,1,7
"1168",0,0,0,0,0,0,0,0,1,15
"1169",0,0,0,0,0,0,0,0,1,14
"1170",0,0,0,0,0,0,0,0,1,5
"1171",0,0,0,0,0,0,0,0,1,3
"1172",0,0,0,0,0,0,0,0,1,7
"1173",0,0,0,0,0,0,0,0,1,6
"1174",0,0,0,0,0,0,0,0,1,6
"1175",0,0,0,0,0,0,0,0,1,7
"1176",0,0,0,0,0,0,0,0,1,13
"1177",0,0,0,0,0,0,0,0,1,3
"1178",0,0,0,0,0,0,0,0,1,3
"1179",0,0,0,0,0,0,0,0,1,5
"1180",0,0,0,0,0,0,0,0,1,5
"1181",0,0,0,0,0,0,0,0,1,4
"1182",0,0,0,0,0,0,0,0,1,4
"1183",0,0,0,0,0,0,0,0,1,3
"1184",0,0,0,0,0,0,0,0,1,5
"1185",0,0,0,0,0,0,0,0,1,6
"1186",0,0,0,0,0,0,0,0,1,4
"1187",0,0,0,0,0,0,0,0,1,4
"1188",0,0,0,0,0,0,0,0,1,7
"1189",0,0,0,0,0,0,0,0,1,10
"1190",0,0,0,0,0,0,0,0,1,7
"1191",0,0,0,0,0,0,0,0,1,7
"1192",0,0,0,0,0,0,0,0,1,11
"1193",0,0,0,0,0,0,0,0,1,7
"1194",0,0,0,0,0,0,0,0,1,8
"1195",0,0,0,0,0,0,0,0,1,6
"1196",0,0,0,0,0,0,0,0,1,2
"1197",0,0,0,0,0,0,0,0,1,4
"1198",0,0,0,0,0,0,0,0,1,13
"1199",0,0,0,0,0,0,0,0,1,2
"1200",0,0,0,0,0,0,0,0,1,4
"1201",0,0,0,0,0,0,0,0,1,4
"1202",0,0,0,0,0,0,0,0,1,3
"1203",0,0,0,0,0,0,0,0,1,7
"1204",0,0,0,0,0,0,0,0,1,5
"1205",0,0,0,0,0,0,0,0,1,3
"1206",0,0,0,0,0,0,0,0,1,10
"1207",0,0,0,0,0,0,0,0,1,3
"1208",0,0,0,0,0,0,0,0,1,7
"1209",0,0,0,0,0,0,0,0,1,5
"1210",0,0,0,0,0,0,0,0,1,6
"1211",0,0,0,0,0,0,0,0,1,4
"1212",0,0,0,0,0,0,0,0,1,4
"1213",0,0,0,0,0,0,0,0,1,4
"1214",0,0,0,0,0,0,0,0,1,8
"1215",0,0,0,0,0,0,0,0,1,7
"1216",0,0,0,0,0,0,0,0,1,7
"1217",0,0,0,0,0,0,0,0,1,5
"1218",0,0,0,0,0,0,0,0,1,4
"1219",0,0,0,0,0,0,0,0,1,4
"1220",0,0,0,0,0,0,0,0,1,14
"1221",0,0,0,0,0,0,0,0,1,5
"1222",0,0,0,0,0,0,0,0,1,7
"1223",0,0,0,0,0,0,0,0,1,3
"1224",0,0,0,0,0,0,0,0,1,5
"1225",0,0,0,0,0,0,0,0,1,9
"1226",0,0,0,0,0,0,0,0,1,11
"1227",0,0,0,0,0,0,0,0,1,2
"1228",0,0,0,0,0,0,0,0,1,3
"1229",0,0,0,0,0,0,0,0,1,3
"1230",0,0,0,0,0,0,0,0,1,1
"1231",0,0,0,0,0,0,0,0,1,2
"1232",0,0,0,0,0,0,0,0,1,3
"1233",0,0,0,0,0,0,0,0,1,3
"1234",0,0,0,0,0,0,0,0,1,4
"1235",0,0,0,0,0,0,0,0,1,4
"1236",0,0,0,0,0,0,0,0,1,3
"1237",0,0,0,0,0,0,0,0,1,7
"1238",0,0,0,0,0,0,0,0,1,6
"1239",0,0,0,0,0,0,0,0,1,4
"1240",0,0,0,0,0,0,0,0,1,9
"1241",0,0,0,0,0,0,0,0,1,5
"1242",0,0,0,0,0,0,0,0,1,3
"1243",0,0,0,0,0,0,0,0,1,15
"1244",0,0,0,0,0,0,0,0,1,5
"1245",0,0,0,0,0,0,0,0,1,5
"1246",0,0,0,0,0,0,0,0,1,9
"1247",0,0,0,0,0,0,0,0,1,14
"1248",0,0,0,0,0,0,0,0,1,6
"1249",0,0,0,0,0,0,0,0,1,6
"1250",0,0,0,0,0,0,0,0,1,4
"1251",0,0,0,0,0,0,0,0,1,5
"1252",0,0,0,0,0,0,0,0,1,2
"1253",0,0,0,0,0,0,0,0,1,5
"1254",0,0,0,0,0,0,0,0,1,4
"1255",0,0,0,0,0,0,0,0,1,7
"1256",0,0,0,0,0,0,0,0,1,5
"1257",0,0,0,0,0,0,0,0,1,5
"1258",0,0,0,0,0,0,0,0,1,5
"1259",0,0,0,0,0,0,0,0,1,4
"1260",0,0,0,0,0,0,0,0,1,5
"1261",0,0,0,0,0,0,0,0,1,13
"1262",0,0,0,0,0,0,0,0,1,5
"1263",0,0,0,0,0,0,0,0,1,14
"1264",0,0,0,0,0,0,0,0,1,7
"1265",0,0,0,0,0,0,0,0,1,4
"1266",0,0,0,0,0,0,0,0,1,4
"1267",0,0,0,0,0,0,0,0,1,2
"1268",0,0,0,0,0,0,0,0,1,6
"1269",0,0,0,0,0,0,0,0,1,4
"1270",0,0,0,0,0,0,0,0,1,4
"1271",0,0,0,0,0,0,0,0,1,7
"1272",0,0,0,0,0,0,0,0,1,3
"1273",0,0,0,0,0,0,0,0,1,12
"1274",0,0,0,0,0,0,0,0,1,6
"1275",0,0,0,0,0,0,0,0,1,5
"1276",0,0,0,0,0,0,0,0,1,9
"1277",0,0,0,0,0,0,0,0,1,3
"1278",0,0,0,0,0,0,0,0,1,12
"1279",0,0,0,0,0,0,0,0,1,3
"1280",0,0,0,0,0,0,0,0,1,4
"1281",0,0,0,0,0,0,0,0,1,4
"1282",0,0,0,0,0,0,0,0,1,4
"1283",0,0,0,0,0,0,0,0,1,3
"1284",0,0,0,0,0,0,0,0,1,7
"1285",0,0,0,0,0,0,0,0,1,3
"1286",0,0,0,0,0,0,0,0,1,2
"1287",0,0,0,0,0,0,0,0,1,5
"1288",0,0,0,0,0,0,0,0,1,6
"1289",0,0,0,0,0,0,0,0,1,5
"1290",0,0,0,0,0,0,0,0,1,4
"1291",0,0,0,0,0,0,0,0,1,12
"1292",0,0,0,0,0,0,0,0,1,7
"1293",0,0,0,0,0,0,0,0,1,5
"1294",0,0,0,0,0,0,0,0,1,10
"1295",0,0,0,0,0,0,0,0,1,6
"1296",0,0,0,0,0,0,0,0,1,10
"1297",0,0,0,0,0,0,0,0,1,15
"1298",0,0,0,0,0,0,0,0,1,4
"1299",0,0,0,0,0,0,0,0,1,4
"1300",0,0,0,0,0,0,0,0,1,5
"1301",0,0,0,0,0,0,0,0,1,5
"1302",0,0,0,0,0,0,0,0,1,7
"1303",0,0,0,0,0,0,0,0,1,4
"1304",0,0,0,0,0,0,0,0,1,5
"1305",0,0,0,0,0,0,0,0,1,7
"1306",0,0,0,0,0,0,0,0,1,7
"1307",0,0,0,0,0,0,0,0,1,8
"1308",0,0,0,0,0,0,0,0,1,18
"1309",0,0,0,0,0,0,0,0,1,7
"1310",0,0,0,0,0,0,0,0,1,5
"1311",0,0,0,0,0,0,0,0,1,5
"1312",0,0,0,0,0,0,0,0,1,4
"1313",0,0,0,0,0,0,0,0,1,5
"1314",0,0,0,0,0,0,0,0,1,3
"1315",0,0,0,0,0,0,0,0,1,2
"1316",0,0,0,0,0,0,0,0,1,3
"1317",0,0,0,0,0,0,0,0,1,6
"1318",0,0,0,0,0,0,0,0,1,10
"1319",0,0,0,0,0,0,0,0,1,4
"1320",0,0,0,0,0,0,0,0,1,5
"1321",0,0,0,0,0,0,0,0,1,3
"1322",0,0,0,0,0,0,0,0,1,9
"1323",0,0,0,0,0,0,0,0,1,19
"1324",0,0,0,0,0,0,0,0,1,11
"1325",0,0,0,0,0,0,0,0,1,5
"1326",0,0,0,0,0,0,0,0,1,26
"1327",0,0,0,0,0,0,0,0,1,8
"1328",0,0,0,0,0,0,0,0,1,8
"1329",0,0,0,0,0,0,0,0,1,9
"1330",0,0,0,0,0,0,0,0,1,7
"1331",0,0,0,0,0,0,0,0,1,5
"1332",0,0,0,0,0,0,0,0,1,2
"1333",0,0,0,0,0,0,0,0,1,4
"1334",0,0,0,0,0,0,0,0,1,4
"1335",0,0,0,0,0,0,0,0,1,4
"1336",0,0,0,0,0,0,0,0,1,10
"1337",0,0,0,0,0,0,0,0,1,5
"1338",0,0,0,0,0,0,0,0,1,2
"1339",0,0,0,0,0,0,0,0,1,4
"1340",0,0,0,0,0,0,0,0,1,4
"1341",0,0,0,0,0,0,0,0,1,4
"1342",0,0,0,0,0,0,0,0,1,5
"1343",0,0,0,0,0,0,0,0,1,6
"1344",0,0,0,0,0,0,0,0,1,3
"1345",0,0,0,0,0,0,0,0,1,5
"1346",0,0,0,0,0,0,0,0,1,21
"1347",0,0,0,0,0,0,0,0,1,3
"1348",0,0,0,0,0,0,0,0,1,4
"1349",0,0,0,0,0,0,0,0,1,4
"1350",0,0,0,0,0,0,0,0,1,2
"1351",0,0,0,0,0,0,0,0,1,3
"1352",0,0,0,0,0,0,0,0,1,3
"1353",0,0,0,0,0,0,0,0,1,6
"1354",0,0,0,0,0,0,0,0,1,3
"1355",0,0,0,0,0,0,0,0,1,5
"1356",0,0,0,0,0,0,0,0,1,3
"1357",0,0,0,0,0,0,0,0,1,6
"1358",0,0,0,0,0,0,0,0,1,8
"1359",0,0,0,0,0,0,0,0,1,9
"1360",0,0,0,0,0,0,0,0,1,3
"1361",0,0,0,0,0,0,0,0,1,3
"1362",0,0,0,0,0,0,0,0,1,4
"1363",0,0,0,0,0,0,0,0,1,3
"1364",0,0,0,0,0,0,0,0,1,4
"1365",0,0,0,0,0,0,0,0,1,4
"1366",0,0,0,0,0,0,0,0,1,3
"1367",0,0,0,0,0,0,0,0,1,3
"1368",0,0,0,0,0,0,0,0,1,3
"1369",0,0,0,0,0,0,0,0,1,3
"1370",0,0,0,0,0,0,0,0,1,44
"1371",0,0,0,0,0,0,0,0,1,8
"1372",0,0,0,0,0,0,0,0,1,7
"1373",0,0,0,0,0,0,0,0,1,2
"1374",0,0,0,0,0,0,0,0,1,4
"1375",0,0,0,0,0,0,0,0,1,2
"1376",0,0,0,0,0,0,0,0,1,3
"1377",0,0,0,0,0,0,0,0,1,4
"1378",0,0,0,0,0,0,0,0,1,3
"1379",0,0,0,0,0,0,0,0,1,5
"1380",0,0,0,0,0,0,0,0,1,5
