"","12AM-4AM"," 4AM-8AM","8AM-12PM","12PM-4PM","4PM-8PM","8PM-12AM","value"
"1",1,0,0,0,0,0,41
"2",1,0,0,0,0,0,3
"3",1,0,0,0,0,0,21
"4",1,0,0,0,0,0,4
"5",1,0,0,0,0,0,11
"6",1,0,0,0,0,0,7
"7",1,0,0,0,0,0,7
"8",1,0,0,0,0,0,17
"9",1,0,0,0,0,0,39
"10",1,0,0,0,0,0,6
"11",1,0,0,0,0,0,20
"12",1,0,0,0,0,0,9
"13",1,0,0,0,0,0,42
"14",1,0,0,0,0,0,41
"15",1,0,0,0,0,0,3
"16",1,0,0,0,0,0,9
"17",1,0,0,0,0,0,11
"18",1,0,0,0,0,0,7
"19",1,0,0,0,0,0,7
"20",1,0,0,0,0,0,10
"21",1,0,0,0,0,0,19
"22",1,0,0,0,0,0,20
"23",1,0,0,0,0,0,9
"24",1,0,0,0,0,0,42
"25",1,0,0,0,0,0,85
"26",1,0,0,0,0,0,21
"27",1,0,0,0,0,0,4
"28",1,0,0,0,0,0,3
"29",1,0,0,0,0,0,59
"30",1,0,0,0,0,0,4
"31",1,0,0,0,0,0,40
"32",1,0,0,0,0,0,71
"33",1,0,0,0,0,0,3
"34",1,0,0,0,0,0,9
"35",1,0,0,0,0,0,31
"36",1,0,0,0,0,0,9
"37",1,0,0,0,0,0,17
"38",1,0,0,0,0,0,6
"39",1,0,0,0,0,0,5
"40",1,0,0,0,0,0,1
"41",1,0,0,0,0,0,5
"42",1,0,0,0,0,0,11
"43",1,0,0,0,0,0,4
"44",1,0,0,0,0,0,1
"45",1,0,0,0,0,0,7
"46",1,0,0,0,0,0,7
"47",1,0,0,0,0,0,10
"48",1,0,0,0,0,0,19
"49",1,0,0,0,0,0,6
"50",1,0,0,0,0,0,20
"51",1,0,0,0,0,0,9
"52",1,0,0,0,0,0,29
"53",1,0,0,0,0,0,42
"54",1,0,0,0,0,0,73
"55",1,0,0,0,0,0,26
"56",1,0,0,0,0,0,31
"57",1,0,0,0,0,0,8
"58",1,0,0,0,0,0,17
"59",1,0,0,0,0,0,3
"60",1,0,0,0,0,0,1
"61",1,0,0,0,0,0,3
"62",1,0,0,0,0,0,85
"63",1,0,0,0,0,0,21
"64",1,0,0,0,0,0,4
"65",1,0,0,0,0,0,119
"66",1,0,0,0,0,0,5
"67",1,0,0,0,0,0,32
"68",1,0,0,0,0,0,10
"69",1,0,0,0,0,0,14
"70",1,0,0,0,0,0,35
"71",1,0,0,0,0,0,24
"72",1,0,0,0,0,0,3
"73",1,0,0,0,0,0,36
"74",1,0,0,0,0,0,10
"75",1,0,0,0,0,0,4
"76",1,0,0,0,0,0,10
"77",1,0,0,0,0,0,4
"78",1,0,0,0,0,0,20
"79",1,0,0,0,0,0,4
"80",1,0,0,0,0,0,2
"81",1,0,0,0,0,0,54
"82",1,0,0,0,0,0,1
"83",1,0,0,0,0,0,7
"84",1,0,0,0,0,0,4
"85",1,0,0,0,0,0,65
"86",1,0,0,0,0,0,20
"87",1,0,0,0,0,0,14
"88",1,0,0,0,0,0,1
"89",1,0,0,0,0,0,9
"90",1,0,0,0,0,0,2
"91",1,0,0,0,0,0,60
"92",1,0,0,0,0,0,2
"93",1,0,0,0,0,0,1
"94",1,0,0,0,0,0,1
"95",1,0,0,0,0,0,4
"96",1,0,0,0,0,0,1
"97",1,0,0,0,0,0,4
"98",1,0,0,0,0,0,6
"99",1,0,0,0,0,0,118
"100",1,0,0,0,0,0,3
"101",1,0,0,0,0,0,5
"102",1,0,0,0,0,0,9
"103",1,0,0,0,0,0,5
"104",1,0,0,0,0,0,7
"105",1,0,0,0,0,0,3
"106",1,0,0,0,0,0,2
"107",1,0,0,0,0,0,64
"108",1,0,0,0,0,0,54
"109",1,0,0,0,0,0,1
"110",1,0,0,0,0,0,55
"111",1,0,0,0,0,0,1
"112",1,0,0,0,0,0,47
"113",1,0,0,0,0,0,7
"114",1,0,0,0,0,0,4
"115",1,0,0,0,0,0,1
"116",1,0,0,0,0,0,8
"117",1,0,0,0,0,0,38
"118",1,0,0,0,0,0,10
"119",1,0,0,0,0,0,2
"120",1,0,0,0,0,0,7
"121",1,0,0,0,0,0,5
"122",1,0,0,0,0,0,1
"123",1,0,0,0,0,0,4
"124",1,0,0,0,0,0,10
"125",1,0,0,0,0,0,96
"126",1,0,0,0,0,0,5
"127",1,0,0,0,0,0,1
"128",1,0,0,0,0,0,9
"129",1,0,0,0,0,0,10
"130",1,0,0,0,0,0,93
"131",1,0,0,0,0,0,12
"132",1,0,0,0,0,0,4
"133",1,0,0,0,0,0,24
"134",1,0,0,0,0,0,7
"135",1,0,0,0,0,0,98
"136",1,0,0,0,0,0,1
"137",1,0,0,0,0,0,64
"138",1,0,0,0,0,0,5
"139",1,0,0,0,0,0,2
"140",1,0,0,0,0,0,11
"141",1,0,0,0,0,0,2
"142",1,0,0,0,0,0,40
"143",1,0,0,0,0,0,4
"144",1,0,0,0,0,0,6
"145",1,0,0,0,0,0,10
"146",1,0,0,0,0,0,2
"147",1,0,0,0,0,0,65
"148",1,0,0,0,0,0,20
"149",1,0,0,0,0,0,2
"150",1,0,0,0,0,0,90
"151",1,0,0,0,0,0,12
"152",1,0,0,0,0,0,12
"153",1,0,0,0,0,0,10
"154",1,0,0,0,0,0,2
"155",1,0,0,0,0,0,5
"156",1,0,0,0,0,0,5
"157",1,0,0,0,0,0,2
"158",0,1,0,0,0,0,17
"159",0,1,0,0,0,0,15
"160",0,1,0,0,0,0,2
"161",0,1,0,0,0,0,178
"162",0,1,0,0,0,0,14
"163",0,1,0,0,0,0,4
"164",0,1,0,0,0,0,1
"165",0,1,0,0,0,0,7
"166",0,1,0,0,0,0,150
"167",0,1,0,0,0,0,4
"168",0,1,0,0,0,0,9
"169",0,1,0,0,0,0,5
"170",0,1,0,0,0,0,8
"171",0,1,0,0,0,0,7
"172",0,1,0,0,0,0,31
"173",0,1,0,0,0,0,28
"174",0,1,0,0,0,0,11
"175",0,1,0,0,0,0,24
"176",0,1,0,0,0,0,32
"177",0,1,0,0,0,0,46
"178",0,1,0,0,0,0,17
"179",0,1,0,0,0,0,17
"180",0,1,0,0,0,0,15
"181",0,1,0,0,0,0,4
"182",0,1,0,0,0,0,6
"183",0,1,0,0,0,0,2
"184",0,1,0,0,0,0,2
"185",0,1,0,0,0,0,5
"186",0,1,0,0,0,0,15
"187",0,1,0,0,0,0,9
"188",0,1,0,0,0,0,1
"189",0,1,0,0,0,0,5
"190",0,1,0,0,0,0,5
"191",0,1,0,0,0,0,10
"192",0,1,0,0,0,0,31
"193",0,1,0,0,0,0,11
"194",0,1,0,0,0,0,22
"195",0,1,0,0,0,0,36
"196",0,1,0,0,0,0,3
"197",0,1,0,0,0,0,29
"198",0,1,0,0,0,0,6
"199",0,1,0,0,0,0,6
"200",0,1,0,0,0,0,6
"201",0,1,0,0,0,0,14
"202",0,1,0,0,0,0,14
"203",0,1,0,0,0,0,4
"204",0,1,0,0,0,0,1
"205",0,1,0,0,0,0,7
"206",0,1,0,0,0,0,14
"207",0,1,0,0,0,0,150
"208",0,1,0,0,0,0,4
"209",0,1,0,0,0,0,4
"210",0,1,0,0,0,0,4
"211",0,1,0,0,0,0,5
"212",0,1,0,0,0,0,7
"213",0,1,0,0,0,0,4
"214",0,1,0,0,0,0,17
"215",0,1,0,0,0,0,15
"216",0,1,0,0,0,0,10
"217",0,1,0,0,0,0,2
"218",0,1,0,0,0,0,4
"219",0,1,0,0,0,0,13
"220",0,1,0,0,0,0,6
"221",0,1,0,0,0,0,9
"222",0,1,0,0,0,0,9
"223",0,1,0,0,0,0,9
"224",0,1,0,0,0,0,6
"225",0,1,0,0,0,0,7
"226",0,1,0,0,0,0,13
"227",0,1,0,0,0,0,13
"228",0,1,0,0,0,0,2
"229",0,1,0,0,0,0,8
"230",0,1,0,0,0,0,18
"231",0,1,0,0,0,0,2
"232",0,1,0,0,0,0,7
"233",0,1,0,0,0,0,2
"234",0,1,0,0,0,0,6
"235",0,1,0,0,0,0,5
"236",0,1,0,0,0,0,15
"237",0,1,0,0,0,0,8
"238",0,1,0,0,0,0,7
"239",0,1,0,0,0,0,15
"240",0,1,0,0,0,0,2
"241",0,1,0,0,0,0,9
"242",0,1,0,0,0,0,14
"243",0,1,0,0,0,0,12
"244",0,1,0,0,0,0,13
"245",0,1,0,0,0,0,64
"246",0,1,0,0,0,0,1
"247",0,1,0,0,0,0,5
"248",0,1,0,0,0,0,5
"249",0,1,0,0,0,0,10
"250",0,1,0,0,0,0,31
"251",0,1,0,0,0,0,28
"252",0,1,0,0,0,0,11
"253",0,1,0,0,0,0,22
"254",0,1,0,0,0,0,23
"255",0,1,0,0,0,0,36
"256",0,1,0,0,0,0,3
"257",0,1,0,0,0,0,6
"258",0,1,0,0,0,0,14
"259",0,1,0,0,0,0,2
"260",0,1,0,0,0,0,3
"261",0,1,0,0,0,0,14
"262",0,1,0,0,0,0,4
"263",0,1,0,0,0,0,30
"264",0,1,0,0,0,0,3
"265",0,1,0,0,0,0,18
"266",0,1,0,0,0,0,2
"267",0,1,0,0,0,0,1
"268",0,1,0,0,0,0,29
"269",0,1,0,0,0,0,6
"270",0,1,0,0,0,0,6
"271",0,1,0,0,0,0,6
"272",0,1,0,0,0,0,14
"273",0,1,0,0,0,0,2
"274",0,1,0,0,0,0,14
"275",0,1,0,0,0,0,4
"276",0,1,0,0,0,0,1
"277",0,1,0,0,0,0,7
"278",0,1,0,0,0,0,12
"279",0,1,0,0,0,0,7
"280",0,1,0,0,0,0,4
"281",0,1,0,0,0,0,119
"282",0,1,0,0,0,0,17
"283",0,1,0,0,0,0,2
"284",0,1,0,0,0,0,1
"285",0,1,0,0,0,0,25
"286",0,1,0,0,0,0,21
"287",0,1,0,0,0,0,3
"288",0,1,0,0,0,0,14
"289",0,1,0,0,0,0,150
"290",0,1,0,0,0,0,4
"291",0,1,0,0,0,0,4
"292",0,1,0,0,0,0,6
"293",0,1,0,0,0,0,2
"294",0,1,0,0,0,0,10
"295",0,1,0,0,0,0,2
"296",0,1,0,0,0,0,30
"297",0,1,0,0,0,0,3
"298",0,1,0,0,0,0,3
"299",0,1,0,0,0,0,3
"300",0,1,0,0,0,0,81
"301",0,1,0,0,0,0,6
"302",0,1,0,0,0,0,3
"303",0,1,0,0,0,0,11
"304",0,1,0,0,0,0,82
"305",0,1,0,0,0,0,7
"306",0,1,0,0,0,0,11
"307",0,1,0,0,0,0,13
"308",0,1,0,0,0,0,4
"309",0,1,0,0,0,0,15
"310",0,1,0,0,0,0,3
"311",0,1,0,0,0,0,41
"312",0,1,0,0,0,0,7
"313",0,1,0,0,0,0,14
"314",0,1,0,0,0,0,6
"315",0,1,0,0,0,0,50
"316",0,1,0,0,0,0,23
"317",0,1,0,0,0,0,20
"318",0,1,0,0,0,0,3
"319",0,1,0,0,0,0,6
"320",0,1,0,0,0,0,5
"321",0,1,0,0,0,0,64
"322",0,1,0,0,0,0,6
"323",0,1,0,0,0,0,42
"324",0,1,0,0,0,0,3
"325",0,1,0,0,0,0,3
"326",0,1,0,0,0,0,1
"327",0,1,0,0,0,0,6
"328",0,1,0,0,0,0,35
"329",0,1,0,0,0,0,41
"330",0,1,0,0,0,0,18
"331",0,1,0,0,0,0,3
"332",0,1,0,0,0,0,32
"333",0,1,0,0,0,0,4
"334",0,1,0,0,0,0,4
"335",0,1,0,0,0,0,18
"336",0,1,0,0,0,0,23
"337",0,1,0,0,0,0,4
"338",0,1,0,0,0,0,6
"339",0,1,0,0,0,0,33
"340",0,1,0,0,0,0,4
"341",0,1,0,0,0,0,1
"342",0,1,0,0,0,0,2
"343",0,1,0,0,0,0,6
"344",0,1,0,0,0,0,12
"345",0,1,0,0,0,0,5
"346",0,1,0,0,0,0,9
"347",0,1,0,0,0,0,14
"348",0,1,0,0,0,0,6
"349",0,1,0,0,0,0,7
"350",0,1,0,0,0,0,4
"351",0,1,0,0,0,0,11
"352",0,1,0,0,0,0,2
"353",0,1,0,0,0,0,2
"354",0,1,0,0,0,0,2
"355",0,1,0,0,0,0,41
"356",0,1,0,0,0,0,10
"357",0,1,0,0,0,0,29
"358",0,1,0,0,0,0,53
"359",0,1,0,0,0,0,32
"360",0,1,0,0,0,0,3
"361",0,1,0,0,0,0,14
"362",0,1,0,0,0,0,5
"363",0,1,0,0,0,0,10
"364",0,1,0,0,0,0,5
"365",0,1,0,0,0,0,6
"366",0,1,0,0,0,0,2
"367",0,1,0,0,0,0,8
"368",0,1,0,0,0,0,45
"369",0,1,0,0,0,0,7
"370",0,1,0,0,0,0,11
"371",0,1,0,0,0,0,3
"372",0,1,0,0,0,0,90
"373",0,1,0,0,0,0,2
"374",0,1,0,0,0,0,6
"375",0,1,0,0,0,0,6
"376",0,1,0,0,0,0,1
"377",0,1,0,0,0,0,30
"378",0,1,0,0,0,0,55
"379",0,1,0,0,0,0,1
"380",0,1,0,0,0,0,7
"381",0,1,0,0,0,0,5
"382",0,1,0,0,0,0,4
"383",0,1,0,0,0,0,10
"384",0,1,0,0,0,0,3
"385",0,1,0,0,0,0,14
"386",0,1,0,0,0,0,20
"387",0,1,0,0,0,0,42
"388",0,1,0,0,0,0,2
"389",0,1,0,0,0,0,10
"390",0,1,0,0,0,0,3
"391",0,1,0,0,0,0,5
"392",0,1,0,0,0,0,1
"393",0,1,0,0,0,0,2
"394",0,1,0,0,0,0,6
"395",0,1,0,0,0,0,5
"396",0,1,0,0,0,0,5
"397",0,1,0,0,0,0,82
"398",0,1,0,0,0,0,42
"399",0,1,0,0,0,0,47
"400",0,1,0,0,0,0,74
"401",0,1,0,0,0,0,3
"402",0,1,0,0,0,0,2
"403",0,1,0,0,0,0,7
"404",0,1,0,0,0,0,65
"405",0,1,0,0,0,0,3
"406",0,1,0,0,0,0,1
"407",0,1,0,0,0,0,3
"408",0,1,0,0,0,0,10
"409",0,1,0,0,0,0,2
"410",0,1,0,0,0,0,1
"411",0,1,0,0,0,0,26
"412",0,1,0,0,0,0,4
"413",0,1,0,0,0,0,4
"414",0,1,0,0,0,0,5
"415",0,1,0,0,0,0,126
"416",0,1,0,0,0,0,180
"417",0,1,0,0,0,0,20
"418",0,1,0,0,0,0,18
"419",0,1,0,0,0,0,1
"420",0,1,0,0,0,0,37
"421",0,1,0,0,0,0,30
"422",0,1,0,0,0,0,39
"423",0,1,0,0,0,0,8
"424",0,1,0,0,0,0,1
"425",0,1,0,0,0,0,13
"426",0,1,0,0,0,0,1
"427",0,1,0,0,0,0,3
"428",0,1,0,0,0,0,3
"429",0,1,0,0,0,0,3
"430",0,1,0,0,0,0,5
"431",0,1,0,0,0,0,4
"432",0,1,0,0,0,0,14
"433",0,1,0,0,0,0,6
"434",0,1,0,0,0,0,13
"435",0,1,0,0,0,0,4
"436",0,1,0,0,0,0,12
"437",0,1,0,0,0,0,3
"438",0,1,0,0,0,0,12
"439",0,1,0,0,0,0,29
"440",0,1,0,0,0,0,8
"441",0,1,0,0,0,0,30
"442",0,1,0,0,0,0,21
"443",0,1,0,0,0,0,81
"444",0,1,0,0,0,0,2
"445",0,1,0,0,0,0,2
"446",0,1,0,0,0,0,4
"447",0,1,0,0,0,0,33
"448",0,1,0,0,0,0,5
"449",0,1,0,0,0,0,7
"450",0,1,0,0,0,0,10
"451",0,1,0,0,0,0,10
"452",0,1,0,0,0,0,4
"453",0,1,0,0,0,0,2
"454",0,1,0,0,0,0,2
"455",0,1,0,0,0,0,4
"456",0,1,0,0,0,0,6
"457",0,1,0,0,0,0,35
"458",0,1,0,0,0,0,4
"459",0,1,0,0,0,0,7
"460",0,1,0,0,0,0,3
"461",0,1,0,0,0,0,7
"462",0,1,0,0,0,0,15
"463",0,1,0,0,0,0,5
"464",0,1,0,0,0,0,6
"465",0,1,0,0,0,0,7
"466",0,1,0,0,0,0,41
"467",0,1,0,0,0,0,15
"468",0,1,0,0,0,0,24
"469",0,1,0,0,0,0,21
"470",0,1,0,0,0,0,6
"471",0,1,0,0,0,0,20
"472",0,1,0,0,0,0,2
"473",0,1,0,0,0,0,3
"474",0,1,0,0,0,0,4
"475",0,1,0,0,0,0,6
"476",0,1,0,0,0,0,7
"477",0,1,0,0,0,0,10
"478",0,1,0,0,0,0,10
"479",0,1,0,0,0,0,3
"480",0,0,1,0,0,0,2
"481",0,0,1,0,0,0,6
"482",0,0,1,0,0,0,4
"483",0,0,1,0,0,0,1
"484",0,0,1,0,0,0,14
"485",0,0,1,0,0,0,8
"486",0,0,1,0,0,0,26
"487",0,0,1,0,0,0,5
"488",0,0,1,0,0,0,2
"489",0,0,1,0,0,0,6
"490",0,0,1,0,0,0,5
"491",0,0,1,0,0,0,3
"492",0,0,1,0,0,0,5
"493",0,0,1,0,0,0,1
"494",0,0,1,0,0,0,4
"495",0,0,1,0,0,0,3
"496",0,0,1,0,0,0,4
"497",0,0,1,0,0,0,3
"498",0,0,1,0,0,0,2
"499",0,0,1,0,0,0,4
"500",0,0,1,0,0,0,2
"501",0,0,1,0,0,0,15
"502",0,0,1,0,0,0,15
"503",0,0,1,0,0,0,4
"504",0,0,1,0,0,0,2
"505",0,0,1,0,0,0,3
"506",0,0,1,0,0,0,7
"507",0,0,1,0,0,0,129
"508",0,0,1,0,0,0,4
"509",0,0,1,0,0,0,4
"510",0,0,1,0,0,0,9
"511",0,0,1,0,0,0,10
"512",0,0,1,0,0,0,8
"513",0,0,1,0,0,0,14
"514",0,0,1,0,0,0,30
"515",0,0,1,0,0,0,10
"516",0,0,1,0,0,0,6
"517",0,0,1,0,0,0,30
"518",0,0,1,0,0,0,2
"519",0,0,1,0,0,0,6
"520",0,0,1,0,0,0,6
"521",0,0,1,0,0,0,2
"522",0,0,1,0,0,0,6
"523",0,0,1,0,0,0,4
"524",0,0,1,0,0,0,1
"525",0,0,1,0,0,0,14
"526",0,0,1,0,0,0,8
"527",0,0,1,0,0,0,6
"528",0,0,1,0,0,0,6
"529",0,0,1,0,0,0,7
"530",0,0,1,0,0,0,22
"531",0,0,1,0,0,0,3
"532",0,0,1,0,0,0,20
"533",0,0,1,0,0,0,16
"534",0,0,1,0,0,0,13
"535",0,0,1,0,0,0,16
"536",0,0,1,0,0,0,5
"537",0,0,1,0,0,0,2
"538",0,0,1,0,0,0,6
"539",0,0,1,0,0,0,5
"540",0,0,1,0,0,0,6
"541",0,0,1,0,0,0,5
"542",0,0,1,0,0,0,3
"543",0,0,1,0,0,0,3
"544",0,0,1,0,0,0,47
"545",0,0,1,0,0,0,10
"546",0,0,1,0,0,0,7
"547",0,0,1,0,0,0,1
"548",0,0,1,0,0,0,5
"549",0,0,1,0,0,0,1
"550",0,0,1,0,0,0,2
"551",0,0,1,0,0,0,5
"552",0,0,1,0,0,0,3
"553",0,0,1,0,0,0,7
"554",0,0,1,0,0,0,4
"555",0,0,1,0,0,0,5
"556",0,0,1,0,0,0,9
"557",0,0,1,0,0,0,5
"558",0,0,1,0,0,0,34
"559",0,0,1,0,0,0,18
"560",0,0,1,0,0,0,21
"561",0,0,1,0,0,0,5
"562",0,0,1,0,0,0,20
"563",0,0,1,0,0,0,7
"564",0,0,1,0,0,0,7
"565",0,0,1,0,0,0,8
"566",0,0,1,0,0,0,11
"567",0,0,1,0,0,0,2
"568",0,0,1,0,0,0,4
"569",0,0,1,0,0,0,2
"570",0,0,1,0,0,0,15
"571",0,0,1,0,0,0,15
"572",0,0,1,0,0,0,4
"573",0,0,1,0,0,0,5
"574",0,0,1,0,0,0,2
"575",0,0,1,0,0,0,3
"576",0,0,1,0,0,0,7
"577",0,0,1,0,0,0,129
"578",0,0,1,0,0,0,3
"579",0,0,1,0,0,0,60
"580",0,0,1,0,0,0,9
"581",0,0,1,0,0,0,2
"582",0,0,1,0,0,0,6
"583",0,0,1,0,0,0,3
"584",0,0,1,0,0,0,5
"585",0,0,1,0,0,0,4
"586",0,0,1,0,0,0,7
"587",0,0,1,0,0,0,4
"588",0,0,1,0,0,0,14
"589",0,0,1,0,0,0,2
"590",0,0,1,0,0,0,6
"591",0,0,1,0,0,0,4
"592",0,0,1,0,0,0,3
"593",0,0,1,0,0,0,2
"594",0,0,1,0,0,0,5
"595",0,0,1,0,0,0,5
"596",0,0,1,0,0,0,1
"597",0,0,1,0,0,0,12
"598",0,0,1,0,0,0,9
"599",0,0,1,0,0,0,7
"600",0,0,1,0,0,0,14
"601",0,0,1,0,0,0,7
"602",0,0,1,0,0,0,6
"603",0,0,1,0,0,0,1
"604",0,0,1,0,0,0,10
"605",0,0,1,0,0,0,12
"606",0,0,1,0,0,0,6
"607",0,0,1,0,0,0,6
"608",0,0,1,0,0,0,7
"609",0,0,1,0,0,0,10
"610",0,0,1,0,0,0,6
"611",0,0,1,0,0,0,22
"612",0,0,1,0,0,0,3
"613",0,0,1,0,0,0,20
"614",0,0,1,0,0,0,16
"615",0,0,1,0,0,0,8
"616",0,0,1,0,0,0,9
"617",0,0,1,0,0,0,7
"618",0,0,1,0,0,0,10
"619",0,0,1,0,0,0,8
"620",0,0,1,0,0,0,5
"621",0,0,1,0,0,0,14
"622",0,0,1,0,0,0,3
"623",0,0,1,0,0,0,9
"624",0,0,1,0,0,0,7
"625",0,0,1,0,0,0,6
"626",0,0,1,0,0,0,7
"627",0,0,1,0,0,0,5
"628",0,0,1,0,0,0,4
"629",0,0,1,0,0,0,1
"630",0,0,1,0,0,0,3
"631",0,0,1,0,0,0,2
"632",0,0,1,0,0,0,14
"633",0,0,1,0,0,0,13
"634",0,0,1,0,0,0,16
"635",0,0,1,0,0,0,7
"636",0,0,1,0,0,0,5
"637",0,0,1,0,0,0,2
"638",0,0,1,0,0,0,5
"639",0,0,1,0,0,0,5
"640",0,0,1,0,0,0,9
"641",0,0,1,0,0,0,3
"642",0,0,1,0,0,0,3
"643",0,0,1,0,0,0,3
"644",0,0,1,0,0,0,47
"645",0,0,1,0,0,0,3
"646",0,0,1,0,0,0,5
"647",0,0,1,0,0,0,4
"648",0,0,1,0,0,0,7
"649",0,0,1,0,0,0,8
"650",0,0,1,0,0,0,10
"651",0,0,1,0,0,0,4
"652",0,0,1,0,0,0,5
"653",0,0,1,0,0,0,12
"654",0,0,1,0,0,0,12
"655",0,0,1,0,0,0,1
"656",0,0,1,0,0,0,8
"657",0,0,1,0,0,0,5
"658",0,0,1,0,0,0,3
"659",0,0,1,0,0,0,3
"660",0,0,1,0,0,0,4
"661",0,0,1,0,0,0,7
"662",0,0,1,0,0,0,3
"663",0,0,1,0,0,0,3
"664",0,0,1,0,0,0,10
"665",0,0,1,0,0,0,1
"666",0,0,1,0,0,0,2
"667",0,0,1,0,0,0,5
"668",0,0,1,0,0,0,4
"669",0,0,1,0,0,0,4
"670",0,0,1,0,0,0,1
"671",0,0,1,0,0,0,4
"672",0,0,1,0,0,0,2
"673",0,0,1,0,0,0,4
"674",0,0,1,0,0,0,116
"675",0,0,1,0,0,0,3
"676",0,0,1,0,0,0,4
"677",0,0,1,0,0,0,5
"678",0,0,1,0,0,0,9
"679",0,0,1,0,0,0,5
"680",0,0,1,0,0,0,14
"681",0,0,1,0,0,0,34
"682",0,0,1,0,0,0,18
"683",0,0,1,0,0,0,2
"684",0,0,1,0,0,0,21
"685",0,0,1,0,0,0,11
"686",0,0,1,0,0,0,25
"687",0,0,1,0,0,0,5
"688",0,0,1,0,0,0,32
"689",0,0,1,0,0,0,74
"690",0,0,1,0,0,0,13
"691",0,0,1,0,0,0,25
"692",0,0,1,0,0,0,9
"693",0,0,1,0,0,0,30
"694",0,0,1,0,0,0,30
"695",0,0,1,0,0,0,12
"696",0,0,1,0,0,0,3
"697",0,0,1,0,0,0,5
"698",0,0,1,0,0,0,19
"699",0,0,1,0,0,0,15
"700",0,0,1,0,0,0,18
"701",0,0,1,0,0,0,2
"702",0,0,1,0,0,0,4
"703",0,0,1,0,0,0,3
"704",0,0,1,0,0,0,3
"705",0,0,1,0,0,0,4
"706",0,0,1,0,0,0,6
"707",0,0,1,0,0,0,16
"708",0,0,1,0,0,0,8
"709",0,0,1,0,0,0,7
"710",0,0,1,0,0,0,3
"711",0,0,1,0,0,0,20
"712",0,0,1,0,0,0,7
"713",0,0,1,0,0,0,7
"714",0,0,1,0,0,0,8
"715",0,0,1,0,0,0,11
"716",0,0,1,0,0,0,2
"717",0,0,1,0,0,0,8
"718",0,0,1,0,0,0,45
"719",0,0,1,0,0,0,60
"720",0,0,1,0,0,0,2
"721",0,0,1,0,0,0,7
"722",0,0,1,0,0,0,28
"723",0,0,1,0,0,0,9
"724",0,0,1,0,0,0,2
"725",0,0,1,0,0,0,4
"726",0,0,1,0,0,0,2
"727",0,0,1,0,0,0,8
"728",0,0,1,0,0,0,15
"729",0,0,1,0,0,0,7
"730",0,0,1,0,0,0,6
"731",0,0,1,0,0,0,14
"732",0,0,1,0,0,0,4
"733",0,0,1,0,0,0,12
"734",0,0,1,0,0,0,8
"735",0,0,1,0,0,0,5
"736",0,0,1,0,0,0,6
"737",0,0,1,0,0,0,21
"738",0,0,1,0,0,0,3
"739",0,0,1,0,0,0,7
"740",0,0,1,0,0,0,5
"741",0,0,1,0,0,0,6
"742",0,0,1,0,0,0,5
"743",0,0,1,0,0,0,3
"744",0,0,1,0,0,0,9
"745",0,0,1,0,0,0,5
"746",0,0,1,0,0,0,3
"747",0,0,1,0,0,0,3
"748",0,0,1,0,0,0,4
"749",0,0,1,0,0,0,49
"750",0,0,1,0,0,0,10
"751",0,0,1,0,0,0,3
"752",0,0,1,0,0,0,8
"753",0,0,1,0,0,0,5
"754",0,0,1,0,0,0,2
"755",0,0,1,0,0,0,4
"756",0,0,1,0,0,0,5
"757",0,0,1,0,0,0,13
"758",0,0,1,0,0,0,3
"759",0,0,1,0,0,0,7
"760",0,0,1,0,0,0,5
"761",0,0,1,0,0,0,129
"762",0,0,1,0,0,0,3
"763",0,0,1,0,0,0,3
"764",0,0,1,0,0,0,38
"765",0,0,1,0,0,0,17
"766",0,0,1,0,0,0,5
"767",0,0,1,0,0,0,2
"768",0,0,1,0,0,0,6
"769",0,0,1,0,0,0,3
"770",0,0,1,0,0,0,5
"771",0,0,1,0,0,0,4
"772",0,0,1,0,0,0,7
"773",0,0,1,0,0,0,4
"774",0,0,1,0,0,0,15
"775",0,0,1,0,0,0,21
"776",0,0,1,0,0,0,1
"777",0,0,1,0,0,0,10
"778",0,0,1,0,0,0,4
"779",0,0,1,0,0,0,4
"780",0,0,1,0,0,0,2
"781",0,0,1,0,0,0,2
"782",0,0,1,0,0,0,8
"783",0,0,1,0,0,0,15
"784",0,0,1,0,0,0,6
"785",0,0,1,0,0,0,21
"786",0,0,1,0,0,0,4
"787",0,0,1,0,0,0,6
"788",0,0,1,0,0,0,5
"789",0,0,1,0,0,0,23
"790",0,0,1,0,0,0,48
"791",0,0,1,0,0,0,18
"792",0,0,1,0,0,0,2
"793",0,0,1,0,0,0,5
"794",0,0,1,0,0,0,2
"795",0,0,1,0,0,0,4
"796",0,0,1,0,0,0,2
"797",0,0,1,0,0,0,4
"798",0,0,1,0,0,0,4
"799",0,0,1,0,0,0,2
"800",0,0,1,0,0,0,60
"801",0,0,1,0,0,0,5
"802",0,0,1,0,0,0,3
"803",0,0,1,0,0,0,65
"804",0,0,1,0,0,0,5
"805",0,0,1,0,0,0,2
"806",0,0,1,0,0,0,30
"807",0,0,1,0,0,0,11
"808",0,0,1,0,0,0,50
"809",0,0,1,0,0,0,3
"810",0,0,1,0,0,0,5
"811",0,0,1,0,0,0,8
"812",0,0,1,0,0,0,10
"813",0,0,1,0,0,0,3
"814",0,0,1,0,0,0,5
"815",0,0,1,0,0,0,5
"816",0,0,1,0,0,0,12
"817",0,0,1,0,0,0,4
"818",0,0,1,0,0,0,2
"819",0,0,1,0,0,0,3
"820",0,0,1,0,0,0,5
"821",0,0,1,0,0,0,12
"822",0,0,1,0,0,0,4
"823",0,0,1,0,0,0,6
"824",0,0,1,0,0,0,13
"825",0,0,1,0,0,0,2
"826",0,0,1,0,0,0,16
"827",0,0,1,0,0,0,3
"828",0,0,1,0,0,0,4
"829",0,0,1,0,0,0,3
"830",0,0,1,0,0,0,3
"831",0,0,1,0,0,0,1
"832",0,0,1,0,0,0,7
"833",0,0,1,0,0,0,18
"834",0,0,1,0,0,0,2
"835",0,0,1,0,0,0,32
"836",0,0,1,0,0,0,5
"837",0,0,1,0,0,0,11
"838",0,0,1,0,0,0,8
"839",0,0,1,0,0,0,5
"840",0,0,1,0,0,0,2
"841",0,0,1,0,0,0,1
"842",0,0,1,0,0,0,2
"843",0,0,1,0,0,0,2
"844",0,0,1,0,0,0,3
"845",0,0,1,0,0,0,3
"846",0,0,1,0,0,0,16
"847",0,0,1,0,0,0,8
"848",0,0,1,0,0,0,5
"849",0,0,1,0,0,0,11
"850",0,0,1,0,0,0,2
"851",0,0,1,0,0,0,10
"852",0,0,1,0,0,0,1
"853",0,0,1,0,0,0,13
"854",0,0,1,0,0,0,4
"855",0,0,1,0,0,0,3
"856",0,0,1,0,0,0,3
"857",0,0,1,0,0,0,2
"858",0,0,1,0,0,0,3
"859",0,0,1,0,0,0,3
"860",0,0,1,0,0,0,2
"861",0,0,1,0,0,0,3
"862",0,0,1,0,0,0,2
"863",0,0,1,0,0,0,2
"864",0,0,1,0,0,0,7
"865",0,0,1,0,0,0,89
"866",0,0,1,0,0,0,1
"867",0,0,1,0,0,0,18
"868",0,0,1,0,0,0,6
"869",0,0,1,0,0,0,60
"870",0,0,1,0,0,0,35
"871",0,0,1,0,0,0,2
"872",0,0,1,0,0,0,11
"873",0,0,1,0,0,0,6
"874",0,0,1,0,0,0,7
"875",0,0,1,0,0,0,5
"876",0,0,1,0,0,0,2
"877",0,0,1,0,0,0,3
"878",0,0,1,0,0,0,2
"879",0,0,1,0,0,0,5
"880",0,0,1,0,0,0,10
"881",0,0,1,0,0,0,4
"882",0,0,1,0,0,0,6
"883",0,0,1,0,0,0,14
"884",0,0,1,0,0,0,4
"885",0,0,1,0,0,0,7
"886",0,0,1,0,0,0,4
"887",0,0,1,0,0,0,3
"888",0,0,1,0,0,0,1
"889",0,0,1,0,0,0,24
"890",0,0,1,0,0,0,7
"891",0,0,1,0,0,0,10
"892",0,0,1,0,0,0,8
"893",0,0,1,0,0,0,6
"894",0,0,1,0,0,0,3
"895",0,0,1,0,0,0,3
"896",0,0,1,0,0,0,2
"897",0,0,1,0,0,0,7
"898",0,0,1,0,0,0,4
"899",0,0,1,0,0,0,4
"900",0,0,1,0,0,0,3
"901",0,0,1,0,0,0,3
"902",0,0,1,0,0,0,5
"903",0,0,1,0,0,0,4
"904",0,0,1,0,0,0,4
"905",0,0,1,0,0,0,5
"906",0,0,1,0,0,0,4
"907",0,0,1,0,0,0,2
"908",0,0,1,0,0,0,5
"909",0,0,1,0,0,0,31
"910",0,0,1,0,0,0,10
"911",0,0,1,0,0,0,3
"912",0,0,1,0,0,0,8
"913",0,0,1,0,0,0,9
"914",0,0,1,0,0,0,6
"915",0,0,1,0,0,0,13
"916",0,0,1,0,0,0,5
"917",0,0,1,0,0,0,4
"918",0,0,1,0,0,0,7
"919",0,0,1,0,0,0,13
"920",0,0,1,0,0,0,7
"921",0,0,1,0,0,0,7
"922",0,0,1,0,0,0,6
"923",0,0,1,0,0,0,4
"924",0,0,1,0,0,0,4
"925",0,0,1,0,0,0,11
"926",0,0,1,0,0,0,2
"927",0,0,1,0,0,0,4
"928",0,0,1,0,0,0,2
"929",0,0,1,0,0,0,2
"930",0,0,1,0,0,0,3
"931",0,0,1,0,0,0,1
"932",0,0,1,0,0,0,6
"933",0,0,1,0,0,0,5
"934",0,0,1,0,0,0,9
"935",0,0,1,0,0,0,3
"936",0,0,1,0,0,0,14
"937",0,0,1,0,0,0,14
"938",0,0,1,0,0,0,4
"939",0,0,1,0,0,0,5
"940",0,0,1,0,0,0,2
"941",0,0,1,0,0,0,4
"942",0,0,1,0,0,0,4
"943",0,0,1,0,0,0,15
"944",0,0,1,0,0,0,9
"945",0,0,1,0,0,0,10
"946",0,0,1,0,0,0,21
"947",0,0,1,0,0,0,19
"948",0,0,1,0,0,0,1
"949",0,0,1,0,0,0,1
"950",0,0,1,0,0,0,2
"951",0,0,1,0,0,0,7
"952",0,0,1,0,0,0,4
"953",0,0,1,0,0,0,30
"954",0,0,1,0,0,0,13
"955",0,0,1,0,0,0,10
"956",0,0,1,0,0,0,16
"957",0,0,1,0,0,0,5
"958",0,0,1,0,0,0,3
"959",0,0,1,0,0,0,7
"960",0,0,1,0,0,0,56
"961",0,0,1,0,0,0,8
"962",0,0,1,0,0,0,12
"963",0,0,1,0,0,0,6
"964",0,0,1,0,0,0,10
"965",0,0,1,0,0,0,2
"966",0,0,1,0,0,0,10
"967",0,0,1,0,0,0,2
"968",0,0,1,0,0,0,7
"969",0,0,1,0,0,0,4
"970",0,0,1,0,0,0,4
"971",0,0,1,0,0,0,5
"972",0,0,1,0,0,0,5
"973",0,0,1,0,0,0,5
"974",0,0,1,0,0,0,5
"975",0,0,1,0,0,0,1
"976",0,0,1,0,0,0,3
"977",0,0,1,0,0,0,3
"978",0,0,1,0,0,0,3
"979",0,0,1,0,0,0,1
"980",0,0,1,0,0,0,3
"981",0,0,1,0,0,0,25
"982",0,0,1,0,0,0,6
"983",0,0,1,0,0,0,2
"984",0,0,1,0,0,0,1
"985",0,0,1,0,0,0,6
"986",0,0,1,0,0,0,19
"987",0,0,1,0,0,0,3
"988",0,0,1,0,0,0,2
"989",0,0,1,0,0,0,18
"990",0,0,1,0,0,0,4
"991",0,0,1,0,0,0,7
"992",0,0,1,0,0,0,6
"993",0,0,1,0,0,0,31
"994",0,0,1,0,0,0,5
"995",0,0,1,0,0,0,60
"996",0,0,1,0,0,0,8
"997",0,0,1,0,0,0,2
"998",0,0,1,0,0,0,6
"999",0,0,1,0,0,0,3
"1000",0,0,1,0,0,0,120
"1001",0,0,1,0,0,0,4
"1002",0,0,1,0,0,0,4
"1003",0,0,1,0,0,0,5
"1004",0,0,1,0,0,0,6
"1005",0,0,1,0,0,0,8
"1006",0,0,1,0,0,0,3
"1007",0,0,1,0,0,0,8
"1008",0,0,1,0,0,0,4
"1009",0,0,1,0,0,0,15
"1010",0,0,1,0,0,0,5
"1011",0,0,1,0,0,0,6
"1012",0,0,1,0,0,0,15
"1013",0,0,1,0,0,0,5
"1014",0,0,1,0,0,0,4
"1015",0,0,1,0,0,0,6
"1016",0,0,1,0,0,0,4
"1017",0,0,1,0,0,0,5
"1018",0,0,1,0,0,0,2
"1019",0,0,1,0,0,0,3
"1020",0,0,1,0,0,0,15
"1021",0,0,1,0,0,0,48
"1022",0,0,1,0,0,0,35
"1023",0,0,1,0,0,0,2
"1024",0,0,1,0,0,0,26
"1025",0,0,1,0,0,0,6
"1026",0,0,1,0,0,0,7
"1027",0,0,1,0,0,0,8
"1028",0,0,1,0,0,0,7
"1029",0,0,1,0,0,0,6
"1030",0,0,1,0,0,0,2
"1031",0,0,1,0,0,0,3
"1032",0,0,1,0,0,0,7
"1033",0,0,1,0,0,0,15
"1034",0,0,1,0,0,0,14
"1035",0,0,1,0,0,0,3
"1036",0,0,1,0,0,0,2
"1037",0,0,1,0,0,0,5
"1038",0,0,1,0,0,0,2
"1039",0,0,1,0,0,0,3
"1040",0,0,1,0,0,0,5
"1041",0,0,1,0,0,0,3
"1042",0,0,1,0,0,0,3
"1043",0,0,1,0,0,0,14
"1044",0,0,1,0,0,0,1
"1045",0,0,1,0,0,0,21
"1046",0,0,1,0,0,0,1
"1047",0,0,1,0,0,0,2
"1048",0,0,1,0,0,0,3
"1049",0,0,1,0,0,0,3
"1050",0,0,1,0,0,0,4
"1051",0,0,1,0,0,0,3
"1052",0,0,1,0,0,0,4
"1053",0,0,1,0,0,0,8
"1054",0,0,1,0,0,0,3
"1055",0,0,1,0,0,0,3
"1056",0,0,1,0,0,0,5
"1057",0,0,1,0,0,0,7
"1058",0,0,1,0,0,0,3
"1059",0,0,1,0,0,0,3
"1060",0,0,1,0,0,0,12
"1061",0,0,1,0,0,0,2
"1062",0,0,1,0,0,0,8
"1063",0,0,1,0,0,0,3
"1064",0,0,1,0,0,0,2
"1065",0,0,1,0,0,0,3
"1066",0,0,1,0,0,0,3
"1067",0,0,1,0,0,0,8
"1068",0,0,1,0,0,0,38
"1069",0,0,1,0,0,0,12
"1070",0,0,1,0,0,0,7
"1071",0,0,1,0,0,0,3
"1072",0,0,1,0,0,0,2
"1073",0,0,1,0,0,0,1
"1074",0,0,1,0,0,0,3
"1075",0,0,0,1,0,0,3
"1076",0,0,0,1,0,0,3
"1077",0,0,0,1,0,0,6
"1078",0,0,0,1,0,0,3
"1079",0,0,0,1,0,0,16
"1080",0,0,0,1,0,0,17
"1081",0,0,0,1,0,0,6
"1082",0,0,0,1,0,0,26
"1083",0,0,0,1,0,0,3
"1084",0,0,0,1,0,0,56
"1085",0,0,0,1,0,0,3
"1086",0,0,0,1,0,0,8
"1087",0,0,0,1,0,0,1
"1088",0,0,0,1,0,0,18
"1089",0,0,0,1,0,0,9
"1090",0,0,0,1,0,0,10
"1091",0,0,0,1,0,0,3
"1092",0,0,0,1,0,0,5
"1093",0,0,0,1,0,0,2
"1094",0,0,0,1,0,0,49
"1095",0,0,0,1,0,0,4
"1096",0,0,0,1,0,0,4
"1097",0,0,0,1,0,0,2
"1098",0,0,0,1,0,0,5
"1099",0,0,0,1,0,0,10
"1100",0,0,0,1,0,0,5
"1101",0,0,0,1,0,0,18
"1102",0,0,0,1,0,0,2
"1103",0,0,0,1,0,0,27
"1104",0,0,0,1,0,0,8
"1105",0,0,0,1,0,0,7
"1106",0,0,0,1,0,0,5
"1107",0,0,0,1,0,0,14
"1108",0,0,0,1,0,0,13
"1109",0,0,0,1,0,0,8
"1110",0,0,0,1,0,0,14
"1111",0,0,0,1,0,0,4
"1112",0,0,0,1,0,0,15
"1113",0,0,0,1,0,0,6
"1114",0,0,0,1,0,0,20
"1115",0,0,0,1,0,0,7
"1116",0,0,0,1,0,0,57
"1117",0,0,0,1,0,0,3
"1118",0,0,0,1,0,0,3
"1119",0,0,0,1,0,0,6
"1120",0,0,0,1,0,0,45
"1121",0,0,0,1,0,0,3
"1122",0,0,0,1,0,0,14
"1123",0,0,0,1,0,0,17
"1124",0,0,0,1,0,0,8
"1125",0,0,0,1,0,0,6
"1126",0,0,0,1,0,0,4
"1127",0,0,0,1,0,0,3
"1128",0,0,0,1,0,0,2
"1129",0,0,0,1,0,0,3
"1130",0,0,0,1,0,0,3
"1131",0,0,0,1,0,0,6
"1132",0,0,0,1,0,0,26
"1133",0,0,0,1,0,0,4
"1134",0,0,0,1,0,0,56
"1135",0,0,0,1,0,0,3
"1136",0,0,0,1,0,0,8
"1137",0,0,0,1,0,0,1
"1138",0,0,0,1,0,0,1
"1139",0,0,0,1,0,0,3
"1140",0,0,0,1,0,0,10
"1141",0,0,0,1,0,0,5
"1142",0,0,0,1,0,0,10
"1143",0,0,0,1,0,0,8
"1144",0,0,0,1,0,0,51
"1145",0,0,0,1,0,0,10
"1146",0,0,0,1,0,0,30
"1147",0,0,0,1,0,0,6
"1148",0,0,0,1,0,0,7
"1149",0,0,0,1,0,0,5
"1150",0,0,0,1,0,0,7
"1151",0,0,0,1,0,0,8
"1152",0,0,0,1,0,0,11
"1153",0,0,0,1,0,0,10
"1154",0,0,0,1,0,0,12
"1155",0,0,0,1,0,0,14
"1156",0,0,0,1,0,0,3
"1157",0,0,0,1,0,0,10
"1158",0,0,0,1,0,0,24
"1159",0,0,0,1,0,0,8
"1160",0,0,0,1,0,0,10
"1161",0,0,0,1,0,0,9
"1162",0,0,0,1,0,0,7
"1163",0,0,0,1,0,0,2
"1164",0,0,0,1,0,0,49
"1165",0,0,0,1,0,0,4
"1166",0,0,0,1,0,0,4
"1167",0,0,0,1,0,0,2
"1168",0,0,0,1,0,0,9
"1169",0,0,0,1,0,0,9
"1170",0,0,0,1,0,0,5
"1171",0,0,0,1,0,0,10
"1172",0,0,0,1,0,0,5
"1173",0,0,0,1,0,0,18
"1174",0,0,0,1,0,0,5
"1175",0,0,0,1,0,0,10
"1176",0,0,0,1,0,0,7
"1177",0,0,0,1,0,0,3
"1178",0,0,0,1,0,0,6
"1179",0,0,0,1,0,0,3
"1180",0,0,0,1,0,0,3
"1181",0,0,0,1,0,0,5
"1182",0,0,0,1,0,0,2
"1183",0,0,0,1,0,0,5
"1184",0,0,0,1,0,0,3
"1185",0,0,0,1,0,0,3
"1186",0,0,0,1,0,0,6
"1187",0,0,0,1,0,0,3
"1188",0,0,0,1,0,0,7
"1189",0,0,0,1,0,0,16
"1190",0,0,0,1,0,0,6
"1191",0,0,0,1,0,0,45
"1192",0,0,0,1,0,0,3
"1193",0,0,0,1,0,0,13
"1194",0,0,0,1,0,0,21
"1195",0,0,0,1,0,0,5
"1196",0,0,0,1,0,0,14
"1197",0,0,0,1,0,0,17
"1198",0,0,0,1,0,0,15
"1199",0,0,0,1,0,0,1
"1200",0,0,0,1,0,0,10
"1201",0,0,0,1,0,0,8
"1202",0,0,0,1,0,0,8
"1203",0,0,0,1,0,0,6
"1204",0,0,0,1,0,0,4
"1205",0,0,0,1,0,0,6
"1206",0,0,0,1,0,0,8
"1207",0,0,0,1,0,0,3
"1208",0,0,0,1,0,0,2
"1209",0,0,0,1,0,0,3
"1210",0,0,0,1,0,0,3
"1211",0,0,0,1,0,0,7
"1212",0,0,0,1,0,0,6
"1213",0,0,0,1,0,0,7
"1214",0,0,0,1,0,0,10
"1215",0,0,0,1,0,0,10
"1216",0,0,0,1,0,0,11
"1217",0,0,0,1,0,0,12
"1218",0,0,0,1,0,0,30
"1219",0,0,0,1,0,0,12
"1220",0,0,0,1,0,0,15
"1221",0,0,0,1,0,0,3
"1222",0,0,0,1,0,0,1
"1223",0,0,0,1,0,0,2
"1224",0,0,0,1,0,0,3
"1225",0,0,0,1,0,0,10
"1226",0,0,0,1,0,0,5
"1227",0,0,0,1,0,0,2
"1228",0,0,0,1,0,0,2
"1229",0,0,0,1,0,0,3
"1230",0,0,0,1,0,0,4
"1231",0,0,0,1,0,0,6
"1232",0,0,0,1,0,0,26
"1233",0,0,0,1,0,0,5
"1234",0,0,0,1,0,0,4
"1235",0,0,0,1,0,0,7
"1236",0,0,0,1,0,0,3
"1237",0,0,0,1,0,0,8
"1238",0,0,0,1,0,0,1
"1239",0,0,0,1,0,0,1
"1240",0,0,0,1,0,0,3
"1241",0,0,0,1,0,0,10
"1242",0,0,0,1,0,0,18
"1243",0,0,0,1,0,0,4
"1244",0,0,0,1,0,0,5
"1245",0,0,0,1,0,0,9
"1246",0,0,0,1,0,0,7
"1247",0,0,0,1,0,0,5
"1248",0,0,0,1,0,0,10
"1249",0,0,0,1,0,0,16
"1250",0,0,0,1,0,0,4
"1251",0,0,0,1,0,0,2
"1252",0,0,0,1,0,0,8
"1253",0,0,0,1,0,0,2
"1254",0,0,0,1,0,0,1
"1255",0,0,0,1,0,0,8
"1256",0,0,0,1,0,0,2
"1257",0,0,0,1,0,0,4
"1258",0,0,0,1,0,0,3
"1259",0,0,0,1,0,0,51
"1260",0,0,0,1,0,0,3
"1261",0,0,0,1,0,0,1
"1262",0,0,0,1,0,0,12
"1263",0,0,0,1,0,0,30
"1264",0,0,0,1,0,0,6
"1265",0,0,0,1,0,0,7
"1266",0,0,0,1,0,0,5
"1267",0,0,0,1,0,0,4
"1268",0,0,0,1,0,0,3
"1269",0,0,0,1,0,0,5
"1270",0,0,0,1,0,0,7
"1271",0,0,0,1,0,0,8
"1272",0,0,0,1,0,0,11
"1273",0,0,0,1,0,0,10
"1274",0,0,0,1,0,0,8
"1275",0,0,0,1,0,0,12
"1276",0,0,0,1,0,0,14
"1277",0,0,0,1,0,0,3
"1278",0,0,0,1,0,0,3
"1279",0,0,0,1,0,0,10
"1280",0,0,0,1,0,0,60
"1281",0,0,0,1,0,0,6
"1282",0,0,0,1,0,0,10
"1283",0,0,0,1,0,0,21
"1284",0,0,0,1,0,0,16
"1285",0,0,0,1,0,0,20
"1286",0,0,0,1,0,0,16
"1287",0,0,0,1,0,0,22
"1288",0,0,0,1,0,0,31
"1289",0,0,0,1,0,0,23
"1290",0,0,0,1,0,0,5
"1291",0,0,0,1,0,0,31
"1292",0,0,0,1,0,0,27
"1293",0,0,0,1,0,0,4
"1294",0,0,0,1,0,0,3
"1295",0,0,0,1,0,0,80
"1296",0,0,0,1,0,0,1
"1297",0,0,0,1,0,0,4
"1298",0,0,0,1,0,0,14
"1299",0,0,0,1,0,0,3
"1300",0,0,0,1,0,0,4
"1301",0,0,0,1,0,0,2
"1302",0,0,0,1,0,0,10
"1303",0,0,0,1,0,0,30
"1304",0,0,0,1,0,0,2
"1305",0,0,0,1,0,0,10
"1306",0,0,0,1,0,0,24
"1307",0,0,0,1,0,0,8
"1308",0,0,0,1,0,0,10
"1309",0,0,0,1,0,0,9
"1310",0,0,0,1,0,0,7
"1311",0,0,0,1,0,0,4
"1312",0,0,0,1,0,0,4
"1313",0,0,0,1,0,0,1
"1314",0,0,0,1,0,0,4
"1315",0,0,0,1,0,0,2
"1316",0,0,0,1,0,0,8
"1317",0,0,0,1,0,0,1
"1318",0,0,0,1,0,0,5
"1319",0,0,0,1,0,0,2
"1320",0,0,0,1,0,0,49
"1321",0,0,0,1,0,0,4
"1322",0,0,0,1,0,0,4
"1323",0,0,0,1,0,0,2
"1324",0,0,0,1,0,0,3
"1325",0,0,0,1,0,0,4
"1326",0,0,0,1,0,0,10
"1327",0,0,0,1,0,0,17
"1328",0,0,0,1,0,0,12
"1329",0,0,0,1,0,0,14
"1330",0,0,0,1,0,0,9
"1331",0,0,0,1,0,0,6
"1332",0,0,0,1,0,0,6
"1333",0,0,0,1,0,0,4
"1334",0,0,0,1,0,0,7
"1335",0,0,0,1,0,0,4
"1336",0,0,0,1,0,0,5
"1337",0,0,0,1,0,0,4
"1338",0,0,0,1,0,0,5
"1339",0,0,0,1,0,0,6
"1340",0,0,0,1,0,0,6
"1341",0,0,0,1,0,0,3
"1342",0,0,0,1,0,0,13
"1343",0,0,0,1,0,0,2
"1344",0,0,0,1,0,0,9
"1345",0,0,0,1,0,0,5
"1346",0,0,0,1,0,0,7
"1347",0,0,0,1,0,0,4
"1348",0,0,0,1,0,0,7
"1349",0,0,0,1,0,0,9
"1350",0,0,0,1,0,0,7
"1351",0,0,0,1,0,0,5
"1352",0,0,0,1,0,0,10
"1353",0,0,0,1,0,0,5
"1354",0,0,0,1,0,0,1
"1355",0,0,0,1,0,0,18
"1356",0,0,0,1,0,0,4
"1357",0,0,0,1,0,0,5
"1358",0,0,0,1,0,0,12
"1359",0,0,0,1,0,0,27
"1360",0,0,0,1,0,0,7
"1361",0,0,0,1,0,0,3
"1362",0,0,0,1,0,0,6
"1363",0,0,0,1,0,0,3
"1364",0,0,0,1,0,0,3
"1365",0,0,0,1,0,0,5
"1366",0,0,0,1,0,0,50
"1367",0,0,0,1,0,0,4
"1368",0,0,0,1,0,0,1
"1369",0,0,0,1,0,0,6
"1370",0,0,0,1,0,0,5
"1371",0,0,0,1,0,0,30
"1372",0,0,0,1,0,0,38
"1373",0,0,0,1,0,0,11
"1374",0,0,0,1,0,0,91
"1375",0,0,0,1,0,0,7
"1376",0,0,0,1,0,0,22
"1377",0,0,0,1,0,0,5
"1378",0,0,0,1,0,0,5
"1379",0,0,0,1,0,0,5
"1380",0,0,0,1,0,0,2
"1381",0,0,0,1,0,0,32
"1382",0,0,0,1,0,0,14
"1383",0,0,0,1,0,0,4
"1384",0,0,0,1,0,0,14
"1385",0,0,0,1,0,0,4
"1386",0,0,0,1,0,0,4
"1387",0,0,0,1,0,0,2
"1388",0,0,0,1,0,0,6
"1389",0,0,0,1,0,0,4
"1390",0,0,0,1,0,0,3
"1391",0,0,0,1,0,0,4
"1392",0,0,0,1,0,0,4
"1393",0,0,0,1,0,0,3
"1394",0,0,0,1,0,0,4
"1395",0,0,0,1,0,0,40
"1396",0,0,0,1,0,0,2
"1397",0,0,0,1,0,0,3
"1398",0,0,0,1,0,0,3
"1399",0,0,0,1,0,0,13
"1400",0,0,0,1,0,0,180
"1401",0,0,0,1,0,0,4
"1402",0,0,0,1,0,0,5
"1403",0,0,0,1,0,0,15
"1404",0,0,0,1,0,0,52
"1405",0,0,0,1,0,0,9
"1406",0,0,0,1,0,0,21
"1407",0,0,0,1,0,0,5
"1408",0,0,0,1,0,0,7
"1409",0,0,0,1,0,0,10
"1410",0,0,0,1,0,0,1
"1411",0,0,0,1,0,0,9
"1412",0,0,0,1,0,0,1
"1413",0,0,0,1,0,0,19
"1414",0,0,0,1,0,0,3
"1415",0,0,0,1,0,0,11
"1416",0,0,0,1,0,0,2
"1417",0,0,0,1,0,0,102
"1418",0,0,0,1,0,0,6
"1419",0,0,0,1,0,0,3
"1420",0,0,0,1,0,0,36
"1421",0,0,0,1,0,0,3
"1422",0,0,0,1,0,0,5
"1423",0,0,0,1,0,0,4
"1424",0,0,0,1,0,0,4
"1425",0,0,0,1,0,0,1
"1426",0,0,0,1,0,0,7
"1427",0,0,0,1,0,0,1
"1428",0,0,0,1,0,0,2
"1429",0,0,0,1,0,0,6
"1430",0,0,0,1,0,0,1
"1431",0,0,0,1,0,0,11
"1432",0,0,0,1,0,0,22
"1433",0,0,0,1,0,0,7
"1434",0,0,0,1,0,0,4
"1435",0,0,0,1,0,0,28
"1436",0,0,0,1,0,0,2
"1437",0,0,0,1,0,0,14
"1438",0,0,0,1,0,0,2
"1439",0,0,0,1,0,0,2
"1440",0,0,0,1,0,0,3
"1441",0,0,0,1,0,0,11
"1442",0,0,0,1,0,0,5
"1443",0,0,0,1,0,0,7
"1444",0,0,0,1,0,0,4
"1445",0,0,0,1,0,0,14
"1446",0,0,0,1,0,0,2
"1447",0,0,0,1,0,0,3
"1448",0,0,0,1,0,0,7
"1449",0,0,0,1,0,0,2
"1450",0,0,0,1,0,0,7
"1451",0,0,0,1,0,0,2
"1452",0,0,0,1,0,0,2
"1453",0,0,0,1,0,0,6
"1454",0,0,0,1,0,0,3
"1455",0,0,0,1,0,0,7
"1456",0,0,0,1,0,0,10
"1457",0,0,0,1,0,0,10
"1458",0,0,0,1,0,0,10
"1459",0,0,0,1,0,0,5
"1460",0,0,0,1,0,0,8
"1461",0,0,0,1,0,0,7
"1462",0,0,0,1,0,0,12
"1463",0,0,0,1,0,0,3
"1464",0,0,0,1,0,0,4
"1465",0,0,0,1,0,0,4
"1466",0,0,0,1,0,0,30
"1467",0,0,0,1,0,0,3
"1468",0,0,0,1,0,0,7
"1469",0,0,0,1,0,0,35
"1470",0,0,0,1,0,0,7
"1471",0,0,0,1,0,0,2
"1472",0,0,0,1,0,0,5
"1473",0,0,0,1,0,0,4
"1474",0,0,0,1,0,0,4
"1475",0,0,0,1,0,0,6
"1476",0,0,0,1,0,0,6
"1477",0,0,0,1,0,0,4
"1478",0,0,0,1,0,0,3
"1479",0,0,0,1,0,0,4
"1480",0,0,0,1,0,0,6
"1481",0,0,0,1,0,0,8
"1482",0,0,0,1,0,0,7
"1483",0,0,0,1,0,0,6
"1484",0,0,0,1,0,0,5
"1485",0,0,0,1,0,0,8
"1486",0,0,0,1,0,0,4
"1487",0,0,0,1,0,0,3
"1488",0,0,0,1,0,0,4
"1489",0,0,0,1,0,0,50
"1490",0,0,0,1,0,0,2
"1491",0,0,0,1,0,0,2
"1492",0,0,0,1,0,0,2
"1493",0,0,0,1,0,0,4
"1494",0,0,0,1,0,0,7
"1495",0,0,0,1,0,0,7
"1496",0,0,0,1,0,0,2
"1497",0,0,0,1,0,0,4
"1498",0,0,0,1,0,0,4
"1499",0,0,0,1,0,0,12
"1500",0,0,0,1,0,0,18
"1501",0,0,0,1,0,0,13
"1502",0,0,0,1,0,0,19
"1503",0,0,0,1,0,0,9
"1504",0,0,0,1,0,0,4
"1505",0,0,0,1,0,0,8
"1506",0,0,0,1,0,0,8
"1507",0,0,0,1,0,0,10
"1508",0,0,0,1,0,0,7
"1509",0,0,0,1,0,0,4
"1510",0,0,0,1,0,0,4
"1511",0,0,0,1,0,0,6
"1512",0,0,0,1,0,0,41
"1513",0,0,0,1,0,0,7
"1514",0,0,0,1,0,0,21
"1515",0,0,0,1,0,0,3
"1516",0,0,0,1,0,0,2
"1517",0,0,0,1,0,0,70
"1518",0,0,0,1,0,0,4
"1519",0,0,0,1,0,0,2
"1520",0,0,0,1,0,0,3
"1521",0,0,0,1,0,0,3
"1522",0,0,0,1,0,0,1
"1523",0,0,0,1,0,0,8
"1524",0,0,0,1,0,0,3
"1525",0,0,0,1,0,0,3
"1526",0,0,0,1,0,0,27
"1527",0,0,0,1,0,0,2
"1528",0,0,0,1,0,0,17
"1529",0,0,0,1,0,0,16
"1530",0,0,0,1,0,0,5
"1531",0,0,0,1,0,0,8
"1532",0,0,0,1,0,0,10
"1533",0,0,0,1,0,0,2
"1534",0,0,0,1,0,0,13
"1535",0,0,0,1,0,0,5
"1536",0,0,0,1,0,0,4
"1537",0,0,0,1,0,0,5
"1538",0,0,0,1,0,0,14
"1539",0,0,0,1,0,0,30
"1540",0,0,0,1,0,0,38
"1541",0,0,0,1,0,0,7
"1542",0,0,0,1,0,0,2
"1543",0,0,0,1,0,0,4
"1544",0,0,0,1,0,0,7
"1545",0,0,0,1,0,0,4
"1546",0,0,0,1,0,0,38
"1547",0,0,0,1,0,0,3
"1548",0,0,0,1,0,0,2
"1549",0,0,0,1,0,0,67
"1550",0,0,0,1,0,0,2
"1551",0,0,0,1,0,0,10
"1552",0,0,0,1,0,0,10
"1553",0,0,0,1,0,0,10
"1554",0,0,0,1,0,0,97
"1555",0,0,0,1,0,0,3
"1556",0,0,0,1,0,0,4
"1557",0,0,0,1,0,0,4
"1558",0,0,0,1,0,0,10
"1559",0,0,0,1,0,0,2
"1560",0,0,0,1,0,0,7
"1561",0,0,0,1,0,0,22
"1562",0,0,0,1,0,0,7
"1563",0,0,0,1,0,0,2
"1564",0,0,0,1,0,0,10
"1565",0,0,0,1,0,0,5
"1566",0,0,0,1,0,0,5
"1567",0,0,0,1,0,0,13
"1568",0,0,0,1,0,0,1
"1569",0,0,0,1,0,0,13
"1570",0,0,0,1,0,0,2
"1571",0,0,0,1,0,0,4
"1572",0,0,0,1,0,0,3
"1573",0,0,0,1,0,0,2
"1574",0,0,0,1,0,0,4
"1575",0,0,0,1,0,0,7
"1576",0,0,0,1,0,0,6
"1577",0,0,0,1,0,0,2
"1578",0,0,0,1,0,0,3
"1579",0,0,0,1,0,0,8
"1580",0,0,0,1,0,0,13
"1581",0,0,0,1,0,0,11
"1582",0,0,0,1,0,0,7
"1583",0,0,0,1,0,0,3
"1584",0,0,0,1,0,0,27
"1585",0,0,0,1,0,0,5
"1586",0,0,0,1,0,0,11
"1587",0,0,0,1,0,0,25
"1588",0,0,0,1,0,0,4
"1589",0,0,0,1,0,0,4
"1590",0,0,0,1,0,0,3
"1591",0,0,0,1,0,0,7
"1592",0,0,0,1,0,0,4
"1593",0,0,0,1,0,0,4
"1594",0,0,0,1,0,0,5
"1595",0,0,0,1,0,0,6
"1596",0,0,0,1,0,0,7
"1597",0,0,0,1,0,0,22
"1598",0,0,0,1,0,0,20
"1599",0,0,0,1,0,0,59
"1600",0,0,0,1,0,0,4
"1601",0,0,0,1,0,0,3
"1602",0,0,0,1,0,0,6
"1603",0,0,0,1,0,0,3
"1604",0,0,0,1,0,0,2
"1605",0,0,0,1,0,0,4
"1606",0,0,0,1,0,0,5
"1607",0,0,0,1,0,0,5
"1608",0,0,0,1,0,0,26
"1609",0,0,0,1,0,0,18
"1610",0,0,0,1,0,0,4
"1611",0,0,0,1,0,0,30
"1612",0,0,0,1,0,0,4
"1613",0,0,0,1,0,0,6
"1614",0,0,0,1,0,0,3
"1615",0,0,0,1,0,0,4
"1616",0,0,0,1,0,0,13
"1617",0,0,0,1,0,0,10
"1618",0,0,0,1,0,0,5
"1619",0,0,0,1,0,0,8
"1620",0,0,0,1,0,0,7
"1621",0,0,0,1,0,0,10
"1622",0,0,0,1,0,0,3
"1623",0,0,0,1,0,0,5
"1624",0,0,0,1,0,0,4
"1625",0,0,0,1,0,0,2
"1626",0,0,0,1,0,0,21
"1627",0,0,0,1,0,0,7
"1628",0,0,0,1,0,0,2
"1629",0,0,0,1,0,0,10
"1630",0,0,0,1,0,0,5
"1631",0,0,0,1,0,0,6
"1632",0,0,0,1,0,0,6
"1633",0,0,0,1,0,0,4
"1634",0,0,0,1,0,0,4
"1635",0,0,0,1,0,0,90
"1636",0,0,0,1,0,0,3
"1637",0,0,0,1,0,0,2
"1638",0,0,0,1,0,0,4
"1639",0,0,0,1,0,0,5
"1640",0,0,0,1,0,0,3
"1641",0,0,0,1,0,0,6
"1642",0,0,0,1,0,0,4
"1643",0,0,0,1,0,0,3
"1644",0,0,0,1,0,0,2
"1645",0,0,0,1,0,0,6
"1646",0,0,0,1,0,0,2
"1647",0,0,0,1,0,0,7
"1648",0,0,0,1,0,0,2
"1649",0,0,0,1,0,0,4
"1650",0,0,0,1,0,0,3
"1651",0,0,0,1,0,0,3
"1652",0,0,0,1,0,0,1
"1653",0,0,0,1,0,0,7
"1654",0,0,0,1,0,0,4
"1655",0,0,0,1,0,0,3
"1656",0,0,0,1,0,0,28
"1657",0,0,0,1,0,0,2
"1658",0,0,0,1,0,0,5
"1659",0,0,0,1,0,0,27
"1660",0,0,0,1,0,0,8
"1661",0,0,0,1,0,0,5
"1662",0,0,0,1,0,0,6
"1663",0,0,0,0,1,0,7
"1664",0,0,0,0,1,0,17
"1665",0,0,0,0,1,0,3
"1666",0,0,0,0,1,0,4
"1667",0,0,0,0,1,0,6
"1668",0,0,0,0,1,0,8
"1669",0,0,0,0,1,0,5
"1670",0,0,0,0,1,0,6
"1671",0,0,0,0,1,0,3
"1672",0,0,0,0,1,0,14
"1673",0,0,0,0,1,0,3
"1674",0,0,0,0,1,0,4
"1675",0,0,0,0,1,0,3
"1676",0,0,0,0,1,0,4
"1677",0,0,0,0,1,0,2
"1678",0,0,0,0,1,0,5
"1679",0,0,0,0,1,0,6
"1680",0,0,0,0,1,0,7
"1681",0,0,0,0,1,0,7
"1682",0,0,0,0,1,0,8
"1683",0,0,0,0,1,0,14
"1684",0,0,0,0,1,0,8
"1685",0,0,0,0,1,0,2
"1686",0,0,0,0,1,0,10
"1687",0,0,0,0,1,0,14
"1688",0,0,0,0,1,0,40
"1689",0,0,0,0,1,0,9
"1690",0,0,0,0,1,0,7
"1691",0,0,0,0,1,0,17
"1692",0,0,0,0,1,0,3
"1693",0,0,0,0,1,0,15
"1694",0,0,0,0,1,0,4
"1695",0,0,0,0,1,0,5
"1696",0,0,0,0,1,0,2
"1697",0,0,0,0,1,0,7
"1698",0,0,0,0,1,0,1
"1699",0,0,0,0,1,0,4
"1700",0,0,0,0,1,0,15
"1701",0,0,0,0,1,0,5
"1702",0,0,0,0,1,0,8
"1703",0,0,0,0,1,0,6
"1704",0,0,0,0,1,0,6
"1705",0,0,0,0,1,0,5
"1706",0,0,0,0,1,0,10
"1707",0,0,0,0,1,0,4
"1708",0,0,0,0,1,0,5
"1709",0,0,0,0,1,0,5
"1710",0,0,0,0,1,0,8
"1711",0,0,0,0,1,0,5
"1712",0,0,0,0,1,0,8
"1713",0,0,0,0,1,0,11
"1714",0,0,0,0,1,0,2
"1715",0,0,0,0,1,0,7
"1716",0,0,0,0,1,0,26
"1717",0,0,0,0,1,0,9
"1718",0,0,0,0,1,0,24
"1719",0,0,0,0,1,0,10
"1720",0,0,0,0,1,0,20
"1721",0,0,0,0,1,0,6
"1722",0,0,0,0,1,0,5
"1723",0,0,0,0,1,0,3
"1724",0,0,0,0,1,0,14
"1725",0,0,0,0,1,0,3
"1726",0,0,0,0,1,0,4
"1727",0,0,0,0,1,0,3
"1728",0,0,0,0,1,0,10
"1729",0,0,0,0,1,0,2
"1730",0,0,0,0,1,0,4
"1731",0,0,0,0,1,0,2
"1732",0,0,0,0,1,0,2
"1733",0,0,0,0,1,0,5
"1734",0,0,0,0,1,0,3
"1735",0,0,0,0,1,0,7
"1736",0,0,0,0,1,0,9
"1737",0,0,0,0,1,0,7
"1738",0,0,0,0,1,0,10
"1739",0,0,0,0,1,0,3
"1740",0,0,0,0,1,0,6
"1741",0,0,0,0,1,0,9
"1742",0,0,0,0,1,0,23
"1743",0,0,0,0,1,0,18
"1744",0,0,0,0,1,0,17
"1745",0,0,0,0,1,0,3
"1746",0,0,0,0,1,0,3
"1747",0,0,0,0,1,0,21
"1748",0,0,0,0,1,0,3
"1749",0,0,0,0,1,0,5
"1750",0,0,0,0,1,0,15
"1751",0,0,0,0,1,0,4
"1752",0,0,0,0,1,0,5
"1753",0,0,0,0,1,0,5
"1754",0,0,0,0,1,0,6
"1755",0,0,0,0,1,0,2
"1756",0,0,0,0,1,0,7
"1757",0,0,0,0,1,0,1
"1758",0,0,0,0,1,0,5
"1759",0,0,0,0,1,0,10
"1760",0,0,0,0,1,0,12
"1761",0,0,0,0,1,0,7
"1762",0,0,0,0,1,0,8
"1763",0,0,0,0,1,0,10
"1764",0,0,0,0,1,0,2
"1765",0,0,0,0,1,0,3
"1766",0,0,0,0,1,0,3
"1767",0,0,0,0,1,0,55
"1768",0,0,0,0,1,0,21
"1769",0,0,0,0,1,0,42
"1770",0,0,0,0,1,0,28
"1771",0,0,0,0,1,0,4
"1772",0,0,0,0,1,0,15
"1773",0,0,0,0,1,0,5
"1774",0,0,0,0,1,0,8
"1775",0,0,0,0,1,0,6
"1776",0,0,0,0,1,0,6
"1777",0,0,0,0,1,0,5
"1778",0,0,0,0,1,0,3
"1779",0,0,0,0,1,0,7
"1780",0,0,0,0,1,0,5
"1781",0,0,0,0,1,0,7
"1782",0,0,0,0,1,0,5
"1783",0,0,0,0,1,0,10
"1784",0,0,0,0,1,0,4
"1785",0,0,0,0,1,0,4
"1786",0,0,0,0,1,0,4
"1787",0,0,0,0,1,0,6
"1788",0,0,0,0,1,0,5
"1789",0,0,0,0,1,0,4
"1790",0,0,0,0,1,0,20
"1791",0,0,0,0,1,0,62
"1792",0,0,0,0,1,0,3
"1793",0,0,0,0,1,0,6
"1794",0,0,0,0,1,0,3
"1795",0,0,0,0,1,0,7
"1796",0,0,0,0,1,0,5
"1797",0,0,0,0,1,0,3
"1798",0,0,0,0,1,0,8
"1799",0,0,0,0,1,0,5
"1800",0,0,0,0,1,0,8
"1801",0,0,0,0,1,0,11
"1802",0,0,0,0,1,0,8
"1803",0,0,0,0,1,0,2
"1804",0,0,0,0,1,0,7
"1805",0,0,0,0,1,0,5
"1806",0,0,0,0,1,0,26
"1807",0,0,0,0,1,0,9
"1808",0,0,0,0,1,0,5
"1809",0,0,0,0,1,0,29
"1810",0,0,0,0,1,0,10
"1811",0,0,0,0,1,0,10
"1812",0,0,0,0,1,0,9
"1813",0,0,0,0,1,0,6
"1814",0,0,0,0,1,0,11
"1815",0,0,0,0,1,0,7
"1816",0,0,0,0,1,0,2
"1817",0,0,0,0,1,0,3
"1818",0,0,0,0,1,0,1
"1819",0,0,0,0,1,0,7
"1820",0,0,0,0,1,0,12
"1821",0,0,0,0,1,0,8
"1822",0,0,0,0,1,0,8
"1823",0,0,0,0,1,0,2
"1824",0,0,0,0,1,0,10
"1825",0,0,0,0,1,0,6
"1826",0,0,0,0,1,0,2
"1827",0,0,0,0,1,0,14
"1828",0,0,0,0,1,0,3
"1829",0,0,0,0,1,0,15
"1830",0,0,0,0,1,0,24
"1831",0,0,0,0,1,0,10
"1832",0,0,0,0,1,0,20
"1833",0,0,0,0,1,0,6
"1834",0,0,0,0,1,0,5
"1835",0,0,0,0,1,0,4
"1836",0,0,0,0,1,0,1
"1837",0,0,0,0,1,0,4
"1838",0,0,0,0,1,0,3
"1839",0,0,0,0,1,0,2
"1840",0,0,0,0,1,0,3
"1841",0,0,0,0,1,0,21
"1842",0,0,0,0,1,0,3
"1843",0,0,0,0,1,0,1
"1844",0,0,0,0,1,0,3
"1845",0,0,0,0,1,0,4
"1846",0,0,0,0,1,0,5
"1847",0,0,0,0,1,0,3
"1848",0,0,0,0,1,0,6
"1849",0,0,0,0,1,0,3
"1850",0,0,0,0,1,0,1
"1851",0,0,0,0,1,0,16
"1852",0,0,0,0,1,0,5
"1853",0,0,0,0,1,0,3
"1854",0,0,0,0,1,0,5
"1855",0,0,0,0,1,0,9
"1856",0,0,0,0,1,0,16
"1857",0,0,0,0,1,0,13
"1858",0,0,0,0,1,0,7
"1859",0,0,0,0,1,0,4
"1860",0,0,0,0,1,0,4
"1861",0,0,0,0,1,0,11
"1862",0,0,0,0,1,0,4
"1863",0,0,0,0,1,0,4
"1864",0,0,0,0,1,0,10
"1865",0,0,0,0,1,0,2
"1866",0,0,0,0,1,0,4
"1867",0,0,0,0,1,0,2
"1868",0,0,0,0,1,0,5
"1869",0,0,0,0,1,0,8
"1870",0,0,0,0,1,0,4
"1871",0,0,0,0,1,0,2
"1872",0,0,0,0,1,0,5
"1873",0,0,0,0,1,0,3
"1874",0,0,0,0,1,0,7
"1875",0,0,0,0,1,0,9
"1876",0,0,0,0,1,0,13
"1877",0,0,0,0,1,0,2
"1878",0,0,0,0,1,0,4
"1879",0,0,0,0,1,0,12
"1880",0,0,0,0,1,0,5
"1881",0,0,0,0,1,0,1
"1882",0,0,0,0,1,0,2
"1883",0,0,0,0,1,0,4
"1884",0,0,0,0,1,0,68
"1885",0,0,0,0,1,0,7
"1886",0,0,0,0,1,0,4
"1887",0,0,0,0,1,0,2
"1888",0,0,0,0,1,0,5
"1889",0,0,0,0,1,0,20
"1890",0,0,0,0,1,0,6
"1891",0,0,0,0,1,0,35
"1892",0,0,0,0,1,0,10
"1893",0,0,0,0,1,0,7
"1894",0,0,0,0,1,0,2
"1895",0,0,0,0,1,0,3
"1896",0,0,0,0,1,0,90
"1897",0,0,0,0,1,0,4
"1898",0,0,0,0,1,0,2
"1899",0,0,0,0,1,0,3
"1900",0,0,0,0,1,0,30
"1901",0,0,0,0,1,0,1
"1902",0,0,0,0,1,0,30
"1903",0,0,0,0,1,0,9
"1904",0,0,0,0,1,0,3
"1905",0,0,0,0,1,0,43
"1906",0,0,0,0,1,0,5
"1907",0,0,0,0,1,0,14
"1908",0,0,0,0,1,0,28
"1909",0,0,0,0,1,0,36
"1910",0,0,0,0,1,0,5
"1911",0,0,0,0,1,0,9
"1912",0,0,0,0,1,0,14
"1913",0,0,0,0,1,0,19
"1914",0,0,0,0,1,0,3
"1915",0,0,0,0,1,0,2
"1916",0,0,0,0,1,0,3
"1917",0,0,0,0,1,0,30
"1918",0,0,0,0,1,0,3
"1919",0,0,0,0,1,0,10
"1920",0,0,0,0,1,0,7
"1921",0,0,0,0,1,0,5
"1922",0,0,0,0,1,0,5
"1923",0,0,0,0,1,0,3
"1924",0,0,0,0,1,0,10
"1925",0,0,0,0,1,0,4
"1926",0,0,0,0,1,0,8
"1927",0,0,0,0,1,0,4
"1928",0,0,0,0,1,0,3
"1929",0,0,0,0,1,0,6
"1930",0,0,0,0,1,0,3
"1931",0,0,0,0,1,0,3
"1932",0,0,0,0,1,0,2
"1933",0,0,0,0,1,0,4
"1934",0,0,0,0,1,0,6
"1935",0,0,0,0,1,0,4
"1936",0,0,0,0,1,0,25
"1937",0,0,0,0,1,0,9
"1938",0,0,0,0,1,0,7
"1939",0,0,0,0,1,0,5
"1940",0,0,0,0,1,0,10
"1941",0,0,0,0,1,0,3
"1942",0,0,0,0,1,0,4
"1943",0,0,0,0,1,0,15
"1944",0,0,0,0,1,0,12
"1945",0,0,0,0,1,0,2
"1946",0,0,0,0,1,0,2
"1947",0,0,0,0,1,0,2
"1948",0,0,0,0,1,0,14
"1949",0,0,0,0,1,0,6
"1950",0,0,0,0,1,0,7
"1951",0,0,0,0,1,0,5
"1952",0,0,0,0,1,0,147
"1953",0,0,0,0,1,0,5
"1954",0,0,0,0,1,0,2
"1955",0,0,0,0,1,0,3
"1956",0,0,0,0,1,0,4
"1957",0,0,0,0,1,0,7
"1958",0,0,0,0,1,0,2
"1959",0,0,0,0,1,0,2
"1960",0,0,0,0,1,0,14
"1961",0,0,0,0,1,0,2
"1962",0,0,0,0,1,0,2
"1963",0,0,0,0,1,0,2
"1964",0,0,0,0,1,0,2
"1965",0,0,0,0,1,0,95
"1966",0,0,0,0,1,0,10
"1967",0,0,0,0,1,0,5
"1968",0,0,0,0,1,0,3
"1969",0,0,0,0,1,0,1
"1970",0,0,0,0,1,0,7
"1971",0,0,0,0,1,0,3
"1972",0,0,0,0,1,0,3
"1973",0,0,0,0,1,0,30
"1974",0,0,0,0,1,0,9
"1975",0,0,0,0,1,0,3
"1976",0,0,0,0,1,0,9
"1977",0,0,0,0,1,0,48
"1978",0,0,0,0,1,0,25
"1979",0,0,0,0,1,0,3
"1980",0,0,0,0,1,0,3
"1981",0,0,0,0,1,0,2
"1982",0,0,0,0,1,0,3
"1983",0,0,0,0,1,0,4
"1984",0,0,0,0,1,0,3
"1985",0,0,0,0,1,0,10
"1986",0,0,0,0,1,0,3
"1987",0,0,0,0,1,0,7
"1988",0,0,0,0,1,0,4
"1989",0,0,0,0,1,0,16
"1990",0,0,0,0,1,0,4
"1991",0,0,0,0,1,0,6
"1992",0,0,0,0,1,0,5
"1993",0,0,0,0,1,0,10
"1994",0,0,0,0,1,0,6
"1995",0,0,0,0,1,0,4
"1996",0,0,0,0,1,0,5
"1997",0,0,0,0,1,0,2
"1998",0,0,0,0,1,0,8
"1999",0,0,0,0,1,0,13
"2000",0,0,0,0,1,0,2
"2001",0,0,0,0,1,0,4
"2002",0,0,0,0,1,0,47
"2003",0,0,0,0,1,0,2
"2004",0,0,0,0,1,0,7
"2005",0,0,0,0,1,0,5
"2006",0,0,0,0,1,0,3
"2007",0,0,0,0,1,0,5
"2008",0,0,0,0,1,0,2
"2009",0,0,0,0,1,0,7
"2010",0,0,0,0,1,0,3
"2011",0,0,0,0,1,0,2
"2012",0,0,0,0,1,0,2
"2013",0,0,0,0,1,0,6
"2014",0,0,0,0,1,0,4
"2015",0,0,0,0,1,0,4
"2016",0,0,0,0,1,0,7
"2017",0,0,0,0,1,0,2
"2018",0,0,0,0,1,0,5
"2019",0,0,0,0,1,0,2
"2020",0,0,0,0,1,0,7
"2021",0,0,0,0,1,0,43
"2022",0,0,0,0,1,0,2
"2023",0,0,0,0,1,0,3
"2024",0,0,0,0,1,0,1
"2025",0,0,0,0,1,0,6
"2026",0,0,0,0,1,0,2
"2027",0,0,0,0,1,0,7
"2028",0,0,0,0,1,0,5
"2029",0,0,0,0,1,0,4
"2030",0,0,0,0,1,0,3
"2031",0,0,0,0,1,0,1
"2032",0,0,0,0,1,0,9
"2033",0,0,0,0,1,0,3
"2034",0,0,0,0,1,0,120
"2035",0,0,0,0,1,0,4
"2036",0,0,0,0,1,0,3
"2037",0,0,0,0,1,0,7
"2038",0,0,0,0,1,0,14
"2039",0,0,0,0,1,0,4
"2040",0,0,0,0,1,0,1
"2041",0,0,0,0,1,0,4
"2042",0,0,0,0,1,0,7
"2043",0,0,0,0,1,0,3
"2044",0,0,0,0,1,0,2
"2045",0,0,0,0,1,0,6
"2046",0,0,0,0,1,0,20
"2047",0,0,0,0,1,0,9
"2048",0,0,0,0,1,0,147
"2049",0,0,0,0,1,0,3
"2050",0,0,0,0,1,0,2
"2051",0,0,0,0,1,0,3
"2052",0,0,0,0,1,0,5
"2053",0,0,0,0,1,0,2
"2054",0,0,0,0,1,0,6
"2055",0,0,0,0,1,0,3
"2056",0,0,0,0,1,0,2
"2057",0,0,0,0,1,0,4
"2058",0,0,0,0,1,0,10
"2059",0,0,0,0,1,0,3
"2060",0,0,0,0,1,0,4
"2061",0,0,0,0,1,0,8
"2062",0,0,0,0,1,0,95
"2063",0,0,0,0,1,0,8
"2064",0,0,0,0,1,0,12
"2065",0,0,0,0,1,0,9
"2066",0,0,0,0,1,0,2
"2067",0,0,0,0,1,0,2
"2068",0,0,0,0,1,0,2
"2069",0,0,0,0,1,0,10
"2070",0,0,0,0,1,0,7
"2071",0,0,0,0,1,0,15
"2072",0,0,0,0,1,0,3
"2073",0,0,0,0,1,0,4
"2074",0,0,0,0,1,0,5
"2075",0,0,0,0,1,0,14
"2076",0,0,0,0,1,0,20
"2077",0,0,0,0,1,0,5
"2078",0,0,0,0,1,0,14
"2079",0,0,0,0,1,0,2
"2080",0,0,0,0,1,0,2
"2081",0,0,0,0,1,0,4
"2082",0,0,0,0,1,0,3
"2083",0,0,0,0,1,0,3
"2084",0,0,0,0,1,0,1
"2085",0,0,0,0,1,0,52
"2086",0,0,0,0,1,0,4
"2087",0,0,0,0,1,0,5
"2088",0,0,0,0,1,0,4
"2089",0,0,0,0,1,0,2
"2090",0,0,0,0,1,0,2
"2091",0,0,0,0,1,0,2
"2092",0,0,0,0,1,0,7
"2093",0,0,0,0,1,0,20
"2094",0,0,0,0,1,0,6
"2095",0,0,0,0,1,0,21
"2096",0,0,0,0,1,0,11
"2097",0,0,0,0,1,0,3
"2098",0,0,0,0,1,0,3
"2099",0,0,0,0,1,0,6
"2100",0,0,0,0,1,0,5
"2101",0,0,0,0,1,0,14
"2102",0,0,0,0,1,0,9
"2103",0,0,0,0,1,0,5
"2104",0,0,0,0,1,0,7
"2105",0,0,0,0,1,0,14
"2106",0,0,0,0,1,0,4
"2107",0,0,0,0,1,0,15
"2108",0,0,0,0,1,0,3
"2109",0,0,0,0,1,0,3
"2110",0,0,0,0,1,0,3
"2111",0,0,0,0,1,0,5
"2112",0,0,0,0,1,0,5
"2113",0,0,0,0,1,0,2
"2114",0,0,0,0,1,0,2
"2115",0,0,0,0,1,0,3
"2116",0,0,0,0,1,0,2
"2117",0,0,0,0,1,0,5
"2118",0,0,0,0,1,0,4
"2119",0,0,0,0,1,0,2
"2120",0,0,0,0,1,0,6
"2121",0,0,0,0,1,0,3
"2122",0,0,0,0,1,0,3
"2123",0,0,0,0,1,0,36
"2124",0,0,0,0,1,0,3
"2125",0,0,0,0,1,0,30
"2126",0,0,0,0,1,0,28
"2127",0,0,0,0,1,0,9
"2128",0,0,0,0,1,0,8
"2129",0,0,0,0,1,0,8
"2130",0,0,0,0,1,0,7
"2131",0,0,0,0,1,0,4
"2132",0,0,0,0,1,0,2
"2133",0,0,0,0,1,0,3
"2134",0,0,0,0,1,0,3
"2135",0,0,0,0,1,0,4
"2136",0,0,0,0,1,0,5
"2137",0,0,0,0,1,0,7
"2138",0,0,0,0,1,0,2
"2139",0,0,0,0,1,0,3
"2140",0,0,0,0,1,0,6
"2141",0,0,0,0,1,0,6
"2142",0,0,0,0,1,0,5
"2143",0,0,0,0,1,0,3
"2144",0,0,0,0,1,0,2
"2145",0,0,0,0,1,0,4
"2146",0,0,0,0,1,0,9
"2147",0,0,0,0,1,0,28
"2148",0,0,0,0,1,0,6
"2149",0,0,0,0,1,0,1
"2150",0,0,0,0,1,0,3
"2151",0,0,0,0,1,0,7
"2152",0,0,0,0,1,0,3
"2153",0,0,0,0,1,0,10
"2154",0,0,0,0,1,0,3
"2155",0,0,0,0,1,0,14
"2156",0,0,0,0,1,0,6
"2157",0,0,0,0,1,0,3
"2158",0,0,0,0,1,0,4
"2159",0,0,0,0,1,0,6
"2160",0,0,0,0,1,0,2
"2161",0,0,0,0,1,0,4
"2162",0,0,0,0,1,0,3
"2163",0,0,0,0,1,0,9
"2164",0,0,0,0,1,0,4
"2165",0,0,0,0,1,0,2
"2166",0,0,0,0,1,0,2
"2167",0,0,0,0,1,0,16
"2168",0,0,0,0,1,0,8
"2169",0,0,0,0,1,0,9
"2170",0,0,0,0,1,0,2
"2171",0,0,0,0,1,0,4
"2172",0,0,0,0,0,1,14
"2173",0,0,0,0,0,1,10
"2174",0,0,0,0,0,1,6
"2175",0,0,0,0,0,1,9
"2176",0,0,0,0,0,1,4
"2177",0,0,0,0,0,1,13
"2178",0,0,0,0,0,1,9
"2179",0,0,0,0,0,1,12
"2180",0,0,0,0,0,1,180
"2181",0,0,0,0,0,1,6
"2182",0,0,0,0,0,1,3
"2183",0,0,0,0,0,1,1
"2184",0,0,0,0,0,1,20
"2185",0,0,0,0,0,1,9
"2186",0,0,0,0,0,1,18
"2187",0,0,0,0,0,1,10
"2188",0,0,0,0,0,1,17
"2189",0,0,0,0,0,1,25
"2190",0,0,0,0,0,1,14
"2191",0,0,0,0,0,1,1
"2192",0,0,0,0,0,1,13
"2193",0,0,0,0,0,1,67
"2194",0,0,0,0,0,1,14
"2195",0,0,0,0,0,1,7
"2196",0,0,0,0,0,1,4
"2197",0,0,0,0,0,1,6
"2198",0,0,0,0,0,1,13
"2199",0,0,0,0,0,1,4
"2200",0,0,0,0,0,1,2
"2201",0,0,0,0,0,1,2
"2202",0,0,0,0,0,1,5
"2203",0,0,0,0,0,1,4
"2204",0,0,0,0,0,1,5
"2205",0,0,0,0,0,1,4
"2206",0,0,0,0,0,1,7
"2207",0,0,0,0,0,1,5
"2208",0,0,0,0,0,1,9
"2209",0,0,0,0,0,1,11
"2210",0,0,0,0,0,1,9
"2211",0,0,0,0,0,1,17
"2212",0,0,0,0,0,1,12
"2213",0,0,0,0,0,1,3
"2214",0,0,0,0,0,1,47
"2215",0,0,0,0,0,1,10
"2216",0,0,0,0,0,1,8
"2217",0,0,0,0,0,1,11
"2218",0,0,0,0,0,1,40
"2219",0,0,0,0,0,1,9
"2220",0,0,0,0,0,1,13
"2221",0,0,0,0,0,1,9
"2222",0,0,0,0,0,1,12
"2223",0,0,0,0,0,1,180
"2224",0,0,0,0,0,1,14
"2225",0,0,0,0,0,1,6
"2226",0,0,0,0,0,1,3
"2227",0,0,0,0,0,1,3
"2228",0,0,0,0,0,1,12
"2229",0,0,0,0,0,1,2
"2230",0,0,0,0,0,1,22
"2231",0,0,0,0,0,1,30
"2232",0,0,0,0,0,1,5
"2233",0,0,0,0,0,1,1
"2234",0,0,0,0,0,1,8
"2235",0,0,0,0,0,1,5
"2236",0,0,0,0,0,1,14
"2237",0,0,0,0,0,1,7
"2238",0,0,0,0,0,1,7
"2239",0,0,0,0,0,1,12
"2240",0,0,0,0,0,1,4
"2241",0,0,0,0,0,1,6
"2242",0,0,0,0,0,1,13
"2243",0,0,0,0,0,1,7
"2244",0,0,0,0,0,1,4
"2245",0,0,0,0,0,1,2
"2246",0,0,0,0,0,1,14
"2247",0,0,0,0,0,1,4
"2248",0,0,0,0,0,1,8
"2249",0,0,0,0,0,1,5
"2250",0,0,0,0,0,1,5
"2251",0,0,0,0,0,1,10
"2252",0,0,0,0,0,1,4
"2253",0,0,0,0,0,1,3
"2254",0,0,0,0,0,1,5
"2255",0,0,0,0,0,1,65
"2256",0,0,0,0,0,1,1
"2257",0,0,0,0,0,1,7
"2258",0,0,0,0,0,1,2
"2259",0,0,0,0,0,1,2
"2260",0,0,0,0,0,1,4
"2261",0,0,0,0,0,1,1
"2262",0,0,0,0,0,1,2
"2263",0,0,0,0,0,1,2
"2264",0,0,0,0,0,1,2
"2265",0,0,0,0,0,1,5
"2266",0,0,0,0,0,1,4
"2267",0,0,0,0,0,1,1
"2268",0,0,0,0,0,1,2
"2269",0,0,0,0,0,1,16
"2270",0,0,0,0,0,1,3
"2271",0,0,0,0,0,1,5
"2272",0,0,0,0,0,1,4
"2273",0,0,0,0,0,1,5
"2274",0,0,0,0,0,1,2
"2275",0,0,0,0,0,1,12
"2276",0,0,0,0,0,1,7
"2277",0,0,0,0,0,1,4
"2278",0,0,0,0,0,1,13
"2279",0,0,0,0,0,1,3
"2280",0,0,0,0,0,1,6
"2281",0,0,0,0,0,1,5
"2282",0,0,0,0,0,1,8
"2283",0,0,0,0,0,1,11
"2284",0,0,0,0,0,1,9
"2285",0,0,0,0,0,1,17
"2286",0,0,0,0,0,1,25
"2287",0,0,0,0,0,1,12
"2288",0,0,0,0,0,1,3
"2289",0,0,0,0,0,1,13
"2290",0,0,0,0,0,1,47
"2291",0,0,0,0,0,1,10
"2292",0,0,0,0,0,1,7
"2293",0,0,0,0,0,1,6
"2294",0,0,0,0,0,1,13
"2295",0,0,0,0,0,1,11
"2296",0,0,0,0,0,1,12
"2297",0,0,0,0,0,1,3
"2298",0,0,0,0,0,1,10
"2299",0,0,0,0,0,1,2
"2300",0,0,0,0,0,1,12
"2301",0,0,0,0,0,1,7
"2302",0,0,0,0,0,1,10
"2303",0,0,0,0,0,1,3
"2304",0,0,0,0,0,1,20
"2305",0,0,0,0,0,1,14
"2306",0,0,0,0,0,1,8
"2307",0,0,0,0,0,1,11
"2308",0,0,0,0,0,1,40
"2309",0,0,0,0,0,1,9
"2310",0,0,0,0,0,1,1
"2311",0,0,0,0,0,1,13
"2312",0,0,0,0,0,1,9
"2313",0,0,0,0,0,1,12
"2314",0,0,0,0,0,1,180
"2315",0,0,0,0,0,1,3
"2316",0,0,0,0,0,1,18
"2317",0,0,0,0,0,1,4
"2318",0,0,0,0,0,1,72
"2319",0,0,0,0,0,1,12
"2320",0,0,0,0,0,1,3
"2321",0,0,0,0,0,1,2
"2322",0,0,0,0,0,1,9
"2323",0,0,0,0,0,1,14
"2324",0,0,0,0,0,1,6
"2325",0,0,0,0,0,1,3
"2326",0,0,0,0,0,1,2
"2327",0,0,0,0,0,1,3
"2328",0,0,0,0,0,1,12
"2329",0,0,0,0,0,1,4
"2330",0,0,0,0,0,1,3
"2331",0,0,0,0,0,1,6
"2332",0,0,0,0,0,1,4
"2333",0,0,0,0,0,1,2
"2334",0,0,0,0,0,1,21
"2335",0,0,0,0,0,1,14
"2336",0,0,0,0,0,1,4
"2337",0,0,0,0,0,1,5
"2338",0,0,0,0,0,1,4
"2339",0,0,0,0,0,1,3
"2340",0,0,0,0,0,1,5
"2341",0,0,0,0,0,1,2
"2342",0,0,0,0,0,1,9
"2343",0,0,0,0,0,1,10
"2344",0,0,0,0,0,1,1
"2345",0,0,0,0,0,1,13
"2346",0,0,0,0,0,1,3
"2347",0,0,0,0,0,1,1
"2348",0,0,0,0,0,1,14
"2349",0,0,0,0,0,1,2
"2350",0,0,0,0,0,1,6
"2351",0,0,0,0,0,1,5
"2352",0,0,0,0,0,1,15
"2353",0,0,0,0,0,1,60
"2354",0,0,0,0,0,1,5
"2355",0,0,0,0,0,1,14
"2356",0,0,0,0,0,1,2
"2357",0,0,0,0,0,1,15
"2358",0,0,0,0,0,1,27
"2359",0,0,0,0,0,1,5
"2360",0,0,0,0,0,1,3
"2361",0,0,0,0,0,1,3
"2362",0,0,0,0,0,1,2
"2363",0,0,0,0,0,1,85
"2364",0,0,0,0,0,1,5
"2365",0,0,0,0,0,1,3
"2366",0,0,0,0,0,1,12
"2367",0,0,0,0,0,1,47
"2368",0,0,0,0,0,1,4
"2369",0,0,0,0,0,1,33
"2370",0,0,0,0,0,1,2
"2371",0,0,0,0,0,1,20
"2372",0,0,0,0,0,1,1
"2373",0,0,0,0,0,1,2
"2374",0,0,0,0,0,1,10
"2375",0,0,0,0,0,1,4
"2376",0,0,0,0,0,1,8
"2377",0,0,0,0,0,1,3
"2378",0,0,0,0,0,1,7
"2379",0,0,0,0,0,1,8
"2380",0,0,0,0,0,1,1
"2381",0,0,0,0,0,1,6
"2382",0,0,0,0,0,1,3
"2383",0,0,0,0,0,1,3
"2384",0,0,0,0,0,1,1
"2385",0,0,0,0,0,1,10
"2386",0,0,0,0,0,1,5
"2387",0,0,0,0,0,1,8
"2388",0,0,0,0,0,1,1
"2389",0,0,0,0,0,1,54
"2390",0,0,0,0,0,1,47
"2391",0,0,0,0,0,1,9
"2392",0,0,0,0,0,1,26
"2393",0,0,0,0,0,1,2
"2394",0,0,0,0,0,1,4
"2395",0,0,0,0,0,1,2
"2396",0,0,0,0,0,1,9
"2397",0,0,0,0,0,1,3
"2398",0,0,0,0,0,1,5
"2399",0,0,0,0,0,1,1
"2400",0,0,0,0,0,1,26
"2401",0,0,0,0,0,1,5
"2402",0,0,0,0,0,1,4
"2403",0,0,0,0,0,1,8
"2404",0,0,0,0,0,1,8
"2405",0,0,0,0,0,1,5
"2406",0,0,0,0,0,1,70
"2407",0,0,0,0,0,1,3
"2408",0,0,0,0,0,1,4
"2409",0,0,0,0,0,1,3
"2410",0,0,0,0,0,1,2
"2411",0,0,0,0,0,1,30
"2412",0,0,0,0,0,1,2
"2413",0,0,0,0,0,1,9
"2414",0,0,0,0,0,1,11
"2415",0,0,0,0,0,1,7
"2416",0,0,0,0,0,1,8
"2417",0,0,0,0,0,1,2
"2418",0,0,0,0,0,1,5
"2419",0,0,0,0,0,1,10
"2420",0,0,0,0,0,1,14
"2421",0,0,0,0,0,1,9
"2422",0,0,0,0,0,1,6
"2423",0,0,0,0,0,1,3
"2424",0,0,0,0,0,1,11
"2425",0,0,0,0,0,1,5
"2426",0,0,0,0,0,1,14
"2427",0,0,0,0,0,1,8
"2428",0,0,0,0,0,1,39
"2429",0,0,0,0,0,1,9
"2430",0,0,0,0,0,1,5
"2431",0,0,0,0,0,1,4
"2432",0,0,0,0,0,1,6
"2433",0,0,0,0,0,1,2
"2434",0,0,0,0,0,1,8
"2435",0,0,0,0,0,1,5
"2436",0,0,0,0,0,1,3
"2437",0,0,0,0,0,1,5
"2438",0,0,0,0,0,1,7
"2439",0,0,0,0,0,1,1
"2440",0,0,0,0,0,1,17
"2441",0,0,0,0,0,1,2
"2442",0,0,0,0,0,1,4
"2443",0,0,0,0,0,1,2
"2444",0,0,0,0,0,1,8
"2445",0,0,0,0,0,1,7
"2446",0,0,0,0,0,1,4
"2447",0,0,0,0,0,1,7
"2448",0,0,0,0,0,1,6
"2449",0,0,0,0,0,1,4
"2450",0,0,0,0,0,1,3
"2451",0,0,0,0,0,1,5
"2452",0,0,0,0,0,1,32
"2453",0,0,0,0,0,1,5
"2454",0,0,0,0,0,1,3
"2455",0,0,0,0,0,1,3
"2456",0,0,0,0,0,1,14
"2457",0,0,0,0,0,1,8
"2458",0,0,0,0,0,1,1
"2459",0,0,0,0,0,1,3
"2460",0,0,0,0,0,1,1
"2461",0,0,0,0,0,1,2
"2462",0,0,0,0,0,1,2
"2463",0,0,0,0,0,1,6
"2464",0,0,0,0,0,1,3
"2465",0,0,0,0,0,1,7
"2466",0,0,0,0,0,1,1
"2467",0,0,0,0,0,1,45
"2468",0,0,0,0,0,1,3
"2469",0,0,0,0,0,1,5
"2470",0,0,0,0,0,1,16
"2471",0,0,0,0,0,1,2
"2472",0,0,0,0,0,1,20
"2473",0,0,0,0,0,1,1
"2474",0,0,0,0,0,1,5
"2475",0,0,0,0,0,1,1
"2476",0,0,0,0,0,1,2
"2477",0,0,0,0,0,1,54
"2478",0,0,0,0,0,1,5
"2479",0,0,0,0,0,1,2
"2480",0,0,0,0,0,1,47
"2481",0,0,0,0,0,1,1
"2482",0,0,0,0,0,1,4
"2483",0,0,0,0,0,1,10
"2484",0,0,0,0,0,1,7
"2485",0,0,0,0,0,1,21
"2486",0,0,0,0,0,1,5
"2487",0,0,0,0,0,1,5
"2488",0,0,0,0,0,1,7
"2489",0,0,0,0,0,1,11
"2490",0,0,0,0,0,1,26
"2491",0,0,0,0,0,1,5
"2492",0,0,0,0,0,1,24
"2493",0,0,0,0,0,1,20
"2494",0,0,0,0,0,1,1
"2495",0,0,0,0,0,1,9
"2496",0,0,0,0,0,1,5
"2497",0,0,0,0,0,1,3
"2498",0,0,0,0,0,1,5
"2499",0,0,0,0,0,1,4
"2500",0,0,0,0,0,1,26
"2501",0,0,0,0,0,1,2
"2502",0,0,0,0,0,1,14
"2503",0,0,0,0,0,1,4
"2504",0,0,0,0,0,1,2
"2505",0,0,0,0,0,1,15
"2506",0,0,0,0,0,1,5
"2507",0,0,0,0,0,1,6
"2508",0,0,0,0,0,1,4
"2509",0,0,0,0,0,1,4
"2510",0,0,0,0,0,1,15
"2511",0,0,0,0,0,1,10
"2512",0,0,0,0,0,1,11
"2513",0,0,0,0,0,1,7
"2514",0,0,0,0,0,1,9
"2515",0,0,0,0,0,1,10
"2516",0,0,0,0,0,1,2
"2517",0,0,0,0,0,1,14
"2518",0,0,0,0,0,1,8
"2519",0,0,0,0,0,1,8
"2520",0,0,0,0,0,1,6
"2521",0,0,0,0,0,1,13
"2522",0,0,0,0,0,1,10
"2523",0,0,0,0,0,1,6
"2524",0,0,0,0,0,1,5
"2525",0,0,0,0,0,1,4
"2526",0,0,0,0,0,1,14
"2527",0,0,0,0,0,1,3
"2528",0,0,0,0,0,1,5
"2529",0,0,0,0,0,1,15
"2530",0,0,0,0,0,1,10
"2531",0,0,0,0,0,1,2
"2532",0,0,0,0,0,1,6
"2533",0,0,0,0,0,1,7
"2534",0,0,0,0,0,1,5
"2535",0,0,0,0,0,1,3
"2536",0,0,0,0,0,1,5
"2537",0,0,0,0,0,1,13
"2538",0,0,0,0,0,1,4
"2539",0,0,0,0,0,1,2
"2540",0,0,0,0,0,1,61
"2541",0,0,0,0,0,1,4
"2542",0,0,0,0,0,1,5
"2543",0,0,0,0,0,1,8
"2544",0,0,0,0,0,1,10
"2545",0,0,0,0,0,1,2
"2546",0,0,0,0,0,1,5
"2547",0,0,0,0,0,1,4
"2548",0,0,0,0,0,1,9
"2549",0,0,0,0,0,1,21
"2550",0,0,0,0,0,1,70
"2551",0,0,0,0,0,1,3
"2552",0,0,0,0,0,1,38
"2553",0,0,0,0,0,1,8
"2554",0,0,0,0,0,1,15
"2555",0,0,0,0,0,1,7
"2556",0,0,0,0,0,1,7
"2557",0,0,0,0,0,1,1
"2558",0,0,0,0,0,1,18
"2559",0,0,0,0,0,1,3
"2560",0,0,0,0,0,1,3
"2561",0,0,0,0,0,1,4
"2562",0,0,0,0,0,1,3
"2563",0,0,0,0,0,1,4
"2564",0,0,0,0,0,1,2
"2565",0,0,0,0,0,1,2
"2566",0,0,0,0,0,1,3
"2567",0,0,0,0,0,1,12
"2568",0,0,0,0,0,1,3
"2569",0,0,0,0,0,1,3
"2570",0,0,0,0,0,1,4
"2571",0,0,0,0,0,1,6
"2572",0,0,0,0,0,1,45
"2573",0,0,0,0,0,1,3
"2574",0,0,0,0,0,1,2
"2575",0,0,0,0,0,1,2
"2576",0,0,0,0,0,1,14
"2577",0,0,0,0,0,1,3
"2578",0,0,0,0,0,1,4
"2579",0,0,0,0,0,1,2
"2580",0,0,0,0,0,1,9
"2581",0,0,0,0,0,1,8
"2582",0,0,0,0,0,1,7
"2583",0,0,0,0,0,1,2
"2584",0,0,0,0,0,1,13
"2585",0,0,0,0,0,1,110
"2586",0,0,0,0,0,1,7
"2587",0,0,0,0,0,1,3
"2588",0,0,0,0,0,1,2
"2589",0,0,0,0,0,1,3
"2590",0,0,0,0,0,1,5
"2591",0,0,0,0,0,1,2
"2592",0,0,0,0,0,1,44
"2593",0,0,0,0,0,1,14
"2594",0,0,0,0,0,1,5
