"","Sunday","Monday","Tuesday","Wednesday","Thursday","Friday","Saturday","value"
"1",1,0,0,0,0,0,0,10
"2",1,0,0,0,0,0,0,7
"3",1,0,0,0,0,0,0,1
"4",1,0,0,0,0,0,0,38
"5",1,0,0,0,0,0,0,8
"6",1,0,0,0,0,0,0,13
"7",1,0,0,0,0,0,0,5
"8",1,0,0,0,0,0,0,11
"9",1,0,0,0,0,0,0,2
"10",1,0,0,0,0,0,0,3
"11",1,0,0,0,0,0,0,2
"12",1,0,0,0,0,0,0,22
"13",1,0,0,0,0,0,0,1
"14",1,0,0,0,0,0,0,5
"15",1,0,0,0,0,0,0,3
"16",1,0,0,0,0,0,0,6
"17",1,0,0,0,0,0,0,7
"18",1,0,0,0,0,0,0,3
"19",1,0,0,0,0,0,0,3
"20",1,0,0,0,0,0,0,2
"21",1,0,0,0,0,0,0,150
"22",1,0,0,0,0,0,0,6
"23",1,0,0,0,0,0,0,8
"24",1,0,0,0,0,0,0,6
"25",1,0,0,0,0,0,0,8
"26",1,0,0,0,0,0,0,7
"27",1,0,0,0,0,0,0,6
"28",1,0,0,0,0,0,0,19
"29",1,0,0,0,0,0,0,8
"30",1,0,0,0,0,0,0,2
"31",1,0,0,0,0,0,0,25
"32",1,0,0,0,0,0,0,14
"33",1,0,0,0,0,0,0,2
"34",1,0,0,0,0,0,0,10
"35",1,0,0,0,0,0,0,7
"36",1,0,0,0,0,0,0,1
"37",1,0,0,0,0,0,0,36
"38",1,0,0,0,0,0,0,10
"39",1,0,0,0,0,0,0,8
"40",1,0,0,0,0,0,0,8
"41",1,0,0,0,0,0,0,8
"42",1,0,0,0,0,0,0,28
"43",1,0,0,0,0,0,0,6
"44",1,0,0,0,0,0,0,3
"45",1,0,0,0,0,0,0,3
"46",1,0,0,0,0,0,0,13
"47",1,0,0,0,0,0,0,10
"48",1,0,0,0,0,0,0,13
"49",1,0,0,0,0,0,0,13
"50",1,0,0,0,0,0,0,5
"51",1,0,0,0,0,0,0,2
"52",1,0,0,0,0,0,0,3
"53",1,0,0,0,0,0,0,11
"54",1,0,0,0,0,0,0,4
"55",1,0,0,0,0,0,0,8
"56",1,0,0,0,0,0,0,51
"57",1,0,0,0,0,0,0,3
"58",1,0,0,0,0,0,0,3
"59",1,0,0,0,0,0,0,5
"60",1,0,0,0,0,0,0,8
"61",1,0,0,0,0,0,0,6
"62",1,0,0,0,0,0,0,8
"63",1,0,0,0,0,0,0,8
"64",1,0,0,0,0,0,0,7
"65",1,0,0,0,0,0,0,3
"66",1,0,0,0,0,0,0,3
"67",1,0,0,0,0,0,0,24
"68",1,0,0,0,0,0,0,7
"69",1,0,0,0,0,0,0,7
"70",1,0,0,0,0,0,0,12
"71",1,0,0,0,0,0,0,20
"72",1,0,0,0,0,0,0,1
"73",1,0,0,0,0,0,0,5
"74",1,0,0,0,0,0,0,3
"75",1,0,0,0,0,0,0,6
"76",1,0,0,0,0,0,0,7
"77",1,0,0,0,0,0,0,4
"78",1,0,0,0,0,0,0,11
"79",1,0,0,0,0,0,0,3
"80",1,0,0,0,0,0,0,3
"81",1,0,0,0,0,0,0,2
"82",1,0,0,0,0,0,0,150
"83",1,0,0,0,0,0,0,8
"84",1,0,0,0,0,0,0,4
"85",1,0,0,0,0,0,0,3
"86",1,0,0,0,0,0,0,5
"87",1,0,0,0,0,0,0,10
"88",1,0,0,0,0,0,0,10
"89",1,0,0,0,0,0,0,4
"90",1,0,0,0,0,0,0,45
"91",1,0,0,0,0,0,0,8
"92",1,0,0,0,0,0,0,7
"93",1,0,0,0,0,0,0,1
"94",1,0,0,0,0,0,0,2
"95",1,0,0,0,0,0,0,14
"96",1,0,0,0,0,0,0,15
"97",1,0,0,0,0,0,0,36
"98",1,0,0,0,0,0,0,10
"99",1,0,0,0,0,0,0,11
"100",1,0,0,0,0,0,0,10
"101",1,0,0,0,0,0,0,58
"102",1,0,0,0,0,0,0,8
"103",1,0,0,0,0,0,0,8
"104",1,0,0,0,0,0,0,8
"105",1,0,0,0,0,0,0,5
"106",1,0,0,0,0,0,0,8
"107",1,0,0,0,0,0,0,28
"108",1,0,0,0,0,0,0,6
"109",1,0,0,0,0,0,0,3
"110",1,0,0,0,0,0,0,2
"111",1,0,0,0,0,0,0,8
"112",1,0,0,0,0,0,0,10
"113",1,0,0,0,0,0,0,9
"114",1,0,0,0,0,0,0,9
"115",1,0,0,0,0,0,0,11
"116",1,0,0,0,0,0,0,34
"117",1,0,0,0,0,0,0,8
"118",1,0,0,0,0,0,0,7
"119",1,0,0,0,0,0,0,9
"120",1,0,0,0,0,0,0,27
"121",1,0,0,0,0,0,0,21
"122",1,0,0,0,0,0,0,3
"123",1,0,0,0,0,0,0,7
"124",1,0,0,0,0,0,0,13
"125",1,0,0,0,0,0,0,10
"126",1,0,0,0,0,0,0,14
"127",1,0,0,0,0,0,0,13
"128",1,0,0,0,0,0,0,5
"129",1,0,0,0,0,0,0,13
"130",1,0,0,0,0,0,0,5
"131",1,0,0,0,0,0,0,2
"132",1,0,0,0,0,0,0,8
"133",1,0,0,0,0,0,0,3
"134",1,0,0,0,0,0,0,60
"135",1,0,0,0,0,0,0,5
"136",1,0,0,0,0,0,0,7
"137",1,0,0,0,0,0,0,6
"138",1,0,0,0,0,0,0,11
"139",1,0,0,0,0,0,0,4
"140",1,0,0,0,0,0,0,56
"141",1,0,0,0,0,0,0,12
"142",1,0,0,0,0,0,0,7
"143",1,0,0,0,0,0,0,8
"144",1,0,0,0,0,0,0,5
"145",1,0,0,0,0,0,0,1
"146",1,0,0,0,0,0,0,2
"147",1,0,0,0,0,0,0,2
"148",1,0,0,0,0,0,0,43
"149",1,0,0,0,0,0,0,51
"150",1,0,0,0,0,0,0,1
"151",1,0,0,0,0,0,0,3
"152",1,0,0,0,0,0,0,3
"153",1,0,0,0,0,0,0,11
"154",1,0,0,0,0,0,0,5
"155",1,0,0,0,0,0,0,8
"156",1,0,0,0,0,0,0,6
"157",1,0,0,0,0,0,0,8
"158",1,0,0,0,0,0,0,22
"159",1,0,0,0,0,0,0,8
"160",1,0,0,0,0,0,0,7
"161",1,0,0,0,0,0,0,20
"162",1,0,0,0,0,0,0,3
"163",1,0,0,0,0,0,0,3
"164",1,0,0,0,0,0,0,9
"165",1,0,0,0,0,0,0,5
"166",1,0,0,0,0,0,0,16
"167",1,0,0,0,0,0,0,16
"168",1,0,0,0,0,0,0,10
"169",1,0,0,0,0,0,0,48
"170",1,0,0,0,0,0,0,14
"171",1,0,0,0,0,0,0,21
"172",1,0,0,0,0,0,0,2
"173",1,0,0,0,0,0,0,35
"174",1,0,0,0,0,0,0,3
"175",1,0,0,0,0,0,0,5
"176",1,0,0,0,0,0,0,3
"177",1,0,0,0,0,0,0,3
"178",1,0,0,0,0,0,0,4
"179",1,0,0,0,0,0,0,36
"180",1,0,0,0,0,0,0,7
"181",1,0,0,0,0,0,0,1
"182",1,0,0,0,0,0,0,10
"183",1,0,0,0,0,0,0,24
"184",1,0,0,0,0,0,0,7
"185",1,0,0,0,0,0,0,7
"186",1,0,0,0,0,0,0,12
"187",1,0,0,0,0,0,0,20
"188",1,0,0,0,0,0,0,20
"189",1,0,0,0,0,0,0,3
"190",1,0,0,0,0,0,0,150
"191",1,0,0,0,0,0,0,6
"192",1,0,0,0,0,0,0,9
"193",1,0,0,0,0,0,0,1
"194",1,0,0,0,0,0,0,14
"195",1,0,0,0,0,0,0,3
"196",1,0,0,0,0,0,0,6
"197",1,0,0,0,0,0,0,7
"198",1,0,0,0,0,0,0,1
"199",1,0,0,0,0,0,0,4
"200",1,0,0,0,0,0,0,5
"201",1,0,0,0,0,0,0,17
"202",1,0,0,0,0,0,0,4
"203",1,0,0,0,0,0,0,17
"204",1,0,0,0,0,0,0,6
"205",1,0,0,0,0,0,0,2
"206",1,0,0,0,0,0,0,4
"207",1,0,0,0,0,0,0,9
"208",1,0,0,0,0,0,0,17
"209",1,0,0,0,0,0,0,5
"210",1,0,0,0,0,0,0,4
"211",1,0,0,0,0,0,0,35
"212",1,0,0,0,0,0,0,7
"213",1,0,0,0,0,0,0,2
"214",1,0,0,0,0,0,0,2
"215",1,0,0,0,0,0,0,6
"216",1,0,0,0,0,0,0,7
"217",1,0,0,0,0,0,0,6
"218",1,0,0,0,0,0,0,3
"219",1,0,0,0,0,0,0,5
"220",1,0,0,0,0,0,0,4
"221",1,0,0,0,0,0,0,7
"222",1,0,0,0,0,0,0,3
"223",1,0,0,0,0,0,0,3
"224",1,0,0,0,0,0,0,2
"225",1,0,0,0,0,0,0,14
"226",1,0,0,0,0,0,0,150
"227",1,0,0,0,0,0,0,12
"228",1,0,0,0,0,0,0,8
"229",1,0,0,0,0,0,0,4
"230",1,0,0,0,0,0,0,3
"231",1,0,0,0,0,0,0,5
"232",1,0,0,0,0,0,0,6
"233",1,0,0,0,0,0,0,1
"234",1,0,0,0,0,0,0,3
"235",1,0,0,0,0,0,0,91
"236",1,0,0,0,0,0,0,6
"237",1,0,0,0,0,0,0,3
"238",1,0,0,0,0,0,0,14
"239",1,0,0,0,0,0,0,5
"240",1,0,0,0,0,0,0,40
"241",1,0,0,0,0,0,0,36
"242",1,0,0,0,0,0,0,5
"243",1,0,0,0,0,0,0,4
"244",1,0,0,0,0,0,0,49
"245",1,0,0,0,0,0,0,15
"246",1,0,0,0,0,0,0,4
"247",1,0,0,0,0,0,0,11
"248",1,0,0,0,0,0,0,5
"249",1,0,0,0,0,0,0,3
"250",1,0,0,0,0,0,0,2
"251",1,0,0,0,0,0,0,42
"252",1,0,0,0,0,0,0,20
"253",1,0,0,0,0,0,0,2
"254",1,0,0,0,0,0,0,20
"255",1,0,0,0,0,0,0,2
"256",1,0,0,0,0,0,0,3
"257",1,0,0,0,0,0,0,36
"258",1,0,0,0,0,0,0,5
"259",1,0,0,0,0,0,0,30
"260",1,0,0,0,0,0,0,2
"261",1,0,0,0,0,0,0,3
"262",1,0,0,0,0,0,0,1
"263",1,0,0,0,0,0,0,9
"264",1,0,0,0,0,0,0,4
"265",1,0,0,0,0,0,0,80
"266",1,0,0,0,0,0,0,2
"267",1,0,0,0,0,0,0,7
"268",1,0,0,0,0,0,0,14
"269",1,0,0,0,0,0,0,7
"270",1,0,0,0,0,0,0,2
"271",1,0,0,0,0,0,0,8
"272",1,0,0,0,0,0,0,7
"273",1,0,0,0,0,0,0,2
"274",1,0,0,0,0,0,0,2
"275",1,0,0,0,0,0,0,4
"276",1,0,0,0,0,0,0,4
"277",1,0,0,0,0,0,0,1
"278",1,0,0,0,0,0,0,14
"279",1,0,0,0,0,0,0,12
"280",1,0,0,0,0,0,0,12
"281",1,0,0,0,0,0,0,30
"282",1,0,0,0,0,0,0,5
"283",1,0,0,0,0,0,0,30
"284",1,0,0,0,0,0,0,5
"285",1,0,0,0,0,0,0,1
"286",1,0,0,0,0,0,0,10
"287",1,0,0,0,0,0,0,5
"288",1,0,0,0,0,0,0,3
"289",1,0,0,0,0,0,0,11
"290",1,0,0,0,0,0,0,8
"291",1,0,0,0,0,0,0,2
"292",1,0,0,0,0,0,0,2
"293",1,0,0,0,0,0,0,10
"294",1,0,0,0,0,0,0,3
"295",1,0,0,0,0,0,0,4
"296",1,0,0,0,0,0,0,2
"297",1,0,0,0,0,0,0,3
"298",1,0,0,0,0,0,0,23
"299",1,0,0,0,0,0,0,1
"300",1,0,0,0,0,0,0,30
"301",1,0,0,0,0,0,0,1
"302",1,0,0,0,0,0,0,5
"303",1,0,0,0,0,0,0,4
"304",1,0,0,0,0,0,0,2
"305",1,0,0,0,0,0,0,95
"306",1,0,0,0,0,0,0,2
"307",1,0,0,0,0,0,0,3
"308",1,0,0,0,0,0,0,2
"309",1,0,0,0,0,0,0,1
"310",1,0,0,0,0,0,0,1
"311",1,0,0,0,0,0,0,5
"312",1,0,0,0,0,0,0,3
"313",1,0,0,0,0,0,0,2
"314",1,0,0,0,0,0,0,7
"315",1,0,0,0,0,0,0,3
"316",1,0,0,0,0,0,0,20
"317",1,0,0,0,0,0,0,5
"318",1,0,0,0,0,0,0,17
"319",1,0,0,0,0,0,0,3
"320",1,0,0,0,0,0,0,2
"321",1,0,0,0,0,0,0,4
"322",1,0,0,0,0,0,0,3
"323",1,0,0,0,0,0,0,2
"324",1,0,0,0,0,0,0,2
"325",1,0,0,0,0,0,0,3
"326",1,0,0,0,0,0,0,35
"327",1,0,0,0,0,0,0,5
"328",1,0,0,0,0,0,0,10
"329",1,0,0,0,0,0,0,4
"330",1,0,0,0,0,0,0,19
"331",1,0,0,0,0,0,0,11
"332",1,0,0,0,0,0,0,8
"333",1,0,0,0,0,0,0,3
"334",1,0,0,0,0,0,0,5
"335",1,0,0,0,0,0,0,3
"336",1,0,0,0,0,0,0,30
"337",1,0,0,0,0,0,0,2
"338",1,0,0,0,0,0,0,4
"339",1,0,0,0,0,0,0,2
"340",1,0,0,0,0,0,0,4
"341",1,0,0,0,0,0,0,3
"342",1,0,0,0,0,0,0,7
"343",1,0,0,0,0,0,0,2
"344",1,0,0,0,0,0,0,11
"345",1,0,0,0,0,0,0,7
"346",1,0,0,0,0,0,0,25
"347",1,0,0,0,0,0,0,10
"348",1,0,0,0,0,0,0,5
"349",1,0,0,0,0,0,0,6
"350",1,0,0,0,0,0,0,7
"351",1,0,0,0,0,0,0,5
"352",1,0,0,0,0,0,0,7
"353",1,0,0,0,0,0,0,7
"354",1,0,0,0,0,0,0,18
"355",1,0,0,0,0,0,0,4
"356",1,0,0,0,0,0,0,2
"357",1,0,0,0,0,0,0,17
"358",1,0,0,0,0,0,0,7
"359",1,0,0,0,0,0,0,20
"360",1,0,0,0,0,0,0,30
"361",1,0,0,0,0,0,0,3
"362",1,0,0,0,0,0,0,3
"363",1,0,0,0,0,0,0,4
"364",1,0,0,0,0,0,0,5
"365",1,0,0,0,0,0,0,2
"366",1,0,0,0,0,0,0,4
"367",1,0,0,0,0,0,0,1
"368",1,0,0,0,0,0,0,3
"369",1,0,0,0,0,0,0,75
"370",1,0,0,0,0,0,0,4
"371",1,0,0,0,0,0,0,1
"372",1,0,0,0,0,0,0,3
"373",1,0,0,0,0,0,0,22
"374",1,0,0,0,0,0,0,16
"375",1,0,0,0,0,0,0,2
"376",1,0,0,0,0,0,0,4
"377",1,0,0,0,0,0,0,3
"378",1,0,0,0,0,0,0,7
"379",1,0,0,0,0,0,0,6
"380",1,0,0,0,0,0,0,3
"381",1,0,0,0,0,0,0,14
"382",1,0,0,0,0,0,0,36
"383",1,0,0,0,0,0,0,10
"384",1,0,0,0,0,0,0,1
"385",1,0,0,0,0,0,0,26
"386",1,0,0,0,0,0,0,2
"387",1,0,0,0,0,0,0,2
"388",1,0,0,0,0,0,0,3
"389",1,0,0,0,0,0,0,6
"390",1,0,0,0,0,0,0,1
"391",1,0,0,0,0,0,0,11
"392",1,0,0,0,0,0,0,21
"393",1,0,0,0,0,0,0,35
"394",1,0,0,0,0,0,0,3
"395",1,0,0,0,0,0,0,23
"396",1,0,0,0,0,0,0,95
"397",1,0,0,0,0,0,0,2
"398",1,0,0,0,0,0,0,4
"399",1,0,0,0,0,0,0,10
"400",1,0,0,0,0,0,0,2
"401",1,0,0,0,0,0,0,3
"402",1,0,0,0,0,0,0,3
"403",1,0,0,0,0,0,0,2
"404",1,0,0,0,0,0,0,5
"405",1,0,0,0,0,0,0,3
"406",1,0,0,0,0,0,0,4
"407",1,0,0,0,0,0,0,2
"408",1,0,0,0,0,0,0,26
"409",1,0,0,0,0,0,0,5
"410",1,0,0,0,0,0,0,5
"411",1,0,0,0,0,0,0,3
"412",1,0,0,0,0,0,0,2
"413",1,0,0,0,0,0,0,2
"414",1,0,0,0,0,0,0,15
"415",1,0,0,0,0,0,0,2
"416",1,0,0,0,0,0,0,2
"417",1,0,0,0,0,0,0,2
"418",1,0,0,0,0,0,0,3
"419",1,0,0,0,0,0,0,35
"420",1,0,0,0,0,0,0,112
"421",1,0,0,0,0,0,0,4
"422",1,0,0,0,0,0,0,5
"423",1,0,0,0,0,0,0,1
"424",1,0,0,0,0,0,0,1
"425",1,0,0,0,0,0,0,15
"426",1,0,0,0,0,0,0,10
"427",1,0,0,0,0,0,0,18
"428",1,0,0,0,0,0,0,10
"429",1,0,0,0,0,0,0,5
"430",1,0,0,0,0,0,0,3
"431",1,0,0,0,0,0,0,4
"432",1,0,0,0,0,0,0,6
"433",1,0,0,0,0,0,0,5
"434",1,0,0,0,0,0,0,5
"435",1,0,0,0,0,0,0,6
"436",1,0,0,0,0,0,0,14
"437",1,0,0,0,0,0,0,7
"438",1,0,0,0,0,0,0,5
"439",1,0,0,0,0,0,0,4
"440",1,0,0,0,0,0,0,13
"441",1,0,0,0,0,0,0,7
"442",1,0,0,0,0,0,0,7
"443",1,0,0,0,0,0,0,4
"444",1,0,0,0,0,0,0,11
"445",1,0,0,0,0,0,0,16
"446",1,0,0,0,0,0,0,3
"447",1,0,0,0,0,0,0,180
"448",1,0,0,0,0,0,0,5
"449",1,0,0,0,0,0,0,5
"450",1,0,0,0,0,0,0,10
"451",1,0,0,0,0,0,0,4
"452",1,0,0,0,0,0,0,12
"453",1,0,0,0,0,0,0,4
"454",1,0,0,0,0,0,0,3
"455",1,0,0,0,0,0,0,5
"456",1,0,0,0,0,0,0,3
"457",1,0,0,0,0,0,0,2
"458",1,0,0,0,0,0,0,32
"459",1,0,0,0,0,0,0,16
"460",1,0,0,0,0,0,0,7
"461",1,0,0,0,0,0,0,13
"462",1,0,0,0,0,0,0,8
"463",1,0,0,0,0,0,0,10
"464",1,0,0,0,0,0,0,3
"465",1,0,0,0,0,0,0,23
"466",1,0,0,0,0,0,0,3
"467",1,0,0,0,0,0,0,10
"468",1,0,0,0,0,0,0,7
"469",1,0,0,0,0,0,0,3
"470",1,0,0,0,0,0,0,23
"471",1,0,0,0,0,0,0,11
"472",1,0,0,0,0,0,0,4
"473",1,0,0,0,0,0,0,5
"474",1,0,0,0,0,0,0,6
"475",1,0,0,0,0,0,0,12
"476",1,0,0,0,0,0,0,11
"477",1,0,0,0,0,0,0,7
"478",1,0,0,0,0,0,0,20
"479",1,0,0,0,0,0,0,1
"480",1,0,0,0,0,0,0,3
"481",1,0,0,0,0,0,0,3
"482",1,0,0,0,0,0,0,1
"483",1,0,0,0,0,0,0,9
"484",1,0,0,0,0,0,0,1
"485",1,0,0,0,0,0,0,30
"486",1,0,0,0,0,0,0,8
"487",1,0,0,0,0,0,0,12
"488",1,0,0,0,0,0,0,3
"489",1,0,0,0,0,0,0,3
"490",1,0,0,0,0,0,0,10
"491",1,0,0,0,0,0,0,6
"492",1,0,0,0,0,0,0,8
"493",1,0,0,0,0,0,0,10
"494",1,0,0,0,0,0,0,1
"495",1,0,0,0,0,0,0,5
"496",1,0,0,0,0,0,0,44
"497",1,0,0,0,0,0,0,5
"498",1,0,0,0,0,0,0,1
"499",1,0,0,0,0,0,0,2
"500",1,0,0,0,0,0,0,7
"501",1,0,0,0,0,0,0,7
"502",0,1,0,0,0,0,0,4
"503",0,1,0,0,0,0,0,12
"504",0,1,0,0,0,0,0,17
"505",0,1,0,0,0,0,0,18
"506",0,1,0,0,0,0,0,10
"507",0,1,0,0,0,0,0,3
"508",0,1,0,0,0,0,0,2
"509",0,1,0,0,0,0,0,10
"510",0,1,0,0,0,0,0,3
"511",0,1,0,0,0,0,0,9
"512",0,1,0,0,0,0,0,168
"513",0,1,0,0,0,0,0,1
"514",0,1,0,0,0,0,0,7
"515",0,1,0,0,0,0,0,5
"516",0,1,0,0,0,0,0,15
"517",0,1,0,0,0,0,0,3
"518",0,1,0,0,0,0,0,5
"519",0,1,0,0,0,0,0,6
"520",0,1,0,0,0,0,0,3
"521",0,1,0,0,0,0,0,13
"522",0,1,0,0,0,0,0,8
"523",0,1,0,0,0,0,0,7
"524",0,1,0,0,0,0,0,10
"525",0,1,0,0,0,0,0,22
"526",0,1,0,0,0,0,0,20
"527",0,1,0,0,0,0,0,40
"528",0,1,0,0,0,0,0,44
"529",0,1,0,0,0,0,0,16
"530",0,1,0,0,0,0,0,9
"531",0,1,0,0,0,0,0,4
"532",0,1,0,0,0,0,0,12
"533",0,1,0,0,0,0,0,45
"534",0,1,0,0,0,0,0,17
"535",0,1,0,0,0,0,0,13
"536",0,1,0,0,0,0,0,6
"537",0,1,0,0,0,0,0,8
"538",0,1,0,0,0,0,0,3
"539",0,1,0,0,0,0,0,1
"540",0,1,0,0,0,0,0,3
"541",0,1,0,0,0,0,0,67
"542",0,1,0,0,0,0,0,2
"543",0,1,0,0,0,0,0,10
"544",0,1,0,0,0,0,0,4
"545",0,1,0,0,0,0,0,2
"546",0,1,0,0,0,0,0,4
"547",0,1,0,0,0,0,0,5
"548",0,1,0,0,0,0,0,1
"549",0,1,0,0,0,0,0,5
"550",0,1,0,0,0,0,0,6
"551",0,1,0,0,0,0,0,1
"552",0,1,0,0,0,0,0,3
"553",0,1,0,0,0,0,0,3
"554",0,1,0,0,0,0,0,7
"555",0,1,0,0,0,0,0,8
"556",0,1,0,0,0,0,0,9
"557",0,1,0,0,0,0,0,15
"558",0,1,0,0,0,0,0,20
"559",0,1,0,0,0,0,0,17
"560",0,1,0,0,0,0,0,15
"561",0,1,0,0,0,0,0,9
"562",0,1,0,0,0,0,0,29
"563",0,1,0,0,0,0,0,9
"564",0,1,0,0,0,0,0,6
"565",0,1,0,0,0,0,0,5
"566",0,1,0,0,0,0,0,9
"567",0,1,0,0,0,0,0,9
"568",0,1,0,0,0,0,0,168
"569",0,1,0,0,0,0,0,1
"570",0,1,0,0,0,0,0,7
"571",0,1,0,0,0,0,0,5
"572",0,1,0,0,0,0,0,14
"573",0,1,0,0,0,0,0,15
"574",0,1,0,0,0,0,0,3
"575",0,1,0,0,0,0,0,5
"576",0,1,0,0,0,0,0,6
"577",0,1,0,0,0,0,0,4
"578",0,1,0,0,0,0,0,3
"579",0,1,0,0,0,0,0,15
"580",0,1,0,0,0,0,0,2
"581",0,1,0,0,0,0,0,3
"582",0,1,0,0,0,0,0,3
"583",0,1,0,0,0,0,0,3
"584",0,1,0,0,0,0,0,14
"585",0,1,0,0,0,0,0,3
"586",0,1,0,0,0,0,0,12
"587",0,1,0,0,0,0,0,3
"588",0,1,0,0,0,0,0,7
"589",0,1,0,0,0,0,0,26
"590",0,1,0,0,0,0,0,27
"591",0,1,0,0,0,0,0,45
"592",0,1,0,0,0,0,0,21
"593",0,1,0,0,0,0,0,16
"594",0,1,0,0,0,0,0,15
"595",0,1,0,0,0,0,0,17
"596",0,1,0,0,0,0,0,11
"597",0,1,0,0,0,0,0,1
"598",0,1,0,0,0,0,0,1
"599",0,1,0,0,0,0,0,3
"600",0,1,0,0,0,0,0,2
"601",0,1,0,0,0,0,0,13
"602",0,1,0,0,0,0,0,6
"603",0,1,0,0,0,0,0,8
"604",0,1,0,0,0,0,0,3
"605",0,1,0,0,0,0,0,8
"606",0,1,0,0,0,0,0,3
"607",0,1,0,0,0,0,0,1
"608",0,1,0,0,0,0,0,3
"609",0,1,0,0,0,0,0,67
"610",0,1,0,0,0,0,0,2
"611",0,1,0,0,0,0,0,5
"612",0,1,0,0,0,0,0,6
"613",0,1,0,0,0,0,0,10
"614",0,1,0,0,0,0,0,13
"615",0,1,0,0,0,0,0,11
"616",0,1,0,0,0,0,0,13
"617",0,1,0,0,0,0,0,5
"618",0,1,0,0,0,0,0,6
"619",0,1,0,0,0,0,0,22
"620",0,1,0,0,0,0,0,74
"621",0,1,0,0,0,0,0,3
"622",0,1,0,0,0,0,0,7
"623",0,1,0,0,0,0,0,1
"624",0,1,0,0,0,0,0,3
"625",0,1,0,0,0,0,0,67
"626",0,1,0,0,0,0,0,2
"627",0,1,0,0,0,0,0,10
"628",0,1,0,0,0,0,0,4
"629",0,1,0,0,0,0,0,1
"630",0,1,0,0,0,0,0,2
"631",0,1,0,0,0,0,0,4
"632",0,1,0,0,0,0,0,5
"633",0,1,0,0,0,0,0,1
"634",0,1,0,0,0,0,0,5
"635",0,1,0,0,0,0,0,5
"636",0,1,0,0,0,0,0,4
"637",0,1,0,0,0,0,0,70
"638",0,1,0,0,0,0,0,4
"639",0,1,0,0,0,0,0,5
"640",0,1,0,0,0,0,0,3
"641",0,1,0,0,0,0,0,2
"642",0,1,0,0,0,0,0,7
"643",0,1,0,0,0,0,0,3
"644",0,1,0,0,0,0,0,5
"645",0,1,0,0,0,0,0,9
"646",0,1,0,0,0,0,0,6
"647",0,1,0,0,0,0,0,2
"648",0,1,0,0,0,0,0,6
"649",0,1,0,0,0,0,0,7
"650",0,1,0,0,0,0,0,15
"651",0,1,0,0,0,0,0,1
"652",0,1,0,0,0,0,0,3
"653",0,1,0,0,0,0,0,3
"654",0,1,0,0,0,0,0,6
"655",0,1,0,0,0,0,0,90
"656",0,1,0,0,0,0,0,7
"657",0,1,0,0,0,0,0,8
"658",0,1,0,0,0,0,0,9
"659",0,1,0,0,0,0,0,15
"660",0,1,0,0,0,0,0,21
"661",0,1,0,0,0,0,0,20
"662",0,1,0,0,0,0,0,17
"663",0,1,0,0,0,0,0,14
"664",0,1,0,0,0,0,0,15
"665",0,1,0,0,0,0,0,9
"666",0,1,0,0,0,0,0,3
"667",0,1,0,0,0,0,0,2
"668",0,1,0,0,0,0,0,1
"669",0,1,0,0,0,0,0,28
"670",0,1,0,0,0,0,0,19
"671",0,1,0,0,0,0,0,9
"672",0,1,0,0,0,0,0,7
"673",0,1,0,0,0,0,0,26
"674",0,1,0,0,0,0,0,2
"675",0,1,0,0,0,0,0,8
"676",0,1,0,0,0,0,0,14
"677",0,1,0,0,0,0,0,22
"678",0,1,0,0,0,0,0,2
"679",0,1,0,0,0,0,0,3
"680",0,1,0,0,0,0,0,32
"681",0,1,0,0,0,0,0,1
"682",0,1,0,0,0,0,0,7
"683",0,1,0,0,0,0,0,1
"684",0,1,0,0,0,0,0,2
"685",0,1,0,0,0,0,0,10
"686",0,1,0,0,0,0,0,4
"687",0,1,0,0,0,0,0,29
"688",0,1,0,0,0,0,0,9
"689",0,1,0,0,0,0,0,6
"690",0,1,0,0,0,0,0,5
"691",0,1,0,0,0,0,0,9
"692",0,1,0,0,0,0,0,3
"693",0,1,0,0,0,0,0,2
"694",0,1,0,0,0,0,0,1
"695",0,1,0,0,0,0,0,2
"696",0,1,0,0,0,0,0,7
"697",0,1,0,0,0,0,0,2
"698",0,1,0,0,0,0,0,3
"699",0,1,0,0,0,0,0,2
"700",0,1,0,0,0,0,0,9
"701",0,1,0,0,0,0,0,168
"702",0,1,0,0,0,0,0,1
"703",0,1,0,0,0,0,0,7
"704",0,1,0,0,0,0,0,5
"705",0,1,0,0,0,0,0,30
"706",0,1,0,0,0,0,0,150
"707",0,1,0,0,0,0,0,4
"708",0,1,0,0,0,0,0,28
"709",0,1,0,0,0,0,0,13
"710",0,1,0,0,0,0,0,9
"711",0,1,0,0,0,0,0,4
"712",0,1,0,0,0,0,0,17
"713",0,1,0,0,0,0,0,8
"714",0,1,0,0,0,0,0,5
"715",0,1,0,0,0,0,0,10
"716",0,1,0,0,0,0,0,1
"717",0,1,0,0,0,0,0,6
"718",0,1,0,0,0,0,0,7
"719",0,1,0,0,0,0,0,13
"720",0,1,0,0,0,0,0,25
"721",0,1,0,0,0,0,0,69
"722",0,1,0,0,0,0,0,5
"723",0,1,0,0,0,0,0,2
"724",0,1,0,0,0,0,0,14
"725",0,1,0,0,0,0,0,1
"726",0,1,0,0,0,0,0,15
"727",0,1,0,0,0,0,0,3
"728",0,1,0,0,0,0,0,5
"729",0,1,0,0,0,0,0,6
"730",0,1,0,0,0,0,0,15
"731",0,1,0,0,0,0,0,4
"732",0,1,0,0,0,0,0,5
"733",0,1,0,0,0,0,0,28
"734",0,1,0,0,0,0,0,3
"735",0,1,0,0,0,0,0,2
"736",0,1,0,0,0,0,0,3
"737",0,1,0,0,0,0,0,3
"738",0,1,0,0,0,0,0,3
"739",0,1,0,0,0,0,0,10
"740",0,1,0,0,0,0,0,4
"741",0,1,0,0,0,0,0,3
"742",0,1,0,0,0,0,0,75
"743",0,1,0,0,0,0,0,14
"744",0,1,0,0,0,0,0,2
"745",0,1,0,0,0,0,0,3
"746",0,1,0,0,0,0,0,3
"747",0,1,0,0,0,0,0,14
"748",0,1,0,0,0,0,0,7
"749",0,1,0,0,0,0,0,15
"750",0,1,0,0,0,0,0,7
"751",0,1,0,0,0,0,0,12
"752",0,1,0,0,0,0,0,4
"753",0,1,0,0,0,0,0,6
"754",0,1,0,0,0,0,0,3
"755",0,1,0,0,0,0,0,1
"756",0,1,0,0,0,0,0,5
"757",0,1,0,0,0,0,0,6
"758",0,1,0,0,0,0,0,11
"759",0,1,0,0,0,0,0,1
"760",0,1,0,0,0,0,0,10
"761",0,1,0,0,0,0,0,3
"762",0,1,0,0,0,0,0,33
"763",0,1,0,0,0,0,0,12
"764",0,1,0,0,0,0,0,42
"765",0,1,0,0,0,0,0,4
"766",0,1,0,0,0,0,0,3
"767",0,1,0,0,0,0,0,15
"768",0,1,0,0,0,0,0,6
"769",0,1,0,0,0,0,0,3
"770",0,1,0,0,0,0,0,13
"771",0,1,0,0,0,0,0,5
"772",0,1,0,0,0,0,0,12
"773",0,1,0,0,0,0,0,3
"774",0,1,0,0,0,0,0,6
"775",0,1,0,0,0,0,0,8
"776",0,1,0,0,0,0,0,4
"777",0,1,0,0,0,0,0,3
"778",0,1,0,0,0,0,0,54
"779",0,1,0,0,0,0,0,9
"780",0,1,0,0,0,0,0,13
"781",0,1,0,0,0,0,0,7
"782",0,1,0,0,0,0,0,4
"783",0,1,0,0,0,0,0,3
"784",0,1,0,0,0,0,0,5
"785",0,1,0,0,0,0,0,21
"786",0,1,0,0,0,0,0,13
"787",0,1,0,0,0,0,0,7
"788",0,1,0,0,0,0,0,9
"789",0,1,0,0,0,0,0,4
"790",0,1,0,0,0,0,0,3
"791",0,1,0,0,0,0,0,3
"792",0,1,0,0,0,0,0,180
"793",0,1,0,0,0,0,0,1
"794",0,1,0,0,0,0,0,18
"795",0,1,0,0,0,0,0,5
"796",0,1,0,0,0,0,0,7
"797",0,1,0,0,0,0,0,9
"798",0,1,0,0,0,0,0,5
"799",0,1,0,0,0,0,0,30
"800",0,1,0,0,0,0,0,5
"801",0,1,0,0,0,0,0,13
"802",0,1,0,0,0,0,0,4
"803",0,1,0,0,0,0,0,4
"804",0,1,0,0,0,0,0,4
"805",0,1,0,0,0,0,0,3
"806",0,1,0,0,0,0,0,3
"807",0,1,0,0,0,0,0,28
"808",0,1,0,0,0,0,0,1
"809",0,1,0,0,0,0,0,7
"810",0,1,0,0,0,0,0,6
"811",0,1,0,0,0,0,0,16
"812",0,1,0,0,0,0,0,8
"813",0,1,0,0,0,0,0,4
"814",0,1,0,0,0,0,0,2
"815",0,1,0,0,0,0,0,7
"816",0,1,0,0,0,0,0,14
"817",0,1,0,0,0,0,0,23
"818",0,1,0,0,0,0,0,5
"819",0,1,0,0,0,0,0,36
"820",0,1,0,0,0,0,0,30
"821",0,1,0,0,0,0,0,16
"822",0,1,0,0,0,0,0,7
"823",0,1,0,0,0,0,0,33
"824",0,1,0,0,0,0,0,4
"825",0,1,0,0,0,0,0,7
"826",0,1,0,0,0,0,0,1
"827",0,1,0,0,0,0,0,9
"828",0,1,0,0,0,0,0,2
"829",0,1,0,0,0,0,0,4
"830",0,1,0,0,0,0,0,10
"831",0,1,0,0,0,0,0,4
"832",0,1,0,0,0,0,0,8
"833",0,1,0,0,0,0,0,10
"834",0,1,0,0,0,0,0,6
"835",0,1,0,0,0,0,0,6
"836",0,1,0,0,0,0,0,5
"837",0,1,0,0,0,0,0,10
"838",0,1,0,0,0,0,0,5
"839",0,1,0,0,0,0,0,20
"840",0,1,0,0,0,0,0,7
"841",0,1,0,0,0,0,0,13
"842",0,1,0,0,0,0,0,5
"843",0,1,0,0,0,0,0,3
"844",0,1,0,0,0,0,0,7
"845",0,1,0,0,0,0,0,4
"846",0,1,0,0,0,0,0,5
"847",0,1,0,0,0,0,0,3
"848",0,1,0,0,0,0,0,2
"849",0,1,0,0,0,0,0,9
"850",0,1,0,0,0,0,0,100
"851",0,1,0,0,0,0,0,6
"852",0,1,0,0,0,0,0,7
"853",0,1,0,0,0,0,0,3
"854",0,1,0,0,0,0,0,6
"855",0,1,0,0,0,0,0,4
"856",0,1,0,0,0,0,0,7
"857",0,1,0,0,0,0,0,13
"858",0,1,0,0,0,0,0,26
"859",0,1,0,0,0,0,0,7
"860",0,1,0,0,0,0,0,3
"861",0,1,0,0,0,0,0,7
"862",0,1,0,0,0,0,0,2
"863",0,1,0,0,0,0,0,2
"864",0,1,0,0,0,0,0,5
"865",0,1,0,0,0,0,0,3
"866",0,1,0,0,0,0,0,6
"867",0,1,0,0,0,0,0,2
"868",0,1,0,0,0,0,0,7
"869",0,1,0,0,0,0,0,9
"870",0,1,0,0,0,0,0,1
"871",0,1,0,0,0,0,0,2
"872",0,1,0,0,0,0,0,3
"873",0,1,0,0,0,0,0,2
"874",0,1,0,0,0,0,0,55
"875",0,1,0,0,0,0,0,3
"876",0,1,0,0,0,0,0,1
"877",0,1,0,0,0,0,0,3
"878",0,1,0,0,0,0,0,3
"879",0,1,0,0,0,0,0,57
"880",0,1,0,0,0,0,0,30
"881",0,1,0,0,0,0,0,7
"882",0,1,0,0,0,0,0,3
"883",0,1,0,0,0,0,0,15
"884",0,1,0,0,0,0,0,10
"885",0,1,0,0,0,0,0,4
"886",0,1,0,0,0,0,0,9
"887",0,1,0,0,0,0,0,5
"888",0,1,0,0,0,0,0,1
"889",0,1,0,0,0,0,0,5
"890",0,1,0,0,0,0,0,10
"891",0,1,0,0,0,0,0,30
"892",0,1,0,0,0,0,0,6
"893",0,1,0,0,0,0,0,3
"894",0,1,0,0,0,0,0,7
"895",0,1,0,0,0,0,0,3
"896",0,1,0,0,0,0,0,2
"897",0,1,0,0,0,0,0,18
"898",0,1,0,0,0,0,0,8
"899",0,1,0,0,0,0,0,4
"900",0,1,0,0,0,0,0,6
"901",0,1,0,0,0,0,0,16
"902",0,1,0,0,0,0,0,8
"903",0,1,0,0,0,0,0,15
"904",0,1,0,0,0,0,0,14
"905",0,1,0,0,0,0,0,14
"906",0,1,0,0,0,0,0,5
"907",0,1,0,0,0,0,0,2
"908",0,1,0,0,0,0,0,3
"909",0,1,0,0,0,0,0,16
"910",0,1,0,0,0,0,0,13
"911",0,1,0,0,0,0,0,4
"912",0,1,0,0,0,0,0,7
"913",0,1,0,0,0,0,0,10
"914",0,1,0,0,0,0,0,3
"915",0,1,0,0,0,0,0,5
"916",0,1,0,0,0,0,0,1
"917",0,1,0,0,0,0,0,30
"918",0,1,0,0,0,0,0,14
"919",0,1,0,0,0,0,0,2
"920",0,1,0,0,0,0,0,4
"921",0,1,0,0,0,0,0,2
"922",0,1,0,0,0,0,0,1
"923",0,1,0,0,0,0,0,61
"924",0,1,0,0,0,0,0,1
"925",0,1,0,0,0,0,0,17
"926",0,1,0,0,0,0,0,9
"927",0,1,0,0,0,0,0,9
"928",0,1,0,0,0,0,0,7
"929",0,1,0,0,0,0,0,14
"930",0,1,0,0,0,0,0,5
"931",0,1,0,0,0,0,0,5
"932",0,1,0,0,0,0,0,12
"933",0,1,0,0,0,0,0,19
"934",0,1,0,0,0,0,0,23
"935",0,1,0,0,0,0,0,60
"936",0,1,0,0,0,0,0,3
"937",0,1,0,0,0,0,0,4
"938",0,1,0,0,0,0,0,4
"939",0,1,0,0,0,0,0,4
"940",0,1,0,0,0,0,0,9
"941",0,1,0,0,0,0,0,7
"942",0,1,0,0,0,0,0,12
"943",0,1,0,0,0,0,0,65
"944",0,1,0,0,0,0,0,8
"945",0,1,0,0,0,0,0,18
"946",0,1,0,0,0,0,0,16
"947",0,1,0,0,0,0,0,18
"948",0,1,0,0,0,0,0,15
"949",0,1,0,0,0,0,0,17
"950",0,1,0,0,0,0,0,2
"951",0,1,0,0,0,0,0,6
"952",0,1,0,0,0,0,0,4
"953",0,1,0,0,0,0,0,9
"954",0,1,0,0,0,0,0,8
"955",0,1,0,0,0,0,0,3
"956",0,1,0,0,0,0,0,15
"957",0,1,0,0,0,0,0,6
"958",0,1,0,0,0,0,0,5
"959",0,1,0,0,0,0,0,21
"960",0,1,0,0,0,0,0,4
"961",0,1,0,0,0,0,0,5
"962",0,1,0,0,0,0,0,2
"963",0,1,0,0,0,0,0,27
"964",0,1,0,0,0,0,0,8
"965",0,1,0,0,0,0,0,8
"966",0,1,0,0,0,0,0,10
"967",0,1,0,0,0,0,0,7
"968",0,1,0,0,0,0,0,10
"969",0,1,0,0,0,0,0,20
"970",0,1,0,0,0,0,0,4
"971",0,1,0,0,0,0,0,2
"972",0,1,0,0,0,0,0,3
"973",0,1,0,0,0,0,0,14
"974",0,1,0,0,0,0,0,3
"975",0,1,0,0,0,0,0,4
"976",0,1,0,0,0,0,0,4
"977",0,1,0,0,0,0,0,4
"978",0,1,0,0,0,0,0,4
"979",0,1,0,0,0,0,0,2
"980",0,1,0,0,0,0,0,3
"981",0,1,0,0,0,0,0,2
"982",0,1,0,0,0,0,0,6
"983",0,1,0,0,0,0,0,45
"984",0,1,0,0,0,0,0,2
"985",0,1,0,0,0,0,0,1
"986",0,1,0,0,0,0,0,8
"987",0,1,0,0,0,0,0,6
"988",0,1,0,0,0,0,0,3
"989",0,1,0,0,0,0,0,3
"990",0,1,0,0,0,0,0,3
"991",0,1,0,0,0,0,0,3
"992",0,1,0,0,0,0,0,4
"993",0,1,0,0,0,0,0,15
"994",0,1,0,0,0,0,0,3
"995",0,1,0,0,0,0,0,10
"996",0,1,0,0,0,0,0,2
"997",0,1,0,0,0,0,0,3
"998",0,1,0,0,0,0,0,1
"999",0,1,0,0,0,0,0,4
"1000",0,1,0,0,0,0,0,23
"1001",0,1,0,0,0,0,0,1
"1002",0,1,0,0,0,0,0,35
"1003",0,1,0,0,0,0,0,41
"1004",0,1,0,0,0,0,0,2
"1005",0,1,0,0,0,0,0,16
"1006",0,1,0,0,0,0,0,3
"1007",0,0,1,0,0,0,0,6
"1008",0,0,1,0,0,0,0,22
"1009",0,0,1,0,0,0,0,13
"1010",0,0,1,0,0,0,0,15
"1011",0,0,1,0,0,0,0,2
"1012",0,0,1,0,0,0,0,17
"1013",0,0,1,0,0,0,0,2
"1014",0,0,1,0,0,0,0,49
"1015",0,0,1,0,0,0,0,3
"1016",0,0,1,0,0,0,0,14
"1017",0,0,1,0,0,0,0,5
"1018",0,0,1,0,0,0,0,3
"1019",0,0,1,0,0,0,0,10
"1020",0,0,1,0,0,0,0,2
"1021",0,0,1,0,0,0,0,5
"1022",0,0,1,0,0,0,0,6
"1023",0,0,1,0,0,0,0,2
"1024",0,0,1,0,0,0,0,11
"1025",0,0,1,0,0,0,0,2
"1026",0,0,1,0,0,0,0,9
"1027",0,0,1,0,0,0,0,4
"1028",0,0,1,0,0,0,0,7
"1029",0,0,1,0,0,0,0,22
"1030",0,0,1,0,0,0,0,13
"1031",0,0,1,0,0,0,0,10
"1032",0,0,1,0,0,0,0,11
"1033",0,0,1,0,0,0,0,15
"1034",0,0,1,0,0,0,0,14
"1035",0,0,1,0,0,0,0,46
"1036",0,0,1,0,0,0,0,42
"1037",0,0,1,0,0,0,0,6
"1038",0,0,1,0,0,0,0,22
"1039",0,0,1,0,0,0,0,13
"1040",0,0,1,0,0,0,0,15
"1041",0,0,1,0,0,0,0,8
"1042",0,0,1,0,0,0,0,5
"1043",0,0,1,0,0,0,0,9
"1044",0,0,1,0,0,0,0,4
"1045",0,0,1,0,0,0,0,3
"1046",0,0,1,0,0,0,0,4
"1047",0,0,1,0,0,0,0,16
"1048",0,0,1,0,0,0,0,2
"1049",0,0,1,0,0,0,0,17
"1050",0,0,1,0,0,0,0,2
"1051",0,0,1,0,0,0,0,2
"1052",0,0,1,0,0,0,0,6
"1053",0,0,1,0,0,0,0,6
"1054",0,0,1,0,0,0,0,13
"1055",0,0,1,0,0,0,0,3
"1056",0,0,1,0,0,0,0,13
"1057",0,0,1,0,0,0,0,40
"1058",0,0,1,0,0,0,0,7
"1059",0,0,1,0,0,0,0,2
"1060",0,0,1,0,0,0,0,4
"1061",0,0,1,0,0,0,0,8
"1062",0,0,1,0,0,0,0,24
"1063",0,0,1,0,0,0,0,10
"1064",0,0,1,0,0,0,0,14
"1065",0,0,1,0,0,0,0,11
"1066",0,0,1,0,0,0,0,39
"1067",0,0,1,0,0,0,0,3
"1068",0,0,1,0,0,0,0,21
"1069",0,0,1,0,0,0,0,8
"1070",0,0,1,0,0,0,0,7
"1071",0,0,1,0,0,0,0,8
"1072",0,0,1,0,0,0,0,8
"1073",0,0,1,0,0,0,0,14
"1074",0,0,1,0,0,0,0,5
"1075",0,0,1,0,0,0,0,3
"1076",0,0,1,0,0,0,0,10
"1077",0,0,1,0,0,0,0,2
"1078",0,0,1,0,0,0,0,5
"1079",0,0,1,0,0,0,0,6
"1080",0,0,1,0,0,0,0,2
"1081",0,0,1,0,0,0,0,12
"1082",0,0,1,0,0,0,0,4
"1083",0,0,1,0,0,0,0,3
"1084",0,0,1,0,0,0,0,4
"1085",0,0,1,0,0,0,0,6
"1086",0,0,1,0,0,0,0,7
"1087",0,0,1,0,0,0,0,5
"1088",0,0,1,0,0,0,0,14
"1089",0,0,1,0,0,0,0,6
"1090",0,0,1,0,0,0,0,10
"1091",0,0,1,0,0,0,0,20
"1092",0,0,1,0,0,0,0,5
"1093",0,0,1,0,0,0,0,22
"1094",0,0,1,0,0,0,0,10
"1095",0,0,1,0,0,0,0,12
"1096",0,0,1,0,0,0,0,10
"1097",0,0,1,0,0,0,0,14
"1098",0,0,1,0,0,0,0,15
"1099",0,0,1,0,0,0,0,6
"1100",0,0,1,0,0,0,0,8
"1101",0,0,1,0,0,0,0,6
"1102",0,0,1,0,0,0,0,3
"1103",0,0,1,0,0,0,0,4
"1104",0,0,1,0,0,0,0,8
"1105",0,0,1,0,0,0,0,5
"1106",0,0,1,0,0,0,0,9
"1107",0,0,1,0,0,0,0,10
"1108",0,0,1,0,0,0,0,5
"1109",0,0,1,0,0,0,0,4
"1110",0,0,1,0,0,0,0,3
"1111",0,0,1,0,0,0,0,4
"1112",0,0,1,0,0,0,0,16
"1113",0,0,1,0,0,0,0,10
"1114",0,0,1,0,0,0,0,9
"1115",0,0,1,0,0,0,0,7
"1116",0,0,1,0,0,0,0,8
"1117",0,0,1,0,0,0,0,8
"1118",0,0,1,0,0,0,0,17
"1119",0,0,1,0,0,0,0,22
"1120",0,0,1,0,0,0,0,2
"1121",0,0,1,0,0,0,0,7
"1122",0,0,1,0,0,0,0,7
"1123",0,0,1,0,0,0,0,55
"1124",0,0,1,0,0,0,0,8
"1125",0,0,1,0,0,0,0,3
"1126",0,0,1,0,0,0,0,2
"1127",0,0,1,0,0,0,0,1
"1128",0,0,1,0,0,0,0,2
"1129",0,0,1,0,0,0,0,15
"1130",0,0,1,0,0,0,0,17
"1131",0,0,1,0,0,0,0,2
"1132",0,0,1,0,0,0,0,5
"1133",0,0,1,0,0,0,0,6
"1134",0,0,1,0,0,0,0,6
"1135",0,0,1,0,0,0,0,6
"1136",0,0,1,0,0,0,0,23
"1137",0,0,1,0,0,0,0,15
"1138",0,0,1,0,0,0,0,5
"1139",0,0,1,0,0,0,0,5
"1140",0,0,1,0,0,0,0,10
"1141",0,0,1,0,0,0,0,13
"1142",0,0,1,0,0,0,0,7
"1143",0,0,1,0,0,0,0,7
"1144",0,0,1,0,0,0,0,7
"1145",0,0,1,0,0,0,0,2
"1146",0,0,1,0,0,0,0,13
"1147",0,0,1,0,0,0,0,8
"1148",0,0,1,0,0,0,0,1
"1149",0,0,1,0,0,0,0,6
"1150",0,0,1,0,0,0,0,2
"1151",0,0,1,0,0,0,0,15
"1152",0,0,1,0,0,0,0,4
"1153",0,0,1,0,0,0,0,40
"1154",0,0,1,0,0,0,0,7
"1155",0,0,1,0,0,0,0,2
"1156",0,0,1,0,0,0,0,4
"1157",0,0,1,0,0,0,0,4
"1158",0,0,1,0,0,0,0,3
"1159",0,0,1,0,0,0,0,4
"1160",0,0,1,0,0,0,0,8
"1161",0,0,1,0,0,0,0,24
"1162",0,0,1,0,0,0,0,10
"1163",0,0,1,0,0,0,0,10
"1164",0,0,1,0,0,0,0,14
"1165",0,0,1,0,0,0,0,13
"1166",0,0,1,0,0,0,0,8
"1167",0,0,1,0,0,0,0,39
"1168",0,0,1,0,0,0,0,3
"1169",0,0,1,0,0,0,0,14
"1170",0,0,1,0,0,0,0,10
"1171",0,0,1,0,0,0,0,13
"1172",0,0,1,0,0,0,0,8
"1173",0,0,1,0,0,0,0,17
"1174",0,0,1,0,0,0,0,12
"1175",0,0,1,0,0,0,0,25
"1176",0,0,1,0,0,0,0,4
"1177",0,0,1,0,0,0,0,2
"1178",0,0,1,0,0,0,0,30
"1179",0,0,1,0,0,0,0,1
"1180",0,0,1,0,0,0,0,7
"1181",0,0,1,0,0,0,0,13
"1182",0,0,1,0,0,0,0,3
"1183",0,0,1,0,0,0,0,2
"1184",0,0,1,0,0,0,0,8
"1185",0,0,1,0,0,0,0,19
"1186",0,0,1,0,0,0,0,5
"1187",0,0,1,0,0,0,0,20
"1188",0,0,1,0,0,0,0,33
"1189",0,0,1,0,0,0,0,21
"1190",0,0,1,0,0,0,0,8
"1191",0,0,1,0,0,0,0,7
"1192",0,0,1,0,0,0,0,8
"1193",0,0,1,0,0,0,0,8
"1194",0,0,1,0,0,0,0,2
"1195",0,0,1,0,0,0,0,8
"1196",0,0,1,0,0,0,0,7
"1197",0,0,1,0,0,0,0,2
"1198",0,0,1,0,0,0,0,7
"1199",0,0,1,0,0,0,0,4
"1200",0,0,1,0,0,0,0,14
"1201",0,0,1,0,0,0,0,5
"1202",0,0,1,0,0,0,0,3
"1203",0,0,1,0,0,0,0,10
"1204",0,0,1,0,0,0,0,2
"1205",0,0,1,0,0,0,0,28
"1206",0,0,1,0,0,0,0,6
"1207",0,0,1,0,0,0,0,4
"1208",0,0,1,0,0,0,0,12
"1209",0,0,1,0,0,0,0,6
"1210",0,0,1,0,0,0,0,2
"1211",0,0,1,0,0,0,0,5
"1212",0,0,1,0,0,0,0,3
"1213",0,0,1,0,0,0,0,3
"1214",0,0,1,0,0,0,0,119
"1215",0,0,1,0,0,0,0,5
"1216",0,0,1,0,0,0,0,3
"1217",0,0,1,0,0,0,0,5
"1218",0,0,1,0,0,0,0,14
"1219",0,0,1,0,0,0,0,20
"1220",0,0,1,0,0,0,0,21
"1221",0,0,1,0,0,0,0,128
"1222",0,0,1,0,0,0,0,2
"1223",0,0,1,0,0,0,0,5
"1224",0,0,1,0,0,0,0,6
"1225",0,0,1,0,0,0,0,2
"1226",0,0,1,0,0,0,0,1
"1227",0,0,1,0,0,0,0,10
"1228",0,0,1,0,0,0,0,4
"1229",0,0,1,0,0,0,0,4
"1230",0,0,1,0,0,0,0,3
"1231",0,0,1,0,0,0,0,4
"1232",0,0,1,0,0,0,0,6
"1233",0,0,1,0,0,0,0,7
"1234",0,0,1,0,0,0,0,2
"1235",0,0,1,0,0,0,0,3
"1236",0,0,1,0,0,0,0,5
"1237",0,0,1,0,0,0,0,5
"1238",0,0,1,0,0,0,0,2
"1239",0,0,1,0,0,0,0,27
"1240",0,0,1,0,0,0,0,7
"1241",0,0,1,0,0,0,0,36
"1242",0,0,1,0,0,0,0,1
"1243",0,0,1,0,0,0,0,110
"1244",0,0,1,0,0,0,0,4
"1245",0,0,1,0,0,0,0,2
"1246",0,0,1,0,0,0,0,10
"1247",0,0,1,0,0,0,0,32
"1248",0,0,1,0,0,0,0,9
"1249",0,0,1,0,0,0,0,2
"1250",0,0,1,0,0,0,0,3
"1251",0,0,1,0,0,0,0,37
"1252",0,0,1,0,0,0,0,8
"1253",0,0,1,0,0,0,0,2
"1254",0,0,1,0,0,0,0,3
"1255",0,0,1,0,0,0,0,3
"1256",0,0,1,0,0,0,0,3
"1257",0,0,1,0,0,0,0,53
"1258",0,0,1,0,0,0,0,19
"1259",0,0,1,0,0,0,0,1
"1260",0,0,1,0,0,0,0,1
"1261",0,0,1,0,0,0,0,3
"1262",0,0,1,0,0,0,0,47
"1263",0,0,1,0,0,0,0,6
"1264",0,0,1,0,0,0,0,11
"1265",0,0,1,0,0,0,0,5
"1266",0,0,1,0,0,0,0,10
"1267",0,0,1,0,0,0,0,3
"1268",0,0,1,0,0,0,0,12
"1269",0,0,1,0,0,0,0,2
"1270",0,0,1,0,0,0,0,3
"1271",0,0,1,0,0,0,0,3
"1272",0,0,1,0,0,0,0,6
"1273",0,0,1,0,0,0,0,2
"1274",0,0,1,0,0,0,0,6
"1275",0,0,1,0,0,0,0,8
"1276",0,0,1,0,0,0,0,7
"1277",0,0,1,0,0,0,0,42
"1278",0,0,1,0,0,0,0,7
"1279",0,0,1,0,0,0,0,8
"1280",0,0,1,0,0,0,0,7
"1281",0,0,1,0,0,0,0,6
"1282",0,0,1,0,0,0,0,3
"1283",0,0,1,0,0,0,0,19
"1284",0,0,1,0,0,0,0,2
"1285",0,0,1,0,0,0,0,2
"1286",0,0,1,0,0,0,0,14
"1287",0,0,1,0,0,0,0,3
"1288",0,0,1,0,0,0,0,3
"1289",0,0,1,0,0,0,0,147
"1290",0,0,1,0,0,0,0,5
"1291",0,0,1,0,0,0,0,4
"1292",0,0,1,0,0,0,0,3
"1293",0,0,1,0,0,0,0,3
"1294",0,0,1,0,0,0,0,6
"1295",0,0,1,0,0,0,0,2
"1296",0,0,1,0,0,0,0,6
"1297",0,0,1,0,0,0,0,8
"1298",0,0,1,0,0,0,0,2
"1299",0,0,1,0,0,0,0,3
"1300",0,0,1,0,0,0,0,2
"1301",0,0,1,0,0,0,0,7
"1302",0,0,1,0,0,0,0,28
"1303",0,0,1,0,0,0,0,27
"1304",0,0,1,0,0,0,0,3
"1305",0,0,1,0,0,0,0,3
"1306",0,0,1,0,0,0,0,24
"1307",0,0,1,0,0,0,0,5
"1308",0,0,1,0,0,0,0,5
"1309",0,0,1,0,0,0,0,5
"1310",0,0,1,0,0,0,0,13
"1311",0,0,1,0,0,0,0,3
"1312",0,0,1,0,0,0,0,5
"1313",0,0,1,0,0,0,0,11
"1314",0,0,1,0,0,0,0,3
"1315",0,0,1,0,0,0,0,3
"1316",0,0,1,0,0,0,0,4
"1317",0,0,1,0,0,0,0,5
"1318",0,0,1,0,0,0,0,29
"1319",0,0,1,0,0,0,0,2
"1320",0,0,1,0,0,0,0,14
"1321",0,0,1,0,0,0,0,5
"1322",0,0,1,0,0,0,0,6
"1323",0,0,1,0,0,0,0,14
"1324",0,0,1,0,0,0,0,3
"1325",0,0,1,0,0,0,0,2
"1326",0,0,1,0,0,0,0,4
"1327",0,0,1,0,0,0,0,9
"1328",0,0,1,0,0,0,0,10
"1329",0,0,1,0,0,0,0,14
"1330",0,0,1,0,0,0,0,5
"1331",0,0,1,0,0,0,0,8
"1332",0,0,1,0,0,0,0,10
"1333",0,0,1,0,0,0,0,2
"1334",0,0,1,0,0,0,0,1
"1335",0,0,1,0,0,0,0,5
"1336",0,0,1,0,0,0,0,2
"1337",0,0,1,0,0,0,0,4
"1338",0,0,1,0,0,0,0,2
"1339",0,0,1,0,0,0,0,7
"1340",0,0,1,0,0,0,0,5
"1341",0,0,1,0,0,0,0,4
"1342",0,0,1,0,0,0,0,10
"1343",0,0,1,0,0,0,0,1
"1344",0,0,1,0,0,0,0,5
"1345",0,0,1,0,0,0,0,7
"1346",0,0,1,0,0,0,0,3
"1347",0,0,1,0,0,0,0,5
"1348",0,0,1,0,0,0,0,4
"1349",0,0,1,0,0,0,0,9
"1350",0,0,1,0,0,0,0,10
"1351",0,0,1,0,0,0,0,5
"1352",0,0,1,0,0,0,0,3
"1353",0,0,1,0,0,0,0,5
"1354",0,0,1,0,0,0,0,25
"1355",0,0,1,0,0,0,0,12
"1356",0,0,1,0,0,0,0,15
"1357",0,0,1,0,0,0,0,7
"1358",0,0,1,0,0,0,0,5
"1359",0,0,1,0,0,0,0,1
"1360",0,0,1,0,0,0,0,5
"1361",0,0,1,0,0,0,0,9
"1362",0,0,1,0,0,0,0,4
"1363",0,0,1,0,0,0,0,3
"1364",0,0,1,0,0,0,0,4
"1365",0,0,1,0,0,0,0,3
"1366",0,0,1,0,0,0,0,2
"1367",0,0,1,0,0,0,0,1
"1368",0,0,1,0,0,0,0,6
"1369",0,0,1,0,0,0,0,2
"1370",0,0,1,0,0,0,0,3
"1371",0,0,1,0,0,0,0,5
"1372",0,0,1,0,0,0,0,56
"1373",0,0,1,0,0,0,0,25
"1374",0,0,1,0,0,0,0,1
"1375",0,0,1,0,0,0,0,16
"1376",0,0,1,0,0,0,0,2
"1377",0,0,1,0,0,0,0,10
"1378",0,0,1,0,0,0,0,2
"1379",0,0,1,0,0,0,0,6
"1380",0,0,1,0,0,0,0,5
"1381",0,0,1,0,0,0,0,9
"1382",0,0,1,0,0,0,0,147
"1383",0,0,1,0,0,0,0,9
"1384",0,0,1,0,0,0,0,2
"1385",0,0,1,0,0,0,0,28
"1386",0,0,1,0,0,0,0,5
"1387",0,0,1,0,0,0,0,4
"1388",0,0,1,0,0,0,0,3
"1389",0,0,1,0,0,0,0,8
"1390",0,0,1,0,0,0,0,7
"1391",0,0,1,0,0,0,0,7
"1392",0,0,1,0,0,0,0,5
"1393",0,0,1,0,0,0,0,4
"1394",0,0,1,0,0,0,0,8
"1395",0,0,1,0,0,0,0,6
"1396",0,0,1,0,0,0,0,28
"1397",0,0,1,0,0,0,0,4
"1398",0,0,1,0,0,0,0,23
"1399",0,0,1,0,0,0,0,3
"1400",0,0,1,0,0,0,0,4
"1401",0,0,1,0,0,0,0,7
"1402",0,0,1,0,0,0,0,6
"1403",0,0,1,0,0,0,0,7
"1404",0,0,1,0,0,0,0,12
"1405",0,0,1,0,0,0,0,3
"1406",0,0,1,0,0,0,0,3
"1407",0,0,1,0,0,0,0,14
"1408",0,0,1,0,0,0,0,5
"1409",0,0,1,0,0,0,0,2
"1410",0,0,1,0,0,0,0,14
"1411",0,0,1,0,0,0,0,9
"1412",0,0,1,0,0,0,0,4
"1413",0,0,1,0,0,0,0,2
"1414",0,0,1,0,0,0,0,5
"1415",0,0,1,0,0,0,0,27
"1416",0,0,1,0,0,0,0,4
"1417",0,0,1,0,0,0,0,28
"1418",0,0,1,0,0,0,0,6
"1419",0,0,1,0,0,0,0,1
"1420",0,0,1,0,0,0,0,1
"1421",0,0,1,0,0,0,0,2
"1422",0,0,1,0,0,0,0,5
"1423",0,0,1,0,0,0,0,3
"1424",0,0,1,0,0,0,0,14
"1425",0,0,1,0,0,0,0,3
"1426",0,0,1,0,0,0,0,20
"1427",0,0,1,0,0,0,0,3
"1428",0,0,1,0,0,0,0,3
"1429",0,0,1,0,0,0,0,11
"1430",0,0,1,0,0,0,0,11
"1431",0,0,1,0,0,0,0,5
"1432",0,0,1,0,0,0,0,3
"1433",0,0,1,0,0,0,0,14
"1434",0,0,1,0,0,0,0,5
"1435",0,0,1,0,0,0,0,4
"1436",0,0,1,0,0,0,0,3
"1437",0,0,1,0,0,0,0,5
"1438",0,0,1,0,0,0,0,7
"1439",0,0,1,0,0,0,0,15
"1440",0,0,1,0,0,0,0,18
"1441",0,0,1,0,0,0,0,7
"1442",0,0,1,0,0,0,0,5
"1443",0,0,1,0,0,0,0,3
"1444",0,0,1,0,0,0,0,2
"1445",0,0,1,0,0,0,0,2
"1446",0,0,1,0,0,0,0,61
"1447",0,0,1,0,0,0,0,14
"1448",0,0,1,0,0,0,0,5
"1449",0,0,1,0,0,0,0,85
"1450",0,0,1,0,0,0,0,3
"1451",0,0,1,0,0,0,0,3
"1452",0,0,1,0,0,0,0,5
"1453",0,0,1,0,0,0,0,3
"1454",0,0,1,0,0,0,0,4
"1455",0,0,1,0,0,0,0,84
"1456",0,0,1,0,0,0,0,5
"1457",0,0,1,0,0,0,0,5
"1458",0,0,1,0,0,0,0,20
"1459",0,0,1,0,0,0,0,10
"1460",0,0,1,0,0,0,0,10
"1461",0,0,1,0,0,0,0,7
"1462",0,0,1,0,0,0,0,8
"1463",0,0,1,0,0,0,0,1
"1464",0,0,1,0,0,0,0,4
"1465",0,0,1,0,0,0,0,10
"1466",0,0,1,0,0,0,0,4
"1467",0,0,1,0,0,0,0,10
"1468",0,0,1,0,0,0,0,17
"1469",0,0,1,0,0,0,0,6
"1470",0,0,1,0,0,0,0,2
"1471",0,0,1,0,0,0,0,5
"1472",0,0,1,0,0,0,0,2
"1473",0,0,1,0,0,0,0,14
"1474",0,0,1,0,0,0,0,5
"1475",0,0,1,0,0,0,0,10
"1476",0,0,1,0,0,0,0,3
"1477",0,0,1,0,0,0,0,2
"1478",0,0,1,0,0,0,0,3
"1479",0,0,1,0,0,0,0,6
"1480",0,0,1,0,0,0,0,5
"1481",0,0,1,0,0,0,0,14
"1482",0,0,1,0,0,0,0,4
"1483",0,0,1,0,0,0,0,16
"1484",0,0,1,0,0,0,0,6
"1485",0,0,1,0,0,0,0,8
"1486",0,0,1,0,0,0,0,6
"1487",0,0,1,0,0,0,0,4
"1488",0,0,1,0,0,0,0,7
"1489",0,0,1,0,0,0,0,2
"1490",0,0,1,0,0,0,0,4
"1491",0,0,1,0,0,0,0,4
"1492",0,0,1,0,0,0,0,2
"1493",0,0,1,0,0,0,0,1
"1494",0,0,1,0,0,0,0,2
"1495",0,0,1,0,0,0,0,3
"1496",0,0,1,0,0,0,0,13
"1497",0,0,1,0,0,0,0,16
"1498",0,0,1,0,0,0,0,5
"1499",0,0,1,0,0,0,0,5
"1500",0,0,1,0,0,0,0,2
"1501",0,0,1,0,0,0,0,2
"1502",0,0,0,1,0,0,0,4
"1503",0,0,0,1,0,0,0,10
"1504",0,0,0,1,0,0,0,14
"1505",0,0,0,1,0,0,0,13
"1506",0,0,0,1,0,0,0,7
"1507",0,0,0,1,0,0,0,26
"1508",0,0,0,1,0,0,0,1
"1509",0,0,0,1,0,0,0,7
"1510",0,0,0,1,0,0,0,17
"1511",0,0,0,1,0,0,0,1
"1512",0,0,0,1,0,0,0,82
"1513",0,0,0,1,0,0,0,3
"1514",0,0,0,1,0,0,0,9
"1515",0,0,0,1,0,0,0,9
"1516",0,0,0,1,0,0,0,4
"1517",0,0,0,1,0,0,0,6
"1518",0,0,0,1,0,0,0,2
"1519",0,0,0,1,0,0,0,4
"1520",0,0,0,1,0,0,0,7
"1521",0,0,0,1,0,0,0,14
"1522",0,0,0,1,0,0,0,13
"1523",0,0,0,1,0,0,0,12
"1524",0,0,0,1,0,0,0,15
"1525",0,0,0,1,0,0,0,14
"1526",0,0,0,1,0,0,0,6
"1527",0,0,0,1,0,0,0,11
"1528",0,0,0,1,0,0,0,30
"1529",0,0,0,1,0,0,0,39
"1530",0,0,0,1,0,0,0,4
"1531",0,0,0,1,0,0,0,10
"1532",0,0,0,1,0,0,0,14
"1533",0,0,0,1,0,0,0,14
"1534",0,0,0,1,0,0,0,6
"1535",0,0,0,1,0,0,0,4
"1536",0,0,0,1,0,0,0,6
"1537",0,0,0,1,0,0,0,7
"1538",0,0,0,1,0,0,0,3
"1539",0,0,0,1,0,0,0,4
"1540",0,0,0,1,0,0,0,13
"1541",0,0,0,1,0,0,0,26
"1542",0,0,0,1,0,0,0,7
"1543",0,0,0,1,0,0,0,2
"1544",0,0,0,1,0,0,0,3
"1545",0,0,0,1,0,0,0,12
"1546",0,0,0,1,0,0,0,5
"1547",0,0,0,1,0,0,0,1
"1548",0,0,0,1,0,0,0,12
"1549",0,0,0,1,0,0,0,5
"1550",0,0,0,1,0,0,0,15
"1551",0,0,0,1,0,0,0,8
"1552",0,0,0,1,0,0,0,15
"1553",0,0,0,1,0,0,0,10
"1554",0,0,0,1,0,0,0,9
"1555",0,0,0,1,0,0,0,7
"1556",0,0,0,1,0,0,0,4
"1557",0,0,0,1,0,0,0,39
"1558",0,0,0,1,0,0,0,10
"1559",0,0,0,1,0,0,0,8
"1560",0,0,0,1,0,0,0,10
"1561",0,0,0,1,0,0,0,8
"1562",0,0,0,1,0,0,0,6
"1563",0,0,0,1,0,0,0,82
"1564",0,0,0,1,0,0,0,3
"1565",0,0,0,1,0,0,0,9
"1566",0,0,0,1,0,0,0,9
"1567",0,0,0,1,0,0,0,4
"1568",0,0,0,1,0,0,0,3
"1569",0,0,0,1,0,0,0,6
"1570",0,0,0,1,0,0,0,2
"1571",0,0,0,1,0,0,0,4
"1572",0,0,0,1,0,0,0,7
"1573",0,0,0,1,0,0,0,5
"1574",0,0,0,1,0,0,0,2
"1575",0,0,0,1,0,0,0,4
"1576",0,0,0,1,0,0,0,4
"1577",0,0,0,1,0,0,0,5
"1578",0,0,0,1,0,0,0,4
"1579",0,0,0,1,0,0,0,1
"1580",0,0,0,1,0,0,0,10
"1581",0,0,0,1,0,0,0,4
"1582",0,0,0,1,0,0,0,7
"1583",0,0,0,1,0,0,0,4
"1584",0,0,0,1,0,0,0,1
"1585",0,0,0,1,0,0,0,10
"1586",0,0,0,1,0,0,0,11
"1587",0,0,0,1,0,0,0,13
"1588",0,0,0,1,0,0,0,18
"1589",0,0,0,1,0,0,0,14
"1590",0,0,0,1,0,0,0,14
"1591",0,0,0,1,0,0,0,5
"1592",0,0,0,1,0,0,0,5
"1593",0,0,0,1,0,0,0,14
"1594",0,0,0,1,0,0,0,82
"1595",0,0,0,1,0,0,0,6
"1596",0,0,0,1,0,0,0,4
"1597",0,0,0,1,0,0,0,6
"1598",0,0,0,1,0,0,0,5
"1599",0,0,0,1,0,0,0,12
"1600",0,0,0,1,0,0,0,7
"1601",0,0,0,1,0,0,0,3
"1602",0,0,0,1,0,0,0,4
"1603",0,0,0,1,0,0,0,5
"1604",0,0,0,1,0,0,0,8
"1605",0,0,0,1,0,0,0,9
"1606",0,0,0,1,0,0,0,7
"1607",0,0,0,1,0,0,0,9
"1608",0,0,0,1,0,0,0,13
"1609",0,0,0,1,0,0,0,16
"1610",0,0,0,1,0,0,0,1
"1611",0,0,0,1,0,0,0,8
"1612",0,0,0,1,0,0,0,35
"1613",0,0,0,1,0,0,0,2
"1614",0,0,0,1,0,0,0,4
"1615",0,0,0,1,0,0,0,5
"1616",0,0,0,1,0,0,0,22
"1617",0,0,0,1,0,0,0,3
"1618",0,0,0,1,0,0,0,25
"1619",0,0,0,1,0,0,0,13
"1620",0,0,0,1,0,0,0,26
"1621",0,0,0,1,0,0,0,7
"1622",0,0,0,1,0,0,0,9
"1623",0,0,0,1,0,0,0,2
"1624",0,0,0,1,0,0,0,3
"1625",0,0,0,1,0,0,0,1
"1626",0,0,0,1,0,0,0,3
"1627",0,0,0,1,0,0,0,3
"1628",0,0,0,1,0,0,0,6
"1629",0,0,0,1,0,0,0,13
"1630",0,0,0,1,0,0,0,12
"1631",0,0,0,1,0,0,0,5
"1632",0,0,0,1,0,0,0,9
"1633",0,0,0,1,0,0,0,4
"1634",0,0,0,1,0,0,0,12
"1635",0,0,0,1,0,0,0,1
"1636",0,0,0,1,0,0,0,14
"1637",0,0,0,1,0,0,0,3
"1638",0,0,0,1,0,0,0,3
"1639",0,0,0,1,0,0,0,37
"1640",0,0,0,1,0,0,0,4
"1641",0,0,0,1,0,0,0,39
"1642",0,0,0,1,0,0,0,3
"1643",0,0,0,1,0,0,0,5
"1644",0,0,0,1,0,0,0,1
"1645",0,0,0,1,0,0,0,12
"1646",0,0,0,1,0,0,0,5
"1647",0,0,0,1,0,0,0,4
"1648",0,0,0,1,0,0,0,14
"1649",0,0,0,1,0,0,0,8
"1650",0,0,0,1,0,0,0,15
"1651",0,0,0,1,0,0,0,10
"1652",0,0,0,1,0,0,0,6
"1653",0,0,0,1,0,0,0,9
"1654",0,0,0,1,0,0,0,7
"1655",0,0,0,1,0,0,0,4
"1656",0,0,0,1,0,0,0,4
"1657",0,0,0,1,0,0,0,39
"1658",0,0,0,1,0,0,0,77
"1659",0,0,0,1,0,0,0,15
"1660",0,0,0,1,0,0,0,5
"1661",0,0,0,1,0,0,0,7
"1662",0,0,0,1,0,0,0,6
"1663",0,0,0,1,0,0,0,7
"1664",0,0,0,1,0,0,0,30
"1665",0,0,0,1,0,0,0,2
"1666",0,0,0,1,0,0,0,3
"1667",0,0,0,1,0,0,0,5
"1668",0,0,0,1,0,0,0,1
"1669",0,0,0,1,0,0,0,3
"1670",0,0,0,1,0,0,0,1
"1671",0,0,0,1,0,0,0,180
"1672",0,0,0,1,0,0,0,4
"1673",0,0,0,1,0,0,0,10
"1674",0,0,0,1,0,0,0,2
"1675",0,0,0,1,0,0,0,6
"1676",0,0,0,1,0,0,0,1
"1677",0,0,0,1,0,0,0,50
"1678",0,0,0,1,0,0,0,50
"1679",0,0,0,1,0,0,0,4
"1680",0,0,0,1,0,0,0,10
"1681",0,0,0,1,0,0,0,8
"1682",0,0,0,1,0,0,0,10
"1683",0,0,0,1,0,0,0,8
"1684",0,0,0,1,0,0,0,6
"1685",0,0,0,1,0,0,0,4
"1686",0,0,0,1,0,0,0,45
"1687",0,0,0,1,0,0,0,4
"1688",0,0,0,1,0,0,0,2
"1689",0,0,0,1,0,0,0,5
"1690",0,0,0,1,0,0,0,21
"1691",0,0,0,1,0,0,0,82
"1692",0,0,0,1,0,0,0,3
"1693",0,0,0,1,0,0,0,9
"1694",0,0,0,1,0,0,0,1
"1695",0,0,0,1,0,0,0,4
"1696",0,0,0,1,0,0,0,20
"1697",0,0,0,1,0,0,0,4
"1698",0,0,0,1,0,0,0,10
"1699",0,0,0,1,0,0,0,15
"1700",0,0,0,1,0,0,0,18
"1701",0,0,0,1,0,0,0,7
"1702",0,0,0,1,0,0,0,3
"1703",0,0,0,1,0,0,0,2
"1704",0,0,0,1,0,0,0,5
"1705",0,0,0,1,0,0,0,5
"1706",0,0,0,1,0,0,0,5
"1707",0,0,0,1,0,0,0,6
"1708",0,0,0,1,0,0,0,3
"1709",0,0,0,1,0,0,0,14
"1710",0,0,0,1,0,0,0,1
"1711",0,0,0,1,0,0,0,2
"1712",0,0,0,1,0,0,0,7
"1713",0,0,0,1,0,0,0,6
"1714",0,0,0,1,0,0,0,30
"1715",0,0,0,1,0,0,0,3
"1716",0,0,0,1,0,0,0,10
"1717",0,0,0,1,0,0,0,2
"1718",0,0,0,1,0,0,0,4
"1719",0,0,0,1,0,0,0,2
"1720",0,0,0,1,0,0,0,10
"1721",0,0,0,1,0,0,0,7
"1722",0,0,0,1,0,0,0,5
"1723",0,0,0,1,0,0,0,2
"1724",0,0,0,1,0,0,0,4
"1725",0,0,0,1,0,0,0,4
"1726",0,0,0,1,0,0,0,5
"1727",0,0,0,1,0,0,0,30
"1728",0,0,0,1,0,0,0,4
"1729",0,0,0,1,0,0,0,3
"1730",0,0,0,1,0,0,0,3
"1731",0,0,0,1,0,0,0,3
"1732",0,0,0,1,0,0,0,6
"1733",0,0,0,1,0,0,0,5
"1734",0,0,0,1,0,0,0,19
"1735",0,0,0,1,0,0,0,3
"1736",0,0,0,1,0,0,0,4
"1737",0,0,0,1,0,0,0,18
"1738",0,0,0,1,0,0,0,35
"1739",0,0,0,1,0,0,0,19
"1740",0,0,0,1,0,0,0,14
"1741",0,0,0,1,0,0,0,7
"1742",0,0,0,1,0,0,0,15
"1743",0,0,0,1,0,0,0,30
"1744",0,0,0,1,0,0,0,4
"1745",0,0,0,1,0,0,0,14
"1746",0,0,0,1,0,0,0,1
"1747",0,0,0,1,0,0,0,59
"1748",0,0,0,1,0,0,0,2
"1749",0,0,0,1,0,0,0,14
"1750",0,0,0,1,0,0,0,1
"1751",0,0,0,1,0,0,0,10
"1752",0,0,0,1,0,0,0,5
"1753",0,0,0,1,0,0,0,3
"1754",0,0,0,1,0,0,0,54
"1755",0,0,0,1,0,0,0,57
"1756",0,0,0,1,0,0,0,3
"1757",0,0,0,1,0,0,0,4
"1758",0,0,0,1,0,0,0,4
"1759",0,0,0,1,0,0,0,7
"1760",0,0,0,1,0,0,0,25
"1761",0,0,0,1,0,0,0,17
"1762",0,0,0,1,0,0,0,15
"1763",0,0,0,1,0,0,0,3
"1764",0,0,0,1,0,0,0,6
"1765",0,0,0,1,0,0,0,81
"1766",0,0,0,1,0,0,0,3
"1767",0,0,0,1,0,0,0,15
"1768",0,0,0,1,0,0,0,6
"1769",0,0,0,1,0,0,0,10
"1770",0,0,0,1,0,0,0,5
"1771",0,0,0,1,0,0,0,42
"1772",0,0,0,1,0,0,0,2
"1773",0,0,0,1,0,0,0,4
"1774",0,0,0,1,0,0,0,2
"1775",0,0,0,1,0,0,0,3
"1776",0,0,0,1,0,0,0,1
"1777",0,0,0,1,0,0,0,1
"1778",0,0,0,1,0,0,0,6
"1779",0,0,0,1,0,0,0,14
"1780",0,0,0,1,0,0,0,11
"1781",0,0,0,1,0,0,0,7
"1782",0,0,0,1,0,0,0,8
"1783",0,0,0,1,0,0,0,3
"1784",0,0,0,1,0,0,0,8
"1785",0,0,0,1,0,0,0,11
"1786",0,0,0,1,0,0,0,2
"1787",0,0,0,1,0,0,0,2
"1788",0,0,0,1,0,0,0,2
"1789",0,0,0,1,0,0,0,2
"1790",0,0,0,1,0,0,0,11
"1791",0,0,0,1,0,0,0,15
"1792",0,0,0,1,0,0,0,8
"1793",0,0,0,1,0,0,0,5
"1794",0,0,0,1,0,0,0,6
"1795",0,0,0,1,0,0,0,8
"1796",0,0,0,1,0,0,0,14
"1797",0,0,0,1,0,0,0,4
"1798",0,0,0,1,0,0,0,2
"1799",0,0,0,1,0,0,0,2
"1800",0,0,0,1,0,0,0,2
"1801",0,0,0,1,0,0,0,2
"1802",0,0,0,1,0,0,0,3
"1803",0,0,0,1,0,0,0,12
"1804",0,0,0,1,0,0,0,2
"1805",0,0,0,1,0,0,0,7
"1806",0,0,0,1,0,0,0,11
"1807",0,0,0,1,0,0,0,5
"1808",0,0,0,1,0,0,0,2
"1809",0,0,0,1,0,0,0,5
"1810",0,0,0,1,0,0,0,45
"1811",0,0,0,1,0,0,0,8
"1812",0,0,0,1,0,0,0,103
"1813",0,0,0,1,0,0,0,70
"1814",0,0,0,1,0,0,0,30
"1815",0,0,0,1,0,0,0,6
"1816",0,0,0,1,0,0,0,40
"1817",0,0,0,1,0,0,0,5
"1818",0,0,0,1,0,0,0,4
"1819",0,0,0,1,0,0,0,10
"1820",0,0,0,1,0,0,0,6
"1821",0,0,0,1,0,0,0,1
"1822",0,0,0,1,0,0,0,19
"1823",0,0,0,1,0,0,0,20
"1824",0,0,0,1,0,0,0,6
"1825",0,0,0,1,0,0,0,4
"1826",0,0,0,1,0,0,0,5
"1827",0,0,0,1,0,0,0,16
"1828",0,0,0,1,0,0,0,7
"1829",0,0,0,1,0,0,0,7
"1830",0,0,0,1,0,0,0,4
"1831",0,0,0,1,0,0,0,11
"1832",0,0,0,1,0,0,0,15
"1833",0,0,0,1,0,0,0,19
"1834",0,0,0,1,0,0,0,9
"1835",0,0,0,1,0,0,0,2
"1836",0,0,0,1,0,0,0,3
"1837",0,0,0,1,0,0,0,8
"1838",0,0,0,1,0,0,0,19
"1839",0,0,0,1,0,0,0,20
"1840",0,0,0,1,0,0,0,4
"1841",0,0,0,1,0,0,0,5
"1842",0,0,0,1,0,0,0,7
"1843",0,0,0,1,0,0,0,3
"1844",0,0,0,1,0,0,0,5
"1845",0,0,0,1,0,0,0,20
"1846",0,0,0,1,0,0,0,2
"1847",0,0,0,1,0,0,0,20
"1848",0,0,0,1,0,0,0,13
"1849",0,0,0,1,0,0,0,6
"1850",0,0,0,1,0,0,0,2
"1851",0,0,0,1,0,0,0,5
"1852",0,0,0,1,0,0,0,5
"1853",0,0,0,1,0,0,0,3
"1854",0,0,0,1,0,0,0,5
"1855",0,0,0,1,0,0,0,105
"1856",0,0,0,1,0,0,0,6
"1857",0,0,0,1,0,0,0,5
"1858",0,0,0,1,0,0,0,4
"1859",0,0,0,1,0,0,0,60
"1860",0,0,0,1,0,0,0,19
"1861",0,0,0,1,0,0,0,12
"1862",0,0,0,1,0,0,0,11
"1863",0,0,0,1,0,0,0,7
"1864",0,0,0,1,0,0,0,14
"1865",0,0,0,1,0,0,0,8
"1866",0,0,0,1,0,0,0,5
"1867",0,0,0,1,0,0,0,2
"1868",0,0,0,1,0,0,0,160
"1869",0,0,0,1,0,0,0,1
"1870",0,0,0,1,0,0,0,1
"1871",0,0,0,1,0,0,0,3
"1872",0,0,0,1,0,0,0,7
"1873",0,0,0,1,0,0,0,20
"1874",0,0,0,1,0,0,0,12
"1875",0,0,0,1,0,0,0,3
"1876",0,0,0,1,0,0,0,6
"1877",0,0,0,1,0,0,0,4
"1878",0,0,0,1,0,0,0,3
"1879",0,0,0,1,0,0,0,4
"1880",0,0,0,1,0,0,0,3
"1881",0,0,0,1,0,0,0,8
"1882",0,0,0,1,0,0,0,4
"1883",0,0,0,1,0,0,0,3
"1884",0,0,0,1,0,0,0,35
"1885",0,0,0,1,0,0,0,6
"1886",0,0,0,1,0,0,0,21
"1887",0,0,0,1,0,0,0,3
"1888",0,0,0,1,0,0,0,8
"1889",0,0,0,1,0,0,0,7
"1890",0,0,0,1,0,0,0,10
"1891",0,0,0,1,0,0,0,5
"1892",0,0,0,1,0,0,0,43
"1893",0,0,0,1,0,0,0,12
"1894",0,0,0,1,0,0,0,4
"1895",0,0,0,1,0,0,0,6
"1896",0,0,0,1,0,0,0,4
"1897",0,0,0,1,0,0,0,3
"1898",0,0,0,1,0,0,0,8
"1899",0,0,0,1,0,0,0,5
"1900",0,0,0,1,0,0,0,33
"1901",0,0,0,1,0,0,0,3
"1902",0,0,0,1,0,0,0,1
"1903",0,0,0,1,0,0,0,6
"1904",0,0,0,1,0,0,0,2
"1905",0,0,0,1,0,0,0,6
"1906",0,0,0,1,0,0,0,3
"1907",0,0,0,1,0,0,0,41
"1908",0,0,0,1,0,0,0,4
"1909",0,0,0,1,0,0,0,2
"1910",0,0,0,1,0,0,0,5
"1911",0,0,0,1,0,0,0,19
"1912",0,0,0,1,0,0,0,3
"1913",0,0,0,1,0,0,0,14
"1914",0,0,0,1,0,0,0,1
"1915",0,0,0,1,0,0,0,40
"1916",0,0,0,1,0,0,0,2
"1917",0,0,0,1,0,0,0,3
"1918",0,0,0,1,0,0,0,2
"1919",0,0,0,1,0,0,0,5
"1920",0,0,0,1,0,0,0,7
"1921",0,0,0,1,0,0,0,10
"1922",0,0,0,1,0,0,0,11
"1923",0,0,0,1,0,0,0,57
"1924",0,0,0,1,0,0,0,4
"1925",0,0,0,1,0,0,0,96
"1926",0,0,0,1,0,0,0,2
"1927",0,0,0,1,0,0,0,19
"1928",0,0,0,1,0,0,0,6
"1929",0,0,0,1,0,0,0,60
"1930",0,0,0,1,0,0,0,15
"1931",0,0,0,1,0,0,0,10
"1932",0,0,0,1,0,0,0,14
"1933",0,0,0,1,0,0,0,13
"1934",0,0,0,1,0,0,0,4
"1935",0,0,0,1,0,0,0,6
"1936",0,0,0,1,0,0,0,4
"1937",0,0,0,1,0,0,0,13
"1938",0,0,0,1,0,0,0,1
"1939",0,0,0,1,0,0,0,15
"1940",0,0,0,1,0,0,0,5
"1941",0,0,0,1,0,0,0,6
"1942",0,0,0,1,0,0,0,7
"1943",0,0,0,1,0,0,0,6
"1944",0,0,0,1,0,0,0,10
"1945",0,0,0,1,0,0,0,5
"1946",0,0,0,1,0,0,0,10
"1947",0,0,0,1,0,0,0,27
"1948",0,0,0,1,0,0,0,6
"1949",0,0,0,1,0,0,0,7
"1950",0,0,0,1,0,0,0,6
"1951",0,0,0,1,0,0,0,14
"1952",0,0,0,1,0,0,0,4
"1953",0,0,0,1,0,0,0,6
"1954",0,0,0,1,0,0,0,21
"1955",0,0,0,1,0,0,0,3
"1956",0,0,0,1,0,0,0,4
"1957",0,0,0,1,0,0,0,7
"1958",0,0,0,1,0,0,0,14
"1959",0,0,0,1,0,0,0,51
"1960",0,0,0,1,0,0,0,70
"1961",0,0,0,1,0,0,0,30
"1962",0,0,0,1,0,0,0,27
"1963",0,0,0,1,0,0,0,6
"1964",0,0,0,1,0,0,0,5
"1965",0,0,0,1,0,0,0,10
"1966",0,0,0,1,0,0,0,5
"1967",0,0,0,1,0,0,0,5
"1968",0,0,0,1,0,0,0,2
"1969",0,0,0,1,0,0,0,5
"1970",0,0,0,1,0,0,0,2
"1971",0,0,0,1,0,0,0,4
"1972",0,0,0,1,0,0,0,103
"1973",0,0,0,1,0,0,0,2
"1974",0,0,0,1,0,0,0,2
"1975",0,0,0,1,0,0,0,7
"1976",0,0,0,1,0,0,0,1
"1977",0,0,0,1,0,0,0,2
"1978",0,0,0,1,0,0,0,3
"1979",0,0,0,1,0,0,0,10
"1980",0,0,0,1,0,0,0,3
"1981",0,0,0,1,0,0,0,32
"1982",0,0,0,1,0,0,0,4
"1983",0,0,0,1,0,0,0,2
"1984",0,0,0,1,0,0,0,1
"1985",0,0,0,1,0,0,0,3
"1986",0,0,0,1,0,0,0,12
"1987",0,0,0,1,0,0,0,32
"1988",0,0,0,1,0,0,0,8
"1989",0,0,0,1,0,0,0,1
"1990",0,0,0,1,0,0,0,2
"1991",0,0,0,1,0,0,0,3
"1992",0,0,0,1,0,0,0,14
"1993",0,0,0,1,0,0,0,4
"1994",0,0,0,1,0,0,0,7
"1995",0,0,0,1,0,0,0,6
"1996",0,0,0,1,0,0,0,5
"1997",0,0,0,1,0,0,0,5
"1998",0,0,0,1,0,0,0,7
"1999",0,0,0,1,0,0,0,3
"2000",0,0,0,1,0,0,0,12
"2001",0,0,0,1,0,0,0,1
"2002",0,0,0,1,0,0,0,3
"2003",0,0,0,1,0,0,0,1
"2004",0,0,0,1,0,0,0,9
"2005",0,0,0,1,0,0,0,40
"2006",0,0,0,1,0,0,0,9
"2007",0,0,0,1,0,0,0,6
"2008",0,0,0,0,1,0,0,5
"2009",0,0,0,0,1,0,0,7
"2010",0,0,0,0,1,0,0,1
"2011",0,0,0,0,1,0,0,6
"2012",0,0,0,0,1,0,0,6
"2013",0,0,0,0,1,0,0,20
"2014",0,0,0,0,1,0,0,2
"2015",0,0,0,0,1,0,0,6
"2016",0,0,0,0,1,0,0,4
"2017",0,0,0,0,1,0,0,2
"2018",0,0,0,0,1,0,0,5
"2019",0,0,0,0,1,0,0,1
"2020",0,0,0,0,1,0,0,3
"2021",0,0,0,0,1,0,0,3
"2022",0,0,0,0,1,0,0,30
"2023",0,0,0,0,1,0,0,6
"2024",0,0,0,0,1,0,0,5
"2025",0,0,0,0,1,0,0,5
"2026",0,0,0,0,1,0,0,6
"2027",0,0,0,0,1,0,0,43
"2028",0,0,0,0,1,0,0,7
"2029",0,0,0,0,1,0,0,18
"2030",0,0,0,0,1,0,0,5
"2031",0,0,0,0,1,0,0,7
"2032",0,0,0,0,1,0,0,9
"2033",0,0,0,0,1,0,0,35
"2034",0,0,0,0,1,0,0,25
"2035",0,0,0,0,1,0,0,14
"2036",0,0,0,0,1,0,0,23
"2037",0,0,0,0,1,0,0,43
"2038",0,0,0,0,1,0,0,19
"2039",0,0,0,0,1,0,0,5
"2040",0,0,0,0,1,0,0,7
"2041",0,0,0,0,1,0,0,1
"2042",0,0,0,0,1,0,0,6
"2043",0,0,0,0,1,0,0,6
"2044",0,0,0,0,1,0,0,7
"2045",0,0,0,0,1,0,0,3
"2046",0,0,0,0,1,0,0,6
"2047",0,0,0,0,1,0,0,4
"2048",0,0,0,0,1,0,0,1
"2049",0,0,0,0,1,0,0,20
"2050",0,0,0,0,1,0,0,1
"2051",0,0,0,0,1,0,0,15
"2052",0,0,0,0,1,0,0,5
"2053",0,0,0,0,1,0,0,4
"2054",0,0,0,0,1,0,0,6
"2055",0,0,0,0,1,0,0,5
"2056",0,0,0,0,1,0,0,4
"2057",0,0,0,0,1,0,0,2
"2058",0,0,0,0,1,0,0,5
"2059",0,0,0,0,1,0,0,180
"2060",0,0,0,0,1,0,0,5
"2061",0,0,0,0,1,0,0,7
"2062",0,0,0,0,1,0,0,2
"2063",0,0,0,0,1,0,0,1
"2064",0,0,0,0,1,0,0,11
"2065",0,0,0,0,1,0,0,15
"2066",0,0,0,0,1,0,0,5
"2067",0,0,0,0,1,0,0,5
"2068",0,0,0,0,1,0,0,8
"2069",0,0,0,0,1,0,0,26
"2070",0,0,0,0,1,0,0,14
"2071",0,0,0,0,1,0,0,4
"2072",0,0,0,0,1,0,0,3
"2073",0,0,0,0,1,0,0,7
"2074",0,0,0,0,1,0,0,17
"2075",0,0,0,0,1,0,0,8
"2076",0,0,0,0,1,0,0,31
"2077",0,0,0,0,1,0,0,6
"2078",0,0,0,0,1,0,0,8
"2079",0,0,0,0,1,0,0,30
"2080",0,0,0,0,1,0,0,6
"2081",0,0,0,0,1,0,0,5
"2082",0,0,0,0,1,0,0,5
"2083",0,0,0,0,1,0,0,6
"2084",0,0,0,0,1,0,0,17
"2085",0,0,0,0,1,0,0,2
"2086",0,0,0,0,1,0,0,43
"2087",0,0,0,0,1,0,0,7
"2088",0,0,0,0,1,0,0,18
"2089",0,0,0,0,1,0,0,4
"2090",0,0,0,0,1,0,0,3
"2091",0,0,0,0,1,0,0,6
"2092",0,0,0,0,1,0,0,3
"2093",0,0,0,0,1,0,0,4
"2094",0,0,0,0,1,0,0,5
"2095",0,0,0,0,1,0,0,2
"2096",0,0,0,0,1,0,0,5
"2097",0,0,0,0,1,0,0,10
"2098",0,0,0,0,1,0,0,7
"2099",0,0,0,0,1,0,0,15
"2100",0,0,0,0,1,0,0,27
"2101",0,0,0,0,1,0,0,3
"2102",0,0,0,0,1,0,0,1
"2103",0,0,0,0,1,0,0,13
"2104",0,0,0,0,1,0,0,15
"2105",0,0,0,0,1,0,0,13
"2106",0,0,0,0,1,0,0,6
"2107",0,0,0,0,1,0,0,6
"2108",0,0,0,0,1,0,0,2
"2109",0,0,0,0,1,0,0,1
"2110",0,0,0,0,1,0,0,16
"2111",0,0,0,0,1,0,0,7
"2112",0,0,0,0,1,0,0,3
"2113",0,0,0,0,1,0,0,6
"2114",0,0,0,0,1,0,0,5
"2115",0,0,0,0,1,0,0,10
"2116",0,0,0,0,1,0,0,4
"2117",0,0,0,0,1,0,0,1
"2118",0,0,0,0,1,0,0,20
"2119",0,0,0,0,1,0,0,1
"2120",0,0,0,0,1,0,0,8
"2121",0,0,0,0,1,0,0,7
"2122",0,0,0,0,1,0,0,10
"2123",0,0,0,0,1,0,0,6
"2124",0,0,0,0,1,0,0,7
"2125",0,0,0,0,1,0,0,44
"2126",0,0,0,0,1,0,0,6
"2127",0,0,0,0,1,0,0,11
"2128",0,0,0,0,1,0,0,7
"2129",0,0,0,0,1,0,0,9
"2130",0,0,0,0,1,0,0,42
"2131",0,0,0,0,1,0,0,7
"2132",0,0,0,0,1,0,0,15
"2133",0,0,0,0,1,0,0,5
"2134",0,0,0,0,1,0,0,5
"2135",0,0,0,0,1,0,0,4
"2136",0,0,0,0,1,0,0,6
"2137",0,0,0,0,1,0,0,5
"2138",0,0,0,0,1,0,0,5
"2139",0,0,0,0,1,0,0,2
"2140",0,0,0,0,1,0,0,5
"2141",0,0,0,0,1,0,0,180
"2142",0,0,0,0,1,0,0,4
"2143",0,0,0,0,1,0,0,15
"2144",0,0,0,0,1,0,0,9
"2145",0,0,0,0,1,0,0,5
"2146",0,0,0,0,1,0,0,5
"2147",0,0,0,0,1,0,0,7
"2148",0,0,0,0,1,0,0,7
"2149",0,0,0,0,1,0,0,4
"2150",0,0,0,0,1,0,0,1
"2151",0,0,0,0,1,0,0,2
"2152",0,0,0,0,1,0,0,3
"2153",0,0,0,0,1,0,0,1
"2154",0,0,0,0,1,0,0,11
"2155",0,0,0,0,1,0,0,3
"2156",0,0,0,0,1,0,0,3
"2157",0,0,0,0,1,0,0,3
"2158",0,0,0,0,1,0,0,5
"2159",0,0,0,0,1,0,0,1
"2160",0,0,0,0,1,0,0,11
"2161",0,0,0,0,1,0,0,15
"2162",0,0,0,0,1,0,0,2
"2163",0,0,0,0,1,0,0,116
"2164",0,0,0,0,1,0,0,3
"2165",0,0,0,0,1,0,0,5
"2166",0,0,0,0,1,0,0,5
"2167",0,0,0,0,1,0,0,8
"2168",0,0,0,0,1,0,0,26
"2169",0,0,0,0,1,0,0,25
"2170",0,0,0,0,1,0,0,14
"2171",0,0,0,0,1,0,0,4
"2172",0,0,0,0,1,0,0,3
"2173",0,0,0,0,1,0,0,3
"2174",0,0,0,0,1,0,0,7
"2175",0,0,0,0,1,0,0,72
"2176",0,0,0,0,1,0,0,10
"2177",0,0,0,0,1,0,0,10
"2178",0,0,0,0,1,0,0,115
"2179",0,0,0,0,1,0,0,10
"2180",0,0,0,0,1,0,0,24
"2181",0,0,0,0,1,0,0,26
"2182",0,0,0,0,1,0,0,28
"2183",0,0,0,0,1,0,0,13
"2184",0,0,0,0,1,0,0,5
"2185",0,0,0,0,1,0,0,27
"2186",0,0,0,0,1,0,0,2
"2187",0,0,0,0,1,0,0,70
"2188",0,0,0,0,1,0,0,180
"2189",0,0,0,0,1,0,0,21
"2190",0,0,0,0,1,0,0,4
"2191",0,0,0,0,1,0,0,2
"2192",0,0,0,0,1,0,0,27
"2193",0,0,0,0,1,0,0,5
"2194",0,0,0,0,1,0,0,104
"2195",0,0,0,0,1,0,0,8
"2196",0,0,0,0,1,0,0,3
"2197",0,0,0,0,1,0,0,4
"2198",0,0,0,0,1,0,0,17
"2199",0,0,0,0,1,0,0,8
"2200",0,0,0,0,1,0,0,31
"2201",0,0,0,0,1,0,0,6
"2202",0,0,0,0,1,0,0,8
"2203",0,0,0,0,1,0,0,4
"2204",0,0,0,0,1,0,0,12
"2205",0,0,0,0,1,0,0,1
"2206",0,0,0,0,1,0,0,60
"2207",0,0,0,0,1,0,0,10
"2208",0,0,0,0,1,0,0,13
"2209",0,0,0,0,1,0,0,15
"2210",0,0,0,0,1,0,0,30
"2211",0,0,0,0,1,0,0,6
"2212",0,0,0,0,1,0,0,5
"2213",0,0,0,0,1,0,0,4
"2214",0,0,0,0,1,0,0,6
"2215",0,0,0,0,1,0,0,27
"2216",0,0,0,0,1,0,0,34
"2217",0,0,0,0,1,0,0,20
"2218",0,0,0,0,1,0,0,5
"2219",0,0,0,0,1,0,0,59
"2220",0,0,0,0,1,0,0,4
"2221",0,0,0,0,1,0,0,2
"2222",0,0,0,0,1,0,0,5
"2223",0,0,0,0,1,0,0,4
"2224",0,0,0,0,1,0,0,4
"2225",0,0,0,0,1,0,0,7
"2226",0,0,0,0,1,0,0,13
"2227",0,0,0,0,1,0,0,101
"2228",0,0,0,0,1,0,0,157
"2229",0,0,0,0,1,0,0,7
"2230",0,0,0,0,1,0,0,4
"2231",0,0,0,0,1,0,0,19
"2232",0,0,0,0,1,0,0,17
"2233",0,0,0,0,1,0,0,2
"2234",0,0,0,0,1,0,0,43
"2235",0,0,0,0,1,0,0,7
"2236",0,0,0,0,1,0,0,8
"2237",0,0,0,0,1,0,0,18
"2238",0,0,0,0,1,0,0,60
"2239",0,0,0,0,1,0,0,11
"2240",0,0,0,0,1,0,0,4
"2241",0,0,0,0,1,0,0,3
"2242",0,0,0,0,1,0,0,6
"2243",0,0,0,0,1,0,0,3
"2244",0,0,0,0,1,0,0,4
"2245",0,0,0,0,1,0,0,5
"2246",0,0,0,0,1,0,0,7
"2247",0,0,0,0,1,0,0,1
"2248",0,0,0,0,1,0,0,3
"2249",0,0,0,0,1,0,0,1
"2250",0,0,0,0,1,0,0,10
"2251",0,0,0,0,1,0,0,15
"2252",0,0,0,0,1,0,0,2
"2253",0,0,0,0,1,0,0,1
"2254",0,0,0,0,1,0,0,10
"2255",0,0,0,0,1,0,0,2
"2256",0,0,0,0,1,0,0,4
"2257",0,0,0,0,1,0,0,2
"2258",0,0,0,0,1,0,0,3
"2259",0,0,0,0,1,0,0,2
"2260",0,0,0,0,1,0,0,2
"2261",0,0,0,0,1,0,0,18
"2262",0,0,0,0,1,0,0,48
"2263",0,0,0,0,1,0,0,6
"2264",0,0,0,0,1,0,0,3
"2265",0,0,0,0,1,0,0,4
"2266",0,0,0,0,1,0,0,1
"2267",0,0,0,0,1,0,0,4
"2268",0,0,0,0,1,0,0,1
"2269",0,0,0,0,1,0,0,15
"2270",0,0,0,0,1,0,0,5
"2271",0,0,0,0,1,0,0,45
"2272",0,0,0,0,1,0,0,6
"2273",0,0,0,0,1,0,0,21
"2274",0,0,0,0,1,0,0,65
"2275",0,0,0,0,1,0,0,3
"2276",0,0,0,0,1,0,0,5
"2277",0,0,0,0,1,0,0,1
"2278",0,0,0,0,1,0,0,14
"2279",0,0,0,0,1,0,0,1
"2280",0,0,0,0,1,0,0,10
"2281",0,0,0,0,1,0,0,7
"2282",0,0,0,0,1,0,0,8
"2283",0,0,0,0,1,0,0,30
"2284",0,0,0,0,1,0,0,10
"2285",0,0,0,0,1,0,0,30
"2286",0,0,0,0,1,0,0,3
"2287",0,0,0,0,1,0,0,4
"2288",0,0,0,0,1,0,0,2
"2289",0,0,0,0,1,0,0,15
"2290",0,0,0,0,1,0,0,14
"2291",0,0,0,0,1,0,0,3
"2292",0,0,0,0,1,0,0,21
"2293",0,0,0,0,1,0,0,5
"2294",0,0,0,0,1,0,0,1
"2295",0,0,0,0,1,0,0,5
"2296",0,0,0,0,1,0,0,32
"2297",0,0,0,0,1,0,0,5
"2298",0,0,0,0,1,0,0,2
"2299",0,0,0,0,1,0,0,2
"2300",0,0,0,0,1,0,0,4
"2301",0,0,0,0,1,0,0,8
"2302",0,0,0,0,1,0,0,32
"2303",0,0,0,0,1,0,0,3
"2304",0,0,0,0,1,0,0,25
"2305",0,0,0,0,1,0,0,2
"2306",0,0,0,0,1,0,0,50
"2307",0,0,0,0,1,0,0,9
"2308",0,0,0,0,1,0,0,1
"2309",0,0,0,0,1,0,0,15
"2310",0,0,0,0,1,0,0,2
"2311",0,0,0,0,1,0,0,4
"2312",0,0,0,0,1,0,0,1
"2313",0,0,0,0,1,0,0,14
"2314",0,0,0,0,1,0,0,5
"2315",0,0,0,0,1,0,0,21
"2316",0,0,0,0,1,0,0,6
"2317",0,0,0,0,1,0,0,124
"2318",0,0,0,0,1,0,0,1
"2319",0,0,0,0,1,0,0,5
"2320",0,0,0,0,1,0,0,15
"2321",0,0,0,0,1,0,0,2
"2322",0,0,0,0,1,0,0,14
"2323",0,0,0,0,1,0,0,2
"2324",0,0,0,0,1,0,0,1
"2325",0,0,0,0,1,0,0,4
"2326",0,0,0,0,1,0,0,2
"2327",0,0,0,0,1,0,0,4
"2328",0,0,0,0,1,0,0,2
"2329",0,0,0,0,1,0,0,10
"2330",0,0,0,0,1,0,0,4
"2331",0,0,0,0,1,0,0,5
"2332",0,0,0,0,1,0,0,12
"2333",0,0,0,0,1,0,0,11
"2334",0,0,0,0,1,0,0,7
"2335",0,0,0,0,1,0,0,3
"2336",0,0,0,0,1,0,0,20
"2337",0,0,0,0,1,0,0,4
"2338",0,0,0,0,1,0,0,6
"2339",0,0,0,0,1,0,0,3
"2340",0,0,0,0,1,0,0,48
"2341",0,0,0,0,1,0,0,40
"2342",0,0,0,0,1,0,0,7
"2343",0,0,0,0,1,0,0,3
"2344",0,0,0,0,1,0,0,60
"2345",0,0,0,0,1,0,0,2
"2346",0,0,0,0,1,0,0,5
"2347",0,0,0,0,1,0,0,7
"2348",0,0,0,0,1,0,0,4
"2349",0,0,0,0,1,0,0,3
"2350",0,0,0,0,1,0,0,15
"2351",0,0,0,0,1,0,0,13
"2352",0,0,0,0,1,0,0,6
"2353",0,0,0,0,1,0,0,20
"2354",0,0,0,0,1,0,0,8
"2355",0,0,0,0,1,0,0,10
"2356",0,0,0,0,1,0,0,14
"2357",0,0,0,0,1,0,0,3
"2358",0,0,0,0,1,0,0,4
"2359",0,0,0,0,1,0,0,3
"2360",0,0,0,0,1,0,0,4
"2361",0,0,0,0,1,0,0,1
"2362",0,0,0,0,1,0,0,6
"2363",0,0,0,0,1,0,0,4
"2364",0,0,0,0,1,0,0,3
"2365",0,0,0,0,1,0,0,121
"2366",0,0,0,0,1,0,0,3
"2367",0,0,0,0,1,0,0,4
"2368",0,0,0,0,1,0,0,7
"2369",0,0,0,0,1,0,0,7
"2370",0,0,0,0,1,0,0,12
"2371",0,0,0,0,1,0,0,1
"2372",0,0,0,0,1,0,0,2
"2373",0,0,0,0,1,0,0,4
"2374",0,0,0,0,1,0,0,1
"2375",0,0,0,0,1,0,0,9
"2376",0,0,0,0,1,0,0,6
"2377",0,0,0,0,1,0,0,7
"2378",0,0,0,0,1,0,0,5
"2379",0,0,0,0,1,0,0,8
"2380",0,0,0,0,1,0,0,5
"2381",0,0,0,0,1,0,0,3
"2382",0,0,0,0,1,0,0,13
"2383",0,0,0,0,1,0,0,4
"2384",0,0,0,0,1,0,0,3
"2385",0,0,0,0,1,0,0,3
"2386",0,0,0,0,1,0,0,4
"2387",0,0,0,0,1,0,0,8
"2388",0,0,0,0,1,0,0,64
"2389",0,0,0,0,1,0,0,5
"2390",0,0,0,0,1,0,0,3
"2391",0,0,0,0,1,0,0,3
"2392",0,0,0,0,1,0,0,1
"2393",0,0,0,0,1,0,0,3
"2394",0,0,0,0,1,0,0,1
"2395",0,0,0,0,1,0,0,6
"2396",0,0,0,0,1,0,0,5
"2397",0,0,0,0,1,0,0,3
"2398",0,0,0,0,1,0,0,3
"2399",0,0,0,0,1,0,0,10
"2400",0,0,0,0,1,0,0,1
"2401",0,0,0,0,1,0,0,69
"2402",0,0,0,0,1,0,0,2
"2403",0,0,0,0,1,0,0,62
"2404",0,0,0,0,1,0,0,3
"2405",0,0,0,0,1,0,0,4
"2406",0,0,0,0,1,0,0,5
"2407",0,0,0,0,1,0,0,124
"2408",0,0,0,0,1,0,0,2
"2409",0,0,0,0,1,0,0,1
"2410",0,0,0,0,1,0,0,1
"2411",0,0,0,0,1,0,0,2
"2412",0,0,0,0,1,0,0,5
"2413",0,0,0,0,1,0,0,4
"2414",0,0,0,0,1,0,0,2
"2415",0,0,0,0,1,0,0,2
"2416",0,0,0,0,1,0,0,3
"2417",0,0,0,0,1,0,0,10
"2418",0,0,0,0,1,0,0,20
"2419",0,0,0,0,1,0,0,5
"2420",0,0,0,0,1,0,0,10
"2421",0,0,0,0,1,0,0,4
"2422",0,0,0,0,1,0,0,2
"2423",0,0,0,0,1,0,0,14
"2424",0,0,0,0,1,0,0,5
"2425",0,0,0,0,1,0,0,12
"2426",0,0,0,0,1,0,0,2
"2427",0,0,0,0,1,0,0,7
"2428",0,0,0,0,1,0,0,15
"2429",0,0,0,0,1,0,0,4
"2430",0,0,0,0,1,0,0,14
"2431",0,0,0,0,1,0,0,5
"2432",0,0,0,0,1,0,0,5
"2433",0,0,0,0,1,0,0,6
"2434",0,0,0,0,1,0,0,5
"2435",0,0,0,0,1,0,0,13
"2436",0,0,0,0,1,0,0,7
"2437",0,0,0,0,1,0,0,3
"2438",0,0,0,0,1,0,0,3
"2439",0,0,0,0,1,0,0,7
"2440",0,0,0,0,1,0,0,8
"2441",0,0,0,0,1,0,0,1
"2442",0,0,0,0,1,0,0,4
"2443",0,0,0,0,1,0,0,3
"2444",0,0,0,0,1,0,0,2
"2445",0,0,0,0,1,0,0,22
"2446",0,0,0,0,1,0,0,4
"2447",0,0,0,0,1,0,0,11
"2448",0,0,0,0,1,0,0,13
"2449",0,0,0,0,1,0,0,12
"2450",0,0,0,0,1,0,0,10
"2451",0,0,0,0,1,0,0,3
"2452",0,0,0,0,1,0,0,21
"2453",0,0,0,0,1,0,0,65
"2454",0,0,0,0,1,0,0,7
"2455",0,0,0,0,1,0,0,7
"2456",0,0,0,0,1,0,0,4
"2457",0,0,0,0,1,0,0,2
"2458",0,0,0,0,1,0,0,1
"2459",0,0,0,0,1,0,0,5
"2460",0,0,0,0,1,0,0,4
"2461",0,0,0,0,1,0,0,3
"2462",0,0,0,0,1,0,0,4
"2463",0,0,0,0,1,0,0,6
"2464",0,0,0,0,1,0,0,9
"2465",0,0,0,0,1,0,0,6
"2466",0,0,0,0,1,0,0,3
"2467",0,0,0,0,1,0,0,59
"2468",0,0,0,0,1,0,0,29
"2469",0,0,0,0,1,0,0,5
"2470",0,0,0,0,1,0,0,4
"2471",0,0,0,0,1,0,0,7
"2472",0,0,0,0,1,0,0,2
"2473",0,0,0,0,1,0,0,2
"2474",0,0,0,0,1,0,0,28
"2475",0,0,0,0,1,0,0,8
"2476",0,0,0,0,1,0,0,61
"2477",0,0,0,0,1,0,0,6
"2478",0,0,0,0,1,0,0,4
"2479",0,0,0,0,1,0,0,7
"2480",0,0,0,0,1,0,0,48
"2481",0,0,0,0,1,0,0,3
"2482",0,0,0,0,1,0,0,9
"2483",0,0,0,0,1,0,0,26
"2484",0,0,0,0,1,0,0,6
"2485",0,0,0,0,1,0,0,10
"2486",0,0,0,0,1,0,0,10
"2487",0,0,0,0,1,0,0,7
"2488",0,0,0,0,1,0,0,6
"2489",0,0,0,0,1,0,0,3
"2490",0,0,0,0,1,0,0,3
"2491",0,0,0,0,1,0,0,4
"2492",0,0,0,0,1,0,0,5
"2493",0,0,0,0,1,0,0,10
"2494",0,0,0,0,1,0,0,12
"2495",0,0,0,0,1,0,0,2
"2496",0,0,0,0,1,0,0,4
"2497",0,0,0,0,1,0,0,5
"2498",0,0,0,0,1,0,0,5
"2499",0,0,0,0,1,0,0,6
"2500",0,0,0,0,1,0,0,3
"2501",0,0,0,0,1,0,0,2
"2502",0,0,0,0,1,0,0,7
"2503",0,0,0,0,1,0,0,17
"2504",0,0,0,0,1,0,0,33
"2505",0,0,0,0,1,0,0,1
"2506",0,0,0,0,1,0,0,5
"2507",0,0,0,0,1,0,0,14
"2508",0,0,0,0,1,0,0,5
"2509",0,0,0,0,1,0,0,3
"2510",0,0,0,0,1,0,0,2
"2511",0,0,0,0,1,0,0,5
"2512",0,0,0,0,1,0,0,3
"2513",0,0,0,0,1,0,0,3
"2514",0,0,0,0,1,0,0,3
"2515",0,0,0,0,1,0,0,7
"2516",0,0,0,0,1,0,0,2
"2517",0,0,0,0,1,0,0,4
"2518",0,0,0,0,1,0,0,2
"2519",0,0,0,0,1,0,0,5
"2520",0,0,0,0,1,0,0,3
"2521",0,0,0,0,1,0,0,105
"2522",0,0,0,0,1,0,0,2
"2523",0,0,0,0,1,0,0,38
"2524",0,0,0,0,1,0,0,8
"2525",0,0,0,0,1,0,0,4
"2526",0,0,0,0,1,0,0,4
"2527",0,0,0,0,0,1,0,11
"2528",0,0,0,0,0,1,0,4
"2529",0,0,0,0,0,1,0,8
"2530",0,0,0,0,0,1,0,9
"2531",0,0,0,0,0,1,0,56
"2532",0,0,0,0,0,1,0,2
"2533",0,0,0,0,0,1,0,7
"2534",0,0,0,0,0,1,0,1
"2535",0,0,0,0,0,1,0,12
"2536",0,0,0,0,0,1,0,9
"2537",0,0,0,0,0,1,0,4
"2538",0,0,0,0,0,1,0,5
"2539",0,0,0,0,0,1,0,3
"2540",0,0,0,0,0,1,0,4
"2541",0,0,0,0,0,1,0,14
"2542",0,0,0,0,0,1,0,10
"2543",0,0,0,0,0,1,0,15
"2544",0,0,0,0,0,1,0,150
"2545",0,0,0,0,0,1,0,9
"2546",0,0,0,0,0,1,0,3
"2547",0,0,0,0,0,1,0,7
"2548",0,0,0,0,0,1,0,3
"2549",0,0,0,0,0,1,0,5
"2550",0,0,0,0,0,1,0,6
"2551",0,0,0,0,0,1,0,15
"2552",0,0,0,0,0,1,0,10
"2553",0,0,0,0,0,1,0,35
"2554",0,0,0,0,0,1,0,4
"2555",0,0,0,0,0,1,0,4
"2556",0,0,0,0,0,1,0,5
"2557",0,0,0,0,0,1,0,40
"2558",0,0,0,0,0,1,0,9
"2559",0,0,0,0,0,1,0,11
"2560",0,0,0,0,0,1,0,4
"2561",0,0,0,0,0,1,0,7
"2562",0,0,0,0,0,1,0,9
"2563",0,0,0,0,0,1,0,3
"2564",0,0,0,0,0,1,0,14
"2565",0,0,0,0,0,1,0,12
"2566",0,0,0,0,0,1,0,7
"2567",0,0,0,0,0,1,0,11
"2568",0,0,0,0,0,1,0,7
"2569",0,0,0,0,0,1,0,3
"2570",0,0,0,0,0,1,0,11
"2571",0,0,0,0,0,1,0,2
"2572",0,0,0,0,0,1,0,56
"2573",0,0,0,0,0,1,0,2
"2574",0,0,0,0,0,1,0,7
"2575",0,0,0,0,0,1,0,5
"2576",0,0,0,0,0,1,0,5
"2577",0,0,0,0,0,1,0,10
"2578",0,0,0,0,0,1,0,9
"2579",0,0,0,0,0,1,0,18
"2580",0,0,0,0,0,1,0,1
"2581",0,0,0,0,0,1,0,3
"2582",0,0,0,0,0,1,0,1
"2583",0,0,0,0,0,1,0,15
"2584",0,0,0,0,0,1,0,14
"2585",0,0,0,0,0,1,0,7
"2586",0,0,0,0,0,1,0,6
"2587",0,0,0,0,0,1,0,5
"2588",0,0,0,0,0,1,0,7
"2589",0,0,0,0,0,1,0,13
"2590",0,0,0,0,0,1,0,6
"2591",0,0,0,0,0,1,0,4
"2592",0,0,0,0,0,1,0,10
"2593",0,0,0,0,0,1,0,18
"2594",0,0,0,0,0,1,0,8
"2595",0,0,0,0,0,1,0,36
"2596",0,0,0,0,0,1,0,8
"2597",0,0,0,0,0,1,0,9
"2598",0,0,0,0,0,1,0,7
"2599",0,0,0,0,0,1,0,12
"2600",0,0,0,0,0,1,0,3
"2601",0,0,0,0,0,1,0,4
"2602",0,0,0,0,0,1,0,14
"2603",0,0,0,0,0,1,0,10
"2604",0,0,0,0,0,1,0,15
"2605",0,0,0,0,0,1,0,5
"2606",0,0,0,0,0,1,0,9
"2607",0,0,0,0,0,1,0,150
"2608",0,0,0,0,0,1,0,9
"2609",0,0,0,0,0,1,0,3
"2610",0,0,0,0,0,1,0,7
"2611",0,0,0,0,0,1,0,33
"2612",0,0,0,0,0,1,0,7
"2613",0,0,0,0,0,1,0,5
"2614",0,0,0,0,0,1,0,3
"2615",0,0,0,0,0,1,0,2
"2616",0,0,0,0,0,1,0,4
"2617",0,0,0,0,0,1,0,6
"2618",0,0,0,0,0,1,0,180
"2619",0,0,0,0,0,1,0,3
"2620",0,0,0,0,0,1,0,11
"2621",0,0,0,0,0,1,0,4
"2622",0,0,0,0,0,1,0,2
"2623",0,0,0,0,0,1,0,12
"2624",0,0,0,0,0,1,0,5
"2625",0,0,0,0,0,1,0,44
"2626",0,0,0,0,0,1,0,9
"2627",0,0,0,0,0,1,0,5
"2628",0,0,0,0,0,1,0,7
"2629",0,0,0,0,0,1,0,9
"2630",0,0,0,0,0,1,0,9
"2631",0,0,0,0,0,1,0,19
"2632",0,0,0,0,0,1,0,5
"2633",0,0,0,0,0,1,0,4
"2634",0,0,0,0,0,1,0,3
"2635",0,0,0,0,0,1,0,14
"2636",0,0,0,0,0,1,0,12
"2637",0,0,0,0,0,1,0,5
"2638",0,0,0,0,0,1,0,6
"2639",0,0,0,0,0,1,0,7
"2640",0,0,0,0,0,1,0,11
"2641",0,0,0,0,0,1,0,7
"2642",0,0,0,0,0,1,0,3
"2643",0,0,0,0,0,1,0,7
"2644",0,0,0,0,0,1,0,6
"2645",0,0,0,0,0,1,0,6
"2646",0,0,0,0,0,1,0,7
"2647",0,0,0,0,0,1,0,8
"2648",0,0,0,0,0,1,0,2
"2649",0,0,0,0,0,1,0,132
"2650",0,0,0,0,0,1,0,14
"2651",0,0,0,0,0,1,0,14
"2652",0,0,0,0,0,1,0,4
"2653",0,0,0,0,0,1,0,1
"2654",0,0,0,0,0,1,0,3
"2655",0,0,0,0,0,1,0,1
"2656",0,0,0,0,0,1,0,2
"2657",0,0,0,0,0,1,0,21
"2658",0,0,0,0,0,1,0,2
"2659",0,0,0,0,0,1,0,2
"2660",0,0,0,0,0,1,0,2
"2661",0,0,0,0,0,1,0,5
"2662",0,0,0,0,0,1,0,11
"2663",0,0,0,0,0,1,0,4
"2664",0,0,0,0,0,1,0,2
"2665",0,0,0,0,0,1,0,56
"2666",0,0,0,0,0,1,0,2
"2667",0,0,0,0,0,1,0,1
"2668",0,0,0,0,0,1,0,5
"2669",0,0,0,0,0,1,0,5
"2670",0,0,0,0,0,1,0,10
"2671",0,0,0,0,0,1,0,3
"2672",0,0,0,0,0,1,0,3
"2673",0,0,0,0,0,1,0,4
"2674",0,0,0,0,0,1,0,9
"2675",0,0,0,0,0,1,0,4
"2676",0,0,0,0,0,1,0,9
"2677",0,0,0,0,0,1,0,18
"2678",0,0,0,0,0,1,0,7
"2679",0,0,0,0,0,1,0,4
"2680",0,0,0,0,0,1,0,4
"2681",0,0,0,0,0,1,0,1
"2682",0,0,0,0,0,1,0,11
"2683",0,0,0,0,0,1,0,20
"2684",0,0,0,0,0,1,0,45
"2685",0,0,0,0,0,1,0,5
"2686",0,0,0,0,0,1,0,3
"2687",0,0,0,0,0,1,0,3
"2688",0,0,0,0,0,1,0,3
"2689",0,0,0,0,0,1,0,3
"2690",0,0,0,0,0,1,0,1
"2691",0,0,0,0,0,1,0,15
"2692",0,0,0,0,0,1,0,14
"2693",0,0,0,0,0,1,0,7
"2694",0,0,0,0,0,1,0,6
"2695",0,0,0,0,0,1,0,1
"2696",0,0,0,0,0,1,0,2
"2697",0,0,0,0,0,1,0,5
"2698",0,0,0,0,0,1,0,7
"2699",0,0,0,0,0,1,0,13
"2700",0,0,0,0,0,1,0,6
"2701",0,0,0,0,0,1,0,40
"2702",0,0,0,0,0,1,0,4
"2703",0,0,0,0,0,1,0,10
"2704",0,0,0,0,0,1,0,10
"2705",0,0,0,0,0,1,0,18
"2706",0,0,0,0,0,1,0,41
"2707",0,0,0,0,0,1,0,60
"2708",0,0,0,0,0,1,0,4
"2709",0,0,0,0,0,1,0,180
"2710",0,0,0,0,0,1,0,3
"2711",0,0,0,0,0,1,0,9
"2712",0,0,0,0,0,1,0,115
"2713",0,0,0,0,0,1,0,7
"2714",0,0,0,0,0,1,0,24
"2715",0,0,0,0,0,1,0,30
"2716",0,0,0,0,0,1,0,3
"2717",0,0,0,0,0,1,0,14
"2718",0,0,0,0,0,1,0,1
"2719",0,0,0,0,0,1,0,80
"2720",0,0,0,0,0,1,0,7
"2721",0,0,0,0,0,1,0,5
"2722",0,0,0,0,0,1,0,6
"2723",0,0,0,0,0,1,0,10
"2724",0,0,0,0,0,1,0,35
"2725",0,0,0,0,0,1,0,9
"2726",0,0,0,0,0,1,0,13
"2727",0,0,0,0,0,1,0,2
"2728",0,0,0,0,0,1,0,8
"2729",0,0,0,0,0,1,0,10
"2730",0,0,0,0,0,1,0,36
"2731",0,0,0,0,0,1,0,8
"2732",0,0,0,0,0,1,0,9
"2733",0,0,0,0,0,1,0,7
"2734",0,0,0,0,0,1,0,12
"2735",0,0,0,0,0,1,0,18
"2736",0,0,0,0,0,1,0,1
"2737",0,0,0,0,0,1,0,4
"2738",0,0,0,0,0,1,0,7
"2739",0,0,0,0,0,1,0,4
"2740",0,0,0,0,0,1,0,28
"2741",0,0,0,0,0,1,0,9
"2742",0,0,0,0,0,1,0,3
"2743",0,0,0,0,0,1,0,4
"2744",0,0,0,0,0,1,0,14
"2745",0,0,0,0,0,1,0,10
"2746",0,0,0,0,0,1,0,15
"2747",0,0,0,0,0,1,0,7
"2748",0,0,0,0,0,1,0,4
"2749",0,0,0,0,0,1,0,14
"2750",0,0,0,0,0,1,0,3
"2751",0,0,0,0,0,1,0,9
"2752",0,0,0,0,0,1,0,11
"2753",0,0,0,0,0,1,0,6
"2754",0,0,0,0,0,1,0,21
"2755",0,0,0,0,0,1,0,2
"2756",0,0,0,0,0,1,0,4
"2757",0,0,0,0,0,1,0,6
"2758",0,0,0,0,0,1,0,4
"2759",0,0,0,0,0,1,0,4
"2760",0,0,0,0,0,1,0,8
"2761",0,0,0,0,0,1,0,3
"2762",0,0,0,0,0,1,0,60
"2763",0,0,0,0,0,1,0,5
"2764",0,0,0,0,0,1,0,9
"2765",0,0,0,0,0,1,0,101
"2766",0,0,0,0,0,1,0,4
"2767",0,0,0,0,0,1,0,10
"2768",0,0,0,0,0,1,0,3
"2769",0,0,0,0,0,1,0,2
"2770",0,0,0,0,0,1,0,5
"2771",0,0,0,0,0,1,0,9
"2772",0,0,0,0,0,1,0,150
"2773",0,0,0,0,0,1,0,9
"2774",0,0,0,0,0,1,0,3
"2775",0,0,0,0,0,1,0,5
"2776",0,0,0,0,0,1,0,8
"2777",0,0,0,0,0,1,0,10
"2778",0,0,0,0,0,1,0,33
"2779",0,0,0,0,0,1,0,7
"2780",0,0,0,0,0,1,0,5
"2781",0,0,0,0,0,1,0,3
"2782",0,0,0,0,0,1,0,2
"2783",0,0,0,0,0,1,0,4
"2784",0,0,0,0,0,1,0,6
"2785",0,0,0,0,0,1,0,50
"2786",0,0,0,0,0,1,0,15
"2787",0,0,0,0,0,1,0,5
"2788",0,0,0,0,0,1,0,27
"2789",0,0,0,0,0,1,0,4
"2790",0,0,0,0,0,1,0,4
"2791",0,0,0,0,0,1,0,7
"2792",0,0,0,0,0,1,0,8
"2793",0,0,0,0,0,1,0,5
"2794",0,0,0,0,0,1,0,40
"2795",0,0,0,0,0,1,0,17
"2796",0,0,0,0,0,1,0,96
"2797",0,0,0,0,0,1,0,9
"2798",0,0,0,0,0,1,0,14
"2799",0,0,0,0,0,1,0,7
"2800",0,0,0,0,0,1,0,14
"2801",0,0,0,0,0,1,0,2
"2802",0,0,0,0,0,1,0,3
"2803",0,0,0,0,0,1,0,7
"2804",0,0,0,0,0,1,0,9
"2805",0,0,0,0,0,1,0,6
"2806",0,0,0,0,0,1,0,5
"2807",0,0,0,0,0,1,0,10
"2808",0,0,0,0,0,1,0,2
"2809",0,0,0,0,0,1,0,3
"2810",0,0,0,0,0,1,0,3
"2811",0,0,0,0,0,1,0,180
"2812",0,0,0,0,0,1,0,6
"2813",0,0,0,0,0,1,0,1
"2814",0,0,0,0,0,1,0,3
"2815",0,0,0,0,0,1,0,14
"2816",0,0,0,0,0,1,0,2
"2817",0,0,0,0,0,1,0,14
"2818",0,0,0,0,0,1,0,4
"2819",0,0,0,0,0,1,0,82
"2820",0,0,0,0,0,1,0,6
"2821",0,0,0,0,0,1,0,25
"2822",0,0,0,0,0,1,0,5
"2823",0,0,0,0,0,1,0,6
"2824",0,0,0,0,0,1,0,5
"2825",0,0,0,0,0,1,0,3
"2826",0,0,0,0,0,1,0,10
"2827",0,0,0,0,0,1,0,2
"2828",0,0,0,0,0,1,0,4
"2829",0,0,0,0,0,1,0,5
"2830",0,0,0,0,0,1,0,10
"2831",0,0,0,0,0,1,0,2
"2832",0,0,0,0,0,1,0,30
"2833",0,0,0,0,0,1,0,2
"2834",0,0,0,0,0,1,0,33
"2835",0,0,0,0,0,1,0,1
"2836",0,0,0,0,0,1,0,3
"2837",0,0,0,0,0,1,0,2
"2838",0,0,0,0,0,1,0,3
"2839",0,0,0,0,0,1,0,9
"2840",0,0,0,0,0,1,0,9
"2841",0,0,0,0,0,1,0,7
"2842",0,0,0,0,0,1,0,6
"2843",0,0,0,0,0,1,0,7
"2844",0,0,0,0,0,1,0,53
"2845",0,0,0,0,0,1,0,3
"2846",0,0,0,0,0,1,0,42
"2847",0,0,0,0,0,1,0,5
"2848",0,0,0,0,0,1,0,2
"2849",0,0,0,0,0,1,0,2
"2850",0,0,0,0,0,1,0,59
"2851",0,0,0,0,0,1,0,5
"2852",0,0,0,0,0,1,0,6
"2853",0,0,0,0,0,1,0,8
"2854",0,0,0,0,0,1,0,3
"2855",0,0,0,0,0,1,0,12
"2856",0,0,0,0,0,1,0,5
"2857",0,0,0,0,0,1,0,2
"2858",0,0,0,0,0,1,0,14
"2859",0,0,0,0,0,1,0,4
"2860",0,0,0,0,0,1,0,5
"2861",0,0,0,0,0,1,0,2
"2862",0,0,0,0,0,1,0,5
"2863",0,0,0,0,0,1,0,30
"2864",0,0,0,0,0,1,0,2
"2865",0,0,0,0,0,1,0,59
"2866",0,0,0,0,0,1,0,2
"2867",0,0,0,0,0,1,0,3
"2868",0,0,0,0,0,1,0,4
"2869",0,0,0,0,0,1,0,2
"2870",0,0,0,0,0,1,0,1
"2871",0,0,0,0,0,1,0,10
"2872",0,0,0,0,0,1,0,7
"2873",0,0,0,0,0,1,0,60
"2874",0,0,0,0,0,1,0,35
"2875",0,0,0,0,0,1,0,2
"2876",0,0,0,0,0,1,0,4
"2877",0,0,0,0,0,1,0,7
"2878",0,0,0,0,0,1,0,2
"2879",0,0,0,0,0,1,0,2
"2880",0,0,0,0,0,1,0,67
"2881",0,0,0,0,0,1,0,3
"2882",0,0,0,0,0,1,0,3
"2883",0,0,0,0,0,1,0,6
"2884",0,0,0,0,0,1,0,10
"2885",0,0,0,0,0,1,0,2
"2886",0,0,0,0,0,1,0,2
"2887",0,0,0,0,0,1,0,7
"2888",0,0,0,0,0,1,0,5
"2889",0,0,0,0,0,1,0,2
"2890",0,0,0,0,0,1,0,21
"2891",0,0,0,0,0,1,0,16
"2892",0,0,0,0,0,1,0,3
"2893",0,0,0,0,0,1,0,5
"2894",0,0,0,0,0,1,0,5
"2895",0,0,0,0,0,1,0,8
"2896",0,0,0,0,0,1,0,3
"2897",0,0,0,0,0,1,0,2
"2898",0,0,0,0,0,1,0,8
"2899",0,0,0,0,0,1,0,50
"2900",0,0,0,0,0,1,0,10
"2901",0,0,0,0,0,1,0,44
"2902",0,0,0,0,0,1,0,2
"2903",0,0,0,0,0,1,0,6
"2904",0,0,0,0,0,1,0,7
"2905",0,0,0,0,0,1,0,5
"2906",0,0,0,0,0,1,0,6
"2907",0,0,0,0,0,1,0,6
"2908",0,0,0,0,0,1,0,2
"2909",0,0,0,0,0,1,0,9
"2910",0,0,0,0,0,1,0,10
"2911",0,0,0,0,0,1,0,8
"2912",0,0,0,0,0,1,0,14
"2913",0,0,0,0,0,1,0,4
"2914",0,0,0,0,0,1,0,8
"2915",0,0,0,0,0,1,0,7
"2916",0,0,0,0,0,1,0,9
"2917",0,0,0,0,0,1,0,12
"2918",0,0,0,0,0,1,0,3
"2919",0,0,0,0,0,1,0,11
"2920",0,0,0,0,0,1,0,17
"2921",0,0,0,0,0,1,0,5
"2922",0,0,0,0,0,1,0,4
"2923",0,0,0,0,0,1,0,10
"2924",0,0,0,0,0,1,0,4
"2925",0,0,0,0,0,1,0,5
"2926",0,0,0,0,0,1,0,8
"2927",0,0,0,0,0,1,0,2
"2928",0,0,0,0,0,1,0,2
"2929",0,0,0,0,0,1,0,4
"2930",0,0,0,0,0,1,0,1
"2931",0,0,0,0,0,1,0,4
"2932",0,0,0,0,0,1,0,2
"2933",0,0,0,0,0,1,0,6
"2934",0,0,0,0,0,1,0,5
"2935",0,0,0,0,0,1,0,2
"2936",0,0,0,0,0,1,0,1
"2937",0,0,0,0,0,1,0,13
"2938",0,0,0,0,0,1,0,2
"2939",0,0,0,0,0,1,0,9
"2940",0,0,0,0,0,1,0,6
"2941",0,0,0,0,0,1,0,14
"2942",0,0,0,0,0,1,0,3
"2943",0,0,0,0,0,1,0,23
"2944",0,0,0,0,0,1,0,6
"2945",0,0,0,0,0,1,0,5
"2946",0,0,0,0,0,1,0,4
"2947",0,0,0,0,0,1,0,12
"2948",0,0,0,0,0,1,0,2
"2949",0,0,0,0,0,1,0,5
"2950",0,0,0,0,0,1,0,2
"2951",0,0,0,0,0,1,0,5
"2952",0,0,0,0,0,1,0,2
"2953",0,0,0,0,0,1,0,3
"2954",0,0,0,0,0,1,0,4
"2955",0,0,0,0,0,1,0,5
"2956",0,0,0,0,0,1,0,5
"2957",0,0,0,0,0,1,0,5
"2958",0,0,0,0,0,1,0,4
"2959",0,0,0,0,0,1,0,5
"2960",0,0,0,0,0,1,0,4
"2961",0,0,0,0,0,1,0,3
"2962",0,0,0,0,0,1,0,4
"2963",0,0,0,0,0,1,0,37
"2964",0,0,0,0,0,1,0,7
"2965",0,0,0,0,0,1,0,4
"2966",0,0,0,0,0,1,0,2
"2967",0,0,0,0,0,1,0,7
"2968",0,0,0,0,0,1,0,24
"2969",0,0,0,0,0,1,0,4
"2970",0,0,0,0,0,1,0,4
"2971",0,0,0,0,0,1,0,14
"2972",0,0,0,0,0,1,0,42
"2973",0,0,0,0,0,1,0,8
"2974",0,0,0,0,0,1,0,5
"2975",0,0,0,0,0,1,0,5
"2976",0,0,0,0,0,1,0,9
"2977",0,0,0,0,0,1,0,3
"2978",0,0,0,0,0,1,0,2
"2979",0,0,0,0,0,1,0,2
"2980",0,0,0,0,0,1,0,4
"2981",0,0,0,0,0,1,0,2
"2982",0,0,0,0,0,1,0,1
"2983",0,0,0,0,0,1,0,2
"2984",0,0,0,0,0,1,0,5
"2985",0,0,0,0,0,1,0,2
"2986",0,0,0,0,0,1,0,1
"2987",0,0,0,0,0,1,0,3
"2988",0,0,0,0,0,1,0,7
"2989",0,0,0,0,0,1,0,3
"2990",0,0,0,0,0,1,0,2
"2991",0,0,0,0,0,1,0,10
"2992",0,0,0,0,0,1,0,7
"2993",0,0,0,0,0,1,0,40
"2994",0,0,0,0,0,1,0,5
"2995",0,0,0,0,0,1,0,6
"2996",0,0,0,0,0,1,0,14
"2997",0,0,0,0,0,1,0,30
"2998",0,0,0,0,0,1,0,4
"2999",0,0,0,0,0,1,0,4
"3000",0,0,0,0,0,1,0,7
"3001",0,0,0,0,0,1,0,14
"3002",0,0,0,0,0,1,0,4
"3003",0,0,0,0,0,1,0,1
"3004",0,0,0,0,0,1,0,4
"3005",0,0,0,0,0,1,0,14
"3006",0,0,0,0,0,1,0,5
"3007",0,0,0,0,0,1,0,7
"3008",0,0,0,0,0,1,0,3
"3009",0,0,0,0,0,1,0,14
"3010",0,0,0,0,0,1,0,2
"3011",0,0,0,0,0,1,0,48
"3012",0,0,0,0,0,1,0,5
"3013",0,0,0,0,0,1,0,6
"3014",0,0,0,0,0,1,0,2
"3015",0,0,0,0,0,1,0,10
"3016",0,0,0,0,0,1,0,5
"3017",0,0,0,0,0,1,0,2
"3018",0,0,0,0,0,1,0,20
"3019",0,0,0,0,0,1,0,16
"3020",0,0,0,0,0,1,0,3
"3021",0,0,0,0,0,1,0,9
"3022",0,0,0,0,0,1,0,12
"3023",0,0,0,0,0,1,0,2
"3024",0,0,0,0,0,1,0,35
"3025",0,0,0,0,0,1,0,3
"3026",0,0,0,0,0,1,0,20
"3027",0,0,0,0,0,1,0,10
"3028",0,0,0,0,0,1,0,7
"3029",0,0,0,0,0,1,0,7
"3030",0,0,0,0,0,1,0,7
"3031",0,0,0,0,0,1,0,3
"3032",0,0,0,0,0,1,0,2
"3033",0,0,0,0,0,1,0,3
"3034",0,0,0,0,0,1,0,6
"3035",0,0,0,0,0,1,0,48
"3036",0,0,0,0,0,1,0,4
"3037",0,0,0,0,0,1,0,5
"3038",0,0,0,0,0,1,0,2
"3039",0,0,0,0,0,1,0,4
"3040",0,0,0,0,0,1,0,6
"3041",0,0,0,0,0,1,0,6
"3042",0,0,0,0,0,1,0,6
"3043",0,0,0,0,0,1,0,7
"3044",0,0,0,0,0,1,0,6
"3045",0,0,0,0,0,1,0,57
"3046",0,0,0,0,0,1,0,7
"3047",0,0,0,0,0,1,0,7
"3048",0,0,0,0,0,1,0,2
"3049",0,0,0,0,0,1,0,3
"3050",0,0,0,0,0,1,0,4
"3051",0,0,0,0,0,1,0,6
"3052",0,0,0,0,0,1,0,10
"3053",0,0,0,0,0,1,0,5
"3054",0,0,0,0,0,1,0,30
"3055",0,0,0,0,0,1,0,22
"3056",0,0,0,0,0,1,0,9
"3057",0,0,0,0,0,1,0,3
"3058",0,0,0,0,0,1,0,3
"3059",0,0,0,0,0,1,0,5
"3060",0,0,0,0,0,1,0,1
"3061",0,0,0,0,0,1,0,4
"3062",0,0,0,0,0,1,0,5
"3063",0,0,0,0,0,1,0,2
"3064",0,0,0,0,0,1,0,59
"3065",0,0,0,0,0,1,0,1
"3066",0,0,0,0,0,1,0,3
"3067",0,0,0,0,0,1,0,180
"3068",0,0,0,0,0,1,0,6
"3069",0,0,0,0,0,1,0,5
"3070",0,0,0,0,0,1,0,7
"3071",0,0,0,0,0,0,1,21
"3072",0,0,0,0,0,0,1,18
"3073",0,0,0,0,0,0,1,8
"3074",0,0,0,0,0,0,1,7
"3075",0,0,0,0,0,0,1,3
"3076",0,0,0,0,0,0,1,7
"3077",0,0,0,0,0,0,1,5
"3078",0,0,0,0,0,0,1,7
"3079",0,0,0,0,0,0,1,2
"3080",0,0,0,0,0,0,1,50
"3081",0,0,0,0,0,0,1,4
"3082",0,0,0,0,0,0,1,3
"3083",0,0,0,0,0,0,1,12
"3084",0,0,0,0,0,0,1,6
"3085",0,0,0,0,0,0,1,4
"3086",0,0,0,0,0,0,1,4
"3087",0,0,0,0,0,0,1,14
"3088",0,0,0,0,0,0,1,5
"3089",0,0,0,0,0,0,1,1
"3090",0,0,0,0,0,0,1,5
"3091",0,0,0,0,0,0,1,10
"3092",0,0,0,0,0,0,1,8
"3093",0,0,0,0,0,0,1,11
"3094",0,0,0,0,0,0,1,2
"3095",0,0,0,0,0,0,1,2
"3096",0,0,0,0,0,0,1,10
"3097",0,0,0,0,0,0,1,20
"3098",0,0,0,0,0,0,1,36
"3099",0,0,0,0,0,0,1,20
"3100",0,0,0,0,0,0,1,20
"3101",0,0,0,0,0,0,1,15
"3102",0,0,0,0,0,0,1,6
"3103",0,0,0,0,0,0,1,8
"3104",0,0,0,0,0,0,1,6
"3105",0,0,0,0,0,0,1,2
"3106",0,0,0,0,0,0,1,3
"3107",0,0,0,0,0,0,1,9
"3108",0,0,0,0,0,0,1,3
"3109",0,0,0,0,0,0,1,8
"3110",0,0,0,0,0,0,1,7
"3111",0,0,0,0,0,0,1,1
"3112",0,0,0,0,0,0,1,4
"3113",0,0,0,0,0,0,1,3
"3114",0,0,0,0,0,0,1,5
"3115",0,0,0,0,0,0,1,7
"3116",0,0,0,0,0,0,1,3
"3117",0,0,0,0,0,0,1,5
"3118",0,0,0,0,0,0,1,21
"3119",0,0,0,0,0,0,1,5
"3120",0,0,0,0,0,0,1,7
"3121",0,0,0,0,0,0,1,3
"3122",0,0,0,0,0,0,1,5
"3123",0,0,0,0,0,0,1,8
"3124",0,0,0,0,0,0,1,8
"3125",0,0,0,0,0,0,1,9
"3126",0,0,0,0,0,0,1,15
"3127",0,0,0,0,0,0,1,5
"3128",0,0,0,0,0,0,1,11
"3129",0,0,0,0,0,0,1,20
"3130",0,0,0,0,0,0,1,41
"3131",0,0,0,0,0,0,1,10
"3132",0,0,0,0,0,0,1,27
"3133",0,0,0,0,0,0,1,14
"3134",0,0,0,0,0,0,1,8
"3135",0,0,0,0,0,0,1,50
"3136",0,0,0,0,0,0,1,4
"3137",0,0,0,0,0,0,1,3
"3138",0,0,0,0,0,0,1,12
"3139",0,0,0,0,0,0,1,6
"3140",0,0,0,0,0,0,1,7
"3141",0,0,0,0,0,0,1,9
"3142",0,0,0,0,0,0,1,4
"3143",0,0,0,0,0,0,1,4
"3144",0,0,0,0,0,0,1,14
"3145",0,0,0,0,0,0,1,40
"3146",0,0,0,0,0,0,1,9
"3147",0,0,0,0,0,0,1,8
"3148",0,0,0,0,0,0,1,3
"3149",0,0,0,0,0,0,1,6
"3150",0,0,0,0,0,0,1,4
"3151",0,0,0,0,0,0,1,1
"3152",0,0,0,0,0,0,1,3
"3153",0,0,0,0,0,0,1,4
"3154",0,0,0,0,0,0,1,2
"3155",0,0,0,0,0,0,1,15
"3156",0,0,0,0,0,0,1,59
"3157",0,0,0,0,0,0,1,20
"3158",0,0,0,0,0,0,1,10
"3159",0,0,0,0,0,0,1,17
"3160",0,0,0,0,0,0,1,15
"3161",0,0,0,0,0,0,1,7
"3162",0,0,0,0,0,0,1,1
"3163",0,0,0,0,0,0,1,10
"3164",0,0,0,0,0,0,1,6
"3165",0,0,0,0,0,0,1,8
"3166",0,0,0,0,0,0,1,6
"3167",0,0,0,0,0,0,1,19
"3168",0,0,0,0,0,0,1,7
"3169",0,0,0,0,0,0,1,2
"3170",0,0,0,0,0,0,1,3
"3171",0,0,0,0,0,0,1,9
"3172",0,0,0,0,0,0,1,3
"3173",0,0,0,0,0,0,1,8
"3174",0,0,0,0,0,0,1,7
"3175",0,0,0,0,0,0,1,10
"3176",0,0,0,0,0,0,1,15
"3177",0,0,0,0,0,0,1,5
"3178",0,0,0,0,0,0,1,5
"3179",0,0,0,0,0,0,1,10
"3180",0,0,0,0,0,0,1,60
"3181",0,0,0,0,0,0,1,4
"3182",0,0,0,0,0,0,1,10
"3183",0,0,0,0,0,0,1,2
"3184",0,0,0,0,0,0,1,2
"3185",0,0,0,0,0,0,1,2
"3186",0,0,0,0,0,0,1,1
"3187",0,0,0,0,0,0,1,51
"3188",0,0,0,0,0,0,1,16
"3189",0,0,0,0,0,0,1,1
"3190",0,0,0,0,0,0,1,3
"3191",0,0,0,0,0,0,1,8
"3192",0,0,0,0,0,0,1,8
"3193",0,0,0,0,0,0,1,6
"3194",0,0,0,0,0,0,1,7
"3195",0,0,0,0,0,0,1,1
"3196",0,0,0,0,0,0,1,4
"3197",0,0,0,0,0,0,1,3
"3198",0,0,0,0,0,0,1,3
"3199",0,0,0,0,0,0,1,2
"3200",0,0,0,0,0,0,1,5
"3201",0,0,0,0,0,0,1,9
"3202",0,0,0,0,0,0,1,7
"3203",0,0,0,0,0,0,1,5
"3204",0,0,0,0,0,0,1,7
"3205",0,0,0,0,0,0,1,12
"3206",0,0,0,0,0,0,1,3
"3207",0,0,0,0,0,0,1,6
"3208",0,0,0,0,0,0,1,3
"3209",0,0,0,0,0,0,1,3
"3210",0,0,0,0,0,0,1,15
"3211",0,0,0,0,0,0,1,6
"3212",0,0,0,0,0,0,1,1
"3213",0,0,0,0,0,0,1,4
"3214",0,0,0,0,0,0,1,2
"3215",0,0,0,0,0,0,1,5
"3216",0,0,0,0,0,0,1,3
"3217",0,0,0,0,0,0,1,3
"3218",0,0,0,0,0,0,1,21
"3219",0,0,0,0,0,0,1,5
"3220",0,0,0,0,0,0,1,7
"3221",0,0,0,0,0,0,1,3
"3222",0,0,0,0,0,0,1,4
"3223",0,0,0,0,0,0,1,2
"3224",0,0,0,0,0,0,1,26
"3225",0,0,0,0,0,0,1,5
"3226",0,0,0,0,0,0,1,8
"3227",0,0,0,0,0,0,1,8
"3228",0,0,0,0,0,0,1,9
"3229",0,0,0,0,0,0,1,2
"3230",0,0,0,0,0,0,1,15
"3231",0,0,0,0,0,0,1,5
"3232",0,0,0,0,0,0,1,2
"3233",0,0,0,0,0,0,1,11
"3234",0,0,0,0,0,0,1,72
"3235",0,0,0,0,0,0,1,25
"3236",0,0,0,0,0,0,1,6
"3237",0,0,0,0,0,0,1,24
"3238",0,0,0,0,0,0,1,12
"3239",0,0,0,0,0,0,1,5
"3240",0,0,0,0,0,0,1,6
"3241",0,0,0,0,0,0,1,35
"3242",0,0,0,0,0,0,1,14
"3243",0,0,0,0,0,0,1,16
"3244",0,0,0,0,0,0,1,180
"3245",0,0,0,0,0,0,1,2
"3246",0,0,0,0,0,0,1,3
"3247",0,0,0,0,0,0,1,2
"3248",0,0,0,0,0,0,1,3
"3249",0,0,0,0,0,0,1,7
"3250",0,0,0,0,0,0,1,47
"3251",0,0,0,0,0,0,1,3
"3252",0,0,0,0,0,0,1,6
"3253",0,0,0,0,0,0,1,2
"3254",0,0,0,0,0,0,1,3
"3255",0,0,0,0,0,0,1,3
"3256",0,0,0,0,0,0,1,3
"3257",0,0,0,0,0,0,1,14
"3258",0,0,0,0,0,0,1,41
"3259",0,0,0,0,0,0,1,10
"3260",0,0,0,0,0,0,1,27
"3261",0,0,0,0,0,0,1,14
"3262",0,0,0,0,0,0,1,8
"3263",0,0,0,0,0,0,1,2
"3264",0,0,0,0,0,0,1,3
"3265",0,0,0,0,0,0,1,3
"3266",0,0,0,0,0,0,1,4
"3267",0,0,0,0,0,0,1,1
"3268",0,0,0,0,0,0,1,5
"3269",0,0,0,0,0,0,1,50
"3270",0,0,0,0,0,0,1,4
"3271",0,0,0,0,0,0,1,3
"3272",0,0,0,0,0,0,1,4
"3273",0,0,0,0,0,0,1,6
"3274",0,0,0,0,0,0,1,15
"3275",0,0,0,0,0,0,1,5
"3276",0,0,0,0,0,0,1,10
"3277",0,0,0,0,0,0,1,7
"3278",0,0,0,0,0,0,1,21
"3279",0,0,0,0,0,0,1,4
"3280",0,0,0,0,0,0,1,4
"3281",0,0,0,0,0,0,1,12
"3282",0,0,0,0,0,0,1,3
"3283",0,0,0,0,0,0,1,7
"3284",0,0,0,0,0,0,1,10
"3285",0,0,0,0,0,0,1,4
"3286",0,0,0,0,0,0,1,3
"3287",0,0,0,0,0,0,1,4
"3288",0,0,0,0,0,0,1,2
"3289",0,0,0,0,0,0,1,49
"3290",0,0,0,0,0,0,1,25
"3291",0,0,0,0,0,0,1,3
"3292",0,0,0,0,0,0,1,9
"3293",0,0,0,0,0,0,1,8
"3294",0,0,0,0,0,0,1,7
"3295",0,0,0,0,0,0,1,9
"3296",0,0,0,0,0,0,1,4
"3297",0,0,0,0,0,0,1,4
"3298",0,0,0,0,0,0,1,4
"3299",0,0,0,0,0,0,1,14
"3300",0,0,0,0,0,0,1,4
"3301",0,0,0,0,0,0,1,40
"3302",0,0,0,0,0,0,1,9
"3303",0,0,0,0,0,0,1,8
"3304",0,0,0,0,0,0,1,3
"3305",0,0,0,0,0,0,1,6
"3306",0,0,0,0,0,0,1,4
"3307",0,0,0,0,0,0,1,2
"3308",0,0,0,0,0,0,1,3
"3309",0,0,0,0,0,0,1,3
"3310",0,0,0,0,0,0,1,15
"3311",0,0,0,0,0,0,1,30
"3312",0,0,0,0,0,0,1,2
"3313",0,0,0,0,0,0,1,15
"3314",0,0,0,0,0,0,1,3
"3315",0,0,0,0,0,0,1,2
"3316",0,0,0,0,0,0,1,5
"3317",0,0,0,0,0,0,1,6
"3318",0,0,0,0,0,0,1,16
"3319",0,0,0,0,0,0,1,5
"3320",0,0,0,0,0,0,1,42
"3321",0,0,0,0,0,0,1,13
"3322",0,0,0,0,0,0,1,7
"3323",0,0,0,0,0,0,1,10
"3324",0,0,0,0,0,0,1,4
"3325",0,0,0,0,0,0,1,13
"3326",0,0,0,0,0,0,1,90
"3327",0,0,0,0,0,0,1,12
"3328",0,0,0,0,0,0,1,5
"3329",0,0,0,0,0,0,1,5
"3330",0,0,0,0,0,0,1,7
"3331",0,0,0,0,0,0,1,6
"3332",0,0,0,0,0,0,1,2
"3333",0,0,0,0,0,0,1,30
"3334",0,0,0,0,0,0,1,5
"3335",0,0,0,0,0,0,1,2
"3336",0,0,0,0,0,0,1,37
"3337",0,0,0,0,0,0,1,8
"3338",0,0,0,0,0,0,1,2
"3339",0,0,0,0,0,0,1,60
"3340",0,0,0,0,0,0,1,11
"3341",0,0,0,0,0,0,1,7
"3342",0,0,0,0,0,0,1,13
"3343",0,0,0,0,0,0,1,18
"3344",0,0,0,0,0,0,1,5
"3345",0,0,0,0,0,0,1,7
"3346",0,0,0,0,0,0,1,1
"3347",0,0,0,0,0,0,1,10
"3348",0,0,0,0,0,0,1,5
"3349",0,0,0,0,0,0,1,3
"3350",0,0,0,0,0,0,1,2
"3351",0,0,0,0,0,0,1,85
"3352",0,0,0,0,0,0,1,2
"3353",0,0,0,0,0,0,1,5
"3354",0,0,0,0,0,0,1,4
"3355",0,0,0,0,0,0,1,6
"3356",0,0,0,0,0,0,1,9
"3357",0,0,0,0,0,0,1,3
"3358",0,0,0,0,0,0,1,9
"3359",0,0,0,0,0,0,1,1
"3360",0,0,0,0,0,0,1,30
"3361",0,0,0,0,0,0,1,9
"3362",0,0,0,0,0,0,1,21
"3363",0,0,0,0,0,0,1,4
"3364",0,0,0,0,0,0,1,23
"3365",0,0,0,0,0,0,1,37
"3366",0,0,0,0,0,0,1,1
"3367",0,0,0,0,0,0,1,4
"3368",0,0,0,0,0,0,1,3
"3369",0,0,0,0,0,0,1,7
"3370",0,0,0,0,0,0,1,3
"3371",0,0,0,0,0,0,1,9
"3372",0,0,0,0,0,0,1,14
"3373",0,0,0,0,0,0,1,8
"3374",0,0,0,0,0,0,1,3
"3375",0,0,0,0,0,0,1,7
"3376",0,0,0,0,0,0,1,5
"3377",0,0,0,0,0,0,1,3
"3378",0,0,0,0,0,0,1,7
"3379",0,0,0,0,0,0,1,3
"3380",0,0,0,0,0,0,1,3
"3381",0,0,0,0,0,0,1,2
"3382",0,0,0,0,0,0,1,30
"3383",0,0,0,0,0,0,1,7
"3384",0,0,0,0,0,0,1,4
"3385",0,0,0,0,0,0,1,3
"3386",0,0,0,0,0,0,1,23
"3387",0,0,0,0,0,0,1,1
"3388",0,0,0,0,0,0,1,10
"3389",0,0,0,0,0,0,1,12
"3390",0,0,0,0,0,0,1,5
"3391",0,0,0,0,0,0,1,1
"3392",0,0,0,0,0,0,1,24
"3393",0,0,0,0,0,0,1,3
"3394",0,0,0,0,0,0,1,13
"3395",0,0,0,0,0,0,1,1
"3396",0,0,0,0,0,0,1,2
"3397",0,0,0,0,0,0,1,16
"3398",0,0,0,0,0,0,1,3
"3399",0,0,0,0,0,0,1,8
"3400",0,0,0,0,0,0,1,11
"3401",0,0,0,0,0,0,1,18
"3402",0,0,0,0,0,0,1,3
"3403",0,0,0,0,0,0,1,2
"3404",0,0,0,0,0,0,1,4
"3405",0,0,0,0,0,0,1,15
"3406",0,0,0,0,0,0,1,11
"3407",0,0,0,0,0,0,1,1
"3408",0,0,0,0,0,0,1,18
"3409",0,0,0,0,0,0,1,2
"3410",0,0,0,0,0,0,1,5
"3411",0,0,0,0,0,0,1,2
"3412",0,0,0,0,0,0,1,2
"3413",0,0,0,0,0,0,1,20
"3414",0,0,0,0,0,0,1,14
"3415",0,0,0,0,0,0,1,3
"3416",0,0,0,0,0,0,1,6
"3417",0,0,0,0,0,0,1,7
"3418",0,0,0,0,0,0,1,5
"3419",0,0,0,0,0,0,1,11
"3420",0,0,0,0,0,0,1,3
"3421",0,0,0,0,0,0,1,7
"3422",0,0,0,0,0,0,1,4
"3423",0,0,0,0,0,0,1,2
"3424",0,0,0,0,0,0,1,2
"3425",0,0,0,0,0,0,1,2
"3426",0,0,0,0,0,0,1,23
"3427",0,0,0,0,0,0,1,3
"3428",0,0,0,0,0,0,1,5
"3429",0,0,0,0,0,0,1,3
"3430",0,0,0,0,0,0,1,4
"3431",0,0,0,0,0,0,1,3
"3432",0,0,0,0,0,0,1,30
"3433",0,0,0,0,0,0,1,5
"3434",0,0,0,0,0,0,1,66
"3435",0,0,0,0,0,0,1,3
"3436",0,0,0,0,0,0,1,2
"3437",0,0,0,0,0,0,1,8
"3438",0,0,0,0,0,0,1,6
"3439",0,0,0,0,0,0,1,5
"3440",0,0,0,0,0,0,1,7
"3441",0,0,0,0,0,0,1,8
"3442",0,0,0,0,0,0,1,5
"3443",0,0,0,0,0,0,1,4
"3444",0,0,0,0,0,0,1,33
"3445",0,0,0,0,0,0,1,32
"3446",0,0,0,0,0,0,1,7
"3447",0,0,0,0,0,0,1,5
"3448",0,0,0,0,0,0,1,4
"3449",0,0,0,0,0,0,1,14
"3450",0,0,0,0,0,0,1,8
"3451",0,0,0,0,0,0,1,3
"3452",0,0,0,0,0,0,1,2
"3453",0,0,0,0,0,0,1,3
"3454",0,0,0,0,0,0,1,3
"3455",0,0,0,0,0,0,1,16
"3456",0,0,0,0,0,0,1,6
"3457",0,0,0,0,0,0,1,3
"3458",0,0,0,0,0,0,1,2
"3459",0,0,0,0,0,0,1,2
"3460",0,0,0,0,0,0,1,4
"3461",0,0,0,0,0,0,1,24
"3462",0,0,0,0,0,0,1,2
"3463",0,0,0,0,0,0,1,2
"3464",0,0,0,0,0,0,1,51
"3465",0,0,0,0,0,0,1,3
"3466",0,0,0,0,0,0,1,3
"3467",0,0,0,0,0,0,1,49
"3468",0,0,0,0,0,0,1,6
"3469",0,0,0,0,0,0,1,15
"3470",0,0,0,0,0,0,1,6
"3471",0,0,0,0,0,0,1,7
"3472",0,0,0,0,0,0,1,6
"3473",0,0,0,0,0,0,1,2
"3474",0,0,0,0,0,0,1,15
"3475",0,0,0,0,0,0,1,5
"3476",0,0,0,0,0,0,1,1
"3477",0,0,0,0,0,0,1,7
"3478",0,0,0,0,0,0,1,3
"3479",0,0,0,0,0,0,1,19
"3480",0,0,0,0,0,0,1,3
"3481",0,0,0,0,0,0,1,3
"3482",0,0,0,0,0,0,1,3
"3483",0,0,0,0,0,0,1,5
"3484",0,0,0,0,0,0,1,5
"3485",0,0,0,0,0,0,1,10
"3486",0,0,0,0,0,0,1,12
"3487",0,0,0,0,0,0,1,12
"3488",0,0,0,0,0,0,1,10
"3489",0,0,0,0,0,0,1,7
"3490",0,0,0,0,0,0,1,4
"3491",0,0,0,0,0,0,1,6
"3492",0,0,0,0,0,0,1,3
"3493",0,0,0,0,0,0,1,2
"3494",0,0,0,0,0,0,1,2
"3495",0,0,0,0,0,0,1,7
"3496",0,0,0,0,0,0,1,3
"3497",0,0,0,0,0,0,1,21
"3498",0,0,0,0,0,0,1,6
"3499",0,0,0,0,0,0,1,3
"3500",0,0,0,0,0,0,1,26
"3501",0,0,0,0,0,0,1,8
"3502",0,0,0,0,0,0,1,3
"3503",0,0,0,0,0,0,1,6
"3504",0,0,0,0,0,0,1,4
"3505",0,0,0,0,0,0,1,5
"3506",0,0,0,0,0,0,1,1
"3507",0,0,0,0,0,0,1,15
"3508",0,0,0,0,0,0,1,10
"3509",0,0,0,0,0,0,1,4
"3510",0,0,0,0,0,0,1,7
"3511",0,0,0,0,0,0,1,5
"3512",0,0,0,0,0,0,1,10
"3513",0,0,0,0,0,0,1,30
"3514",0,0,0,0,0,0,1,4
"3515",0,0,0,0,0,0,1,24
"3516",0,0,0,0,0,0,1,4
"3517",0,0,0,0,0,0,1,5
"3518",0,0,0,0,0,0,1,37
"3519",0,0,0,0,0,0,1,1
"3520",0,0,0,0,0,0,1,7
"3521",0,0,0,0,0,0,1,13
"3522",0,0,0,0,0,0,1,3
"3523",0,0,0,0,0,0,1,4
"3524",0,0,0,0,0,0,1,5
"3525",0,0,0,0,0,0,1,2
"3526",0,0,0,0,0,0,1,120
"3527",0,0,0,0,0,0,1,8
"3528",0,0,0,0,0,0,1,5
"3529",0,0,0,0,0,0,1,5
"3530",0,0,0,0,0,0,1,3
"3531",0,0,0,0,0,0,1,4
"3532",0,0,0,0,0,0,1,3
"3533",0,0,0,0,0,0,1,3
"3534",0,0,0,0,0,0,1,5
"3535",0,0,0,0,0,0,1,9
"3536",0,0,0,0,0,0,1,6
"3537",0,0,0,0,0,0,1,3
"3538",0,0,0,0,0,0,1,2
"3539",0,0,0,0,0,0,1,2
"3540",0,0,0,0,0,0,1,4
"3541",0,0,0,0,0,0,1,16
"3542",0,0,0,0,0,0,1,3
"3543",0,0,0,0,0,0,1,12
"3544",0,0,0,0,0,0,1,2
"3545",0,0,0,0,0,0,1,13
"3546",0,0,0,0,0,0,1,36
"3547",0,0,0,0,0,0,1,1
"3548",0,0,0,0,0,0,1,2
"3549",0,0,0,0,0,0,1,18
"3550",0,0,0,0,0,0,1,8
"3551",0,0,0,0,0,0,1,8
"3552",0,0,0,0,0,0,1,10
"3553",0,0,0,0,0,0,1,7
"3554",0,0,0,0,0,0,1,7
"3555",0,0,0,0,0,0,1,6
"3556",0,0,0,0,0,0,1,4
"3557",0,0,0,0,0,0,1,10
"3558",0,0,0,0,0,0,1,3
"3559",0,0,0,0,0,0,1,4
"3560",0,0,0,0,0,0,1,3
"3561",0,0,0,0,0,0,1,2
"3562",0,0,0,0,0,0,1,3
"3563",0,0,0,0,0,0,1,9
"3564",0,0,0,0,0,0,1,3
"3565",0,0,0,0,0,0,1,5
"3566",0,0,0,0,0,0,1,4
"3567",0,0,0,0,0,0,1,7
"3568",0,0,0,0,0,0,1,90
"3569",0,0,0,0,0,0,1,2
"3570",0,0,0,0,0,0,1,2
"3571",0,0,0,0,0,0,1,4
"3572",0,0,0,0,0,0,1,5
"3573",0,0,0,0,0,0,1,7
"3574",0,0,0,0,0,0,1,18
"3575",0,0,0,0,0,0,1,30
"3576",0,0,0,0,0,0,1,7
"3577",0,0,0,0,0,0,1,8
"3578",0,0,0,0,0,0,1,12
"3579",0,0,0,0,0,0,1,3
"3580",0,0,0,0,0,0,1,4
"3581",0,0,0,0,0,0,1,4
"3582",0,0,0,0,0,0,1,3
"3583",0,0,0,0,0,0,1,2
"3584",0,0,0,0,0,0,1,14
"3585",0,0,0,0,0,0,1,4
"3586",0,0,0,0,0,0,1,3
"3587",0,0,0,0,0,0,1,18
"3588",0,0,0,0,0,0,1,3
"3589",0,0,0,0,0,0,1,10
"3590",0,0,0,0,0,0,1,7
"3591",0,0,0,0,0,0,1,7
"3592",0,0,0,0,0,0,1,1
